candidate_id,constituency_name,constituency_no,district_name,candidate_name,party_name,party_code,alliance,gender,age,education,criminal_cases,serious_cases,assets_declared,liabilities,votes_received,vote_share_pct,winner,margin,deposit_forfeited,source_url
29512,GUMMIDIPUNDI,1,TIRUVALLUR,Sudhakar.V,AIADMK,AIADMK,,M,40,12th Grade (HSC / +2),0,0,56200000,,,,False,,False,
29515,GUMMIDIPUNDI,1,TIRUVALLUR,Sdk Sankar,AJPK,AJPK,,M,46,Bachelor's Degree,0,0,,,,,False,,False,
29513,GUMMIDIPUNDI,1,TIRUVALLUR,M.Jagadeesan,BSP,BSP,OTHERS,M,34,Bachelor's Degree,0,0,1240000,,,,False,,False,
29511,GUMMIDIPUNDI,1,TIRUVALLUR,T.J.Govindarajan,DMK,DMK,INDIA,M,65,10th Grade (SSLC),0,0,75700000,,,,False,,False,
29521,GUMMIDIPUNDI,1,TIRUVALLUR,A.H.Siva Ganesh,IND,IND,NONE,M,43,Master's Degree,0,0,68000000,,,,False,,False,
29524,GUMMIDIPUNDI,1,TIRUVALLUR,D.Dinesh,IND,IND,NONE,M,42,Master's Degree,0,0,26200000,,,,False,,False,
29522,GUMMIDIPUNDI,1,TIRUVALLUR,D.Sudhakar,IND,IND,NONE,M,35,5th Grade,0,0,521,,,,False,,False,
29525,GUMMIDIPUNDI,1,TIRUVALLUR,G.Ranjith,IND,IND,NONE,M,25,Bachelor's Degree,0,0,467000,,,,False,,False,
29519,GUMMIDIPUNDI,1,TIRUVALLUR,Gopal.K,IND,IND,NONE,M,63,10th Grade (SSLC),0,0,7162000,,,,False,,False,
29518,GUMMIDIPUNDI,1,TIRUVALLUR,M.Kumaran,IND,IND,NONE,M,44,Bachelor's Degree,0,0,235000,,,,False,,False,
29520,GUMMIDIPUNDI,1,TIRUVALLUR,T.Govindan,IND,IND,NONE,M,43,10th Grade (SSLC),0,0,1746000,,,,False,,False,
29523,GUMMIDIPUNDI,1,TIRUVALLUR,V.Sudhakar,IND,IND,NONE,M,40,8th Grade,0,0,35400,,,,False,,False,
29514,GUMMIDIPUNDI,1,TIRUVALLUR,R.Sridar. B.L,NTK,NTK,NTK,M,54,Bachelor's Degree,0,0,11000000,,,,False,,False,
29517,GUMMIDIPUNDI,1,TIRUVALLUR,S.Vijayakumar,Tamilaga Vettri Kazhagam,TVK,TVK,M,56,Bachelor's Degree,0,0,11500000,,,,False,,False,
29516,GUMMIDIPUNDI,1,TIRUVALLUR,K.Chandra Sekar,VTVTK,VTVTK,,M,51,Not Specified,0,0,606000,,,,False,,False,
29528,PONNERI,2,TIRUVALLUR,Balaraman.P,AIADMK,AIADMK,,M,64,Master's Degree,0,0,18900000,,,,False,,False,
29527,PONNERI,2,TIRUVALLUR,Santhoshkumar.J,BSP,BSP,OTHERS,M,46,Master's Degree,0,0,2265000,,,,False,,False,
29530,PONNERI,2,TIRUVALLUR,Ashok Priyadarshan,DMSK,DMSK,OTHERS,M,47,Master's Degree,0,0,30000,,,,False,,False,
29526,PONNERI,2,TIRUVALLUR,Durai Chandrasekar,INC,INC,INDIA,M,53,Bachelor's Degree,0,0,14200000,,,,False,,False,
29536,PONNERI,2,TIRUVALLUR,Barathiraja.K,IND,IND,NONE,M,39,10th Grade (SSLC),0,0,757000,,,,False,,False,
29535,PONNERI,2,TIRUVALLUR,Nagaiyan.G,IND,IND,NONE,M,48,10th Grade (SSLC),0,0,5172000,,,,False,,False,
29537,PONNERI,2,TIRUVALLUR,Rajasekar.J,IND,IND,NONE,M,36,Bachelor's Degree,0,0,339000,,,,False,,False,
29538,PONNERI,2,TIRUVALLUR,Venkatesan.S,IND,IND,NONE,M,43,Not Specified,0,0,4338,,,,False,,False,
29529,PONNERI,2,TIRUVALLUR,Rajathi.M,NTK,NTK,NTK,F,34,Bachelor's Degree,0,0,1600000,,,,False,,False,
29532,PONNERI,2,TIRUVALLUR,Kotteeswaran. K,TAVK,TAVK,OTHERS,M,44,10th Grade (SSLC),0,0,44370,,,,False,,False,
29533,PONNERI,2,TIRUVALLUR,Malathi.S,TMMK,TMMK,OTHERS,F,28,12th Grade (HSC / +2),0,0,725000,,,,False,,False,
29534,PONNERI,2,TIRUVALLUR,Dr.Ravi.M.S,Tamilaga Vettri Kazhagam,TVK,TVK,M,67,Not Specified,0,0,50400000,,,,False,,False,
29531,PONNERI,2,TIRUVALLUR,Raja.S,VBA,VBA,,M,46,Doctorate (Ph.D / MD),0,0,6971000,,,,False,,False,
29539,TIRUTTANI,3,TIRUVALLUR,G.Hari,AIADMK,AIADMK,,M,65,Master's Degree,0,0,7753000,,,,False,,False,
29542,TIRUTTANI,3,TIRUVALLUR,Muthuraj.G,BSP,BSP,OTHERS,M,56,Not Specified,0,0,21200,,,,False,,False,
29540,TIRUTTANI,3,TIRUVALLUR,D.Krishnamurthy,DMDK,DMDK,NDA,M,63,10th Grade (SSLC),0,0,42700000,,,,False,,False,
29550,TIRUTTANI,3,TIRUVALLUR,Dr.A.V.Narendran,IND,IND,NONE,M,43,Not Specified,0,0,1620000,,,,False,,False,
29551,TIRUTTANI,3,TIRUVALLUR,Jambu.B,IND,IND,NONE,M,35,Bachelor's Degree,0,0,25000,,,,False,,False,
29547,TIRUTTANI,3,TIRUVALLUR,Krishnamoorthy.D,IND,IND,NONE,M,45,12th Grade (HSC / +2),0,0,2004,,,,False,,False,
29546,TIRUTTANI,3,TIRUVALLUR,Krishnamoorthy.K,IND,IND,NONE,M,29,Not Specified,0,0,773,,,,False,,False,
29548,TIRUTTANI,3,TIRUVALLUR,Krishnamoorthy.M,IND,IND,NONE,M,52,Bachelor's Degree,0,0,1521,,,,False,,False,
29549,TIRUTTANI,3,TIRUVALLUR,Shettu.S,IND,IND,NONE,M,57,Bachelor's Degree,0,0,50000,,,,False,,False,
29541,TIRUTTANI,3,TIRUVALLUR,Chandran .S.S,NTK,NTK,NTK,M,27,Bachelor's Degree,0,0,7801000,,,,False,,False,
29545,TIRUTTANI,3,TIRUVALLUR,Pavendhan.Y.R,TAVK,TAVK,OTHERS,M,47,Master's Degree,0,0,30000,,,,False,,False,
29544,TIRUTTANI,3,TIRUVALLUR,Balaji.A,TK,TK,,M,37,Bachelor's Degree,0,0,208000,,,,False,,False,
29543,TIRUTTANI,3,TIRUVALLUR,M.Sathya Kumar,Tamilaga Vettri Kazhagam,TVK,TVK,M,38,Not Specified,0,0,43400000,,,,False,,False,
29554,THIRUVALLUR,4,TIRUVALLUR,Be Vee Ramanah,AIADMK,AIADMK,,M,58,Not Specified,0,0,68400000,,,,False,,False,
29559,THIRUVALLUR,4,TIRUVALLUR,N.Venkatesan,AJPK,AJPK,,M,50,Bachelor's Degree,0,0,6617000,,,,False,,False,
29555,THIRUVALLUR,4,TIRUVALLUR,B.Rajesh Kumar,BSP,BSP,OTHERS,M,42,Bachelor's Degree,0,0,100000,,,,False,,False,
29552,THIRUVALLUR,4,TIRUVALLUR,V.G.Raajendran,DMK,DMK,INDIA,M,58,Diploma / ITI,0,0,1272100000,,,,False,,False,
29560,THIRUVALLUR,4,TIRUVALLUR,E.Kothandan,IND,IND,NONE,M,38,Master's Degree,0,0,228000,,,,False,,False,
29564,THIRUVALLUR,4,TIRUVALLUR,G.Rajendiran,IND,IND,NONE,M,59,Master's Degree,0,0,639000,,,,False,,False,
29562,THIRUVALLUR,4,TIRUVALLUR,N.Balakrishnan,IND,IND,NONE,M,49,8th Grade,0,0,724000,,,,False,,False,
29561,THIRUVALLUR,4,TIRUVALLUR,N.Nagendrababu,IND,IND,NONE,M,30,Bachelor's Degree,0,0,4509000,,,,False,,False,
29563,THIRUVALLUR,4,TIRUVALLUR,R.Ramanan,IND,IND,NONE,M,56,HSE,0,0,1890000,,,,False,,False,
29565,THIRUVALLUR,4,TIRUVALLUR,S.Rajendran,IND,IND,NONE,M,62,5th Grade,0,0,816000,,,,False,,False,
29553,THIRUVALLUR,4,TIRUVALLUR,K.Senthilkumar,NTK,NTK,NTK,M,47,9th Grade,0,0,13500,,,,False,,False,
29557,THIRUVALLUR,4,TIRUVALLUR,E.Mani,RPI (A),RPI (A),,M,68,Master's Degree,0,0,41247,,,,False,,False,
29558,THIRUVALLUR,4,TIRUVALLUR,E.Rajarathinam,TAVK,TAVK,OTHERS,M,45,Not Specified,0,0,,,,,False,,False,
29556,THIRUVALLUR,4,TIRUVALLUR,Dr. T.Arunkumar,Tamilaga Vettri Kazhagam,TVK,TVK,M,49,Master's Degree,0,0,10900000,,,,False,,False,
29569,POONAMALLEE,5,TIRUVALLUR,Elumalai.T.A,AMMK,AMMK,OTHERS,M,62,Bachelor's Degree,0,0,8172000,,,,False,,False,
29568,POONAMALLEE,5,TIRUVALLUR,Rajasekaran.K,BSP,BSP,OTHERS,M,33,12th Grade (HSC / +2),0,0,611000,,,,False,,False,
29566,POONAMALLEE,5,TIRUVALLUR,Krishnaswamy.A,DMK,DMK,INDIA,M,60,Bachelor's Degree,0,0,102500000,,,,False,,False,
29572,POONAMALLEE,5,TIRUVALLUR,Dhasarathan.R,IND,IND,NONE,M,58,6th Grade,0,0,26030,,,,False,,False,
29576,POONAMALLEE,5,TIRUVALLUR,Dr.Jayanthi.R,IND,IND,NONE,F,50,Doctorate (Ph.D / MD),0,0,1095000,,,,False,,False,
29573,POONAMALLEE,5,TIRUVALLUR,Purushothaman.B,IND,IND,NONE,M,56,10th Grade (SSLC),0,0,16600,,,,False,,False,
29574,POONAMALLEE,5,TIRUVALLUR,Ravikumar.M,IND,IND,NONE,M,37,9th Grade,0,0,370000,,,,False,,False,
29571,POONAMALLEE,5,TIRUVALLUR,Sivakumar.S,IND,IND,NONE,M,56,Bachelor's Degree,0,0,41000,,,,False,,False,
29575,POONAMALLEE,5,TIRUVALLUR,Velu.S,IND,IND,NONE,M,49,Bachelor's Degree,0,0,41555,,,,False,,False,
29567,POONAMALLEE,5,TIRUVALLUR,Mekala.J,NTK,NTK,NTK,F,45,Not Specified,0,0,753000,,,,False,,False,
29570,POONAMALLEE,5,TIRUVALLUR,Prakasam.R,Tamilaga Vettri Kazhagam,TVK,TVK,M,44,10th Grade (SSLC),0,0,75000,,,,False,,False,
29582,AVADI,6,TIRUVALLUR,C.S.Karnan,ACDP,ACDP,,M,70,Not Specified,0,0,,,,,False,,False,
29584,AVADI,6,TIRUVALLUR,R.Bakthavatchalam,AIPTMMK,AIPTMMK,,M,39,12th Grade (HSC / +2),0,0,,,,,False,,False,
29583,AVADI,6,TIRUVALLUR,Senthilkumar. S,APTADMK,APTADMK,,M,51,Diploma / ITI,0,0,30000,,,,False,,False,
29580,AVADI,6,TIRUVALLUR,Rajasimha Mahendra,BJP,BJP,NDA,M,49,12th Grade (HSC / +2),0,0,5944000,,,,False,,False,
29577,AVADI,6,TIRUVALLUR,S.Charles,BSP,BSP,OTHERS,M,45,12th Grade (HSC / +2),0,0,73000,,,,False,,False,
29578,AVADI,6,TIRUVALLUR,S.M.Nasar,DMK,DMK,INDIA,M,66,10th Grade (SSLC),0,0,20800000,,,,False,,False,
29588,AVADI,6,TIRUVALLUR,G.D.Arunkumar,IND,IND,NONE,M,30,Bachelor's Degree,0,0,667000,,,,False,,False,
29587,AVADI,6,TIRUVALLUR,K.Annamalai,IND,IND,NONE,M,52,10th Grade (SSLC),0,0,720000,,,,False,,False,
29593,AVADI,6,TIRUVALLUR,K.Balakrishnan,IND,IND,NONE,M,47,Bachelor's Degree,0,0,153000,,,,False,,False,
29589,AVADI,6,TIRUVALLUR,M.Erajasimman,IND,IND,NONE,M,42,Bachelor's Degree,0,0,842000,,,,False,,False,
29592,AVADI,6,TIRUVALLUR,P.Chellapandian,IND,IND,NONE,M,58,Bachelor's Degree,0,0,573000,,,,False,,False,
29590,AVADI,6,TIRUVALLUR,R.Kumar,IND,IND,NONE,M,49,Not Specified,0,0,1219000,,,,False,,False,
29594,AVADI,6,TIRUVALLUR,R.Manikandan,IND,IND,NONE,M,34,Master's Degree,0,0,648000,,,,False,,False,
29596,AVADI,6,TIRUVALLUR,Rajasekar. R,IND,IND,NONE,M,27,Bachelor's Degree,0,0,651000,,,,False,,False,
29591,AVADI,6,TIRUVALLUR,S.Senthilkumar,IND,IND,NONE,M,48,Bachelor's Degree,0,0,2687000,,,,False,,False,
29595,AVADI,6,TIRUVALLUR,Uniesh Raj. M,IND,IND,NONE,M,29,Master's Degree,0,0,762000,,,,False,,False,
29579,AVADI,6,TIRUVALLUR,Punitha Shanmugam,NTK,NTK,NTK,F,32,Doctorate (Ph.D / MD),0,0,1239000,,,,False,,False,
29586,AVADI,6,TIRUVALLUR,P.Jayakumar,SMNK,SMNK,,M,50,Not Specified,0,0,3347000,,,,False,,False,
29581,AVADI,6,TIRUVALLUR,R.Edmund Jayendren,TAVK,TAVK,OTHERS,M,53,Bachelor's Degree,0,0,13100000,,,,False,,False,
29585,AVADI,6,TIRUVALLUR,R.Ramesh Kumar,Tamilaga Vettri Kazhagam,TVK,TVK,M,60,Bachelor's Degree,0,0,27900000,,,,False,,False,
29598,MADURAVOYAL,7,TIRUVALLUR,P.Benjamin,AIADMK,AIADMK,,M,56,Bachelor's Degree,0,0,20000000,,,,False,,False,
29605,MADURAVOYAL,7,TIRUVALLUR,J.Venkatesan,AIPTMMK,AIPTMMK,,M,51,10th Grade (SSLC),0,0,1340000,,,,False,,False,
29601,MADURAVOYAL,7,TIRUVALLUR,Muthuraman. S,AMGRDMAK,AMGRDMAK,,M,57,12th Grade (HSC / +2),0,0,1950000,,,,False,,False,
29597,MADURAVOYAL,7,TIRUVALLUR,Ganapathy. K,DMK,DMK,INDIA,M,67,8th Grade,0,0,1066000,,,,False,,False,
29606,MADURAVOYAL,7,TIRUVALLUR,D.Anandan,IND,IND,NONE,M,52,Bachelor's Degree,0,0,1147000,,,,False,,False,
29607,MADURAVOYAL,7,TIRUVALLUR,K.Ganapathy,IND,IND,NONE,M,39,9th Grade,0,0,,,,,False,,False,
29611,MADURAVOYAL,7,TIRUVALLUR,M.Balasubramanian,IND,IND,NONE,M,50,Master's Degree,0,0,7254000,,,,False,,False,
29617,MADURAVOYAL,7,TIRUVALLUR,M.James,IND,IND,NONE,M,59,10th Grade (SSLC),0,0,263000,,,,False,,False,
29614,MADURAVOYAL,7,TIRUVALLUR,N.A.Mani,IND,IND,NONE,M,30,Bachelor's Degree,0,0,1636000,,,,False,,False,
29613,MADURAVOYAL,7,TIRUVALLUR,Ponmuthu Ramesh,IND,IND,NONE,M,62,9th Grade,0,0,14729,,,,False,,False,
29610,MADURAVOYAL,7,TIRUVALLUR,R.Siva,IND,IND,NONE,M,34,Not Specified,0,0,,,,,False,,False,
29615,MADURAVOYAL,7,TIRUVALLUR,R.Yuvaraj,IND,IND,NONE,M,27,Bachelor's Degree,0,0,26092,,,,False,,False,
29612,MADURAVOYAL,7,TIRUVALLUR,S.Benjamin Moses,IND,IND,NONE,M,38,Master's Degree,0,0,10000,,,,False,,False,
29609,MADURAVOYAL,7,TIRUVALLUR,Saravanan Kumar,IND,IND,NONE,M,39,Doctorate (Ph.D / MD),0,0,31700000,,,,False,,False,
29608,MADURAVOYAL,7,TIRUVALLUR,V.Kamala Kannan,IND,IND,NONE,M,36,8th Grade,0,0,241000,,,,False,,False,
29616,MADURAVOYAL,7,TIRUVALLUR,Vignesh Nandagopal,IND,IND,NONE,M,31,Master's Degree,0,0,2306000,,,,False,,False,
29602,MADURAVOYAL,7,TIRUVALLUR,Murali. S,NIP,NIP,,M,31,12th Grade (HSC / +2),0,0,137000,,,,False,,False,
29600,MADURAVOYAL,7,TIRUVALLUR,Agni Selvaraju. J,NMK,NMK,OTHERS,M,43,Master's Degree,0,0,4405000,,,,False,,False,
29599,MADURAVOYAL,7,TIRUVALLUR,Revathi L,NTK,NTK,NTK,F,32,10th Grade (SSLC),0,0,723000,,,,False,,False,
29603,MADURAVOYAL,7,TIRUVALLUR,Rhevanth Charan,Tamilaga Vettri Kazhagam,TVK,TVK,M,30,Not Specified,0,0,70200000,,,,False,,False,
29604,MADURAVOYAL,7,TIRUVALLUR,K.Venkatesan,VTVTK,VTVTK,,M,49,Not Specified,0,0,810000,,,,False,,False,
29619,AMBATTUR,8,TIRUVALLUR,Dr. J.Sailas,BSP,BSP,OTHERS,F,42,Bachelor's Degree,0,0,1733000,,,,False,,False,
29620,AMBATTUR,8,TIRUVALLUR,Dr A.P.Poornima,DMK,DMK,INDIA,F,33,Not Specified,0,0,17200000,,,,False,,False,
29637,AMBATTUR,8,TIRUVALLUR,D.K.Meshack Kirubakaran,IND,IND,NONE,M,38,Bachelor's Degree,0,0,107000,,,,False,,False,
29635,AMBATTUR,8,TIRUVALLUR,D.Pushpa,IND,IND,NONE,F,50,7th Grade,0,0,2026000,,,,False,,False,
29634,AMBATTUR,8,TIRUVALLUR,Dr. S.Praveen,IND,IND,NONE,M,37,Master's Degree,0,0,45100000,,,,False,,False,
29631,AMBATTUR,8,TIRUVALLUR,G.P.Sekar,IND,IND,NONE,M,61,4th Grade,0,0,146,,,,False,,False,
29629,AMBATTUR,8,TIRUVALLUR,G.Sampath,IND,IND,NONE,M,65,Bachelor's Degree,0,0,,,,,False,,False,
29640,AMBATTUR,8,TIRUVALLUR,Jothi.M,IND,IND,NONE,F,41,10th Grade (SSLC),0,0,735000,,,,False,,False,
29630,AMBATTUR,8,TIRUVALLUR,K.Sekar,IND,IND,NONE,M,55,8th Grade,0,0,424,,,,False,,False,
29627,AMBATTUR,8,TIRUVALLUR,M.S.Arumugam,IND,IND,NONE,M,61,6th Grade,0,0,662,,,,False,,False,
29628,AMBATTUR,8,TIRUVALLUR,P.Arumugam,IND,IND,NONE,M,50,Bachelor's Degree,0,0,256,,,,False,,False,
29632,AMBATTUR,8,TIRUVALLUR,Palani,IND,IND,NONE,M,46,Diploma / ITI,0,0,3013000,,,,False,,False,
29633,AMBATTUR,8,TIRUVALLUR,R.Balamurugan,IND,IND,NONE,M,49,10th Grade (SSLC),0,0,139000,,,,False,,False,
29639,AMBATTUR,8,TIRUVALLUR,S.Janarthanan,IND,IND,NONE,M,32,Bachelor's Degree,0,0,1192000,,,,False,,False,
29636,AMBATTUR,8,TIRUVALLUR,S.Madhavan,IND,IND,NONE,M,28,Bachelor's Degree,0,0,628000,,,,False,,False,
29638,AMBATTUR,8,TIRUVALLUR,Vinayagamoorthy.R,IND,IND,NONE,M,35,12th Grade (HSC / +2),0,0,4270000,,,,False,,False,
29624,AMBATTUR,8,TIRUVALLUR,V.Ramkumar,ISP,ISP,,M,52,Bachelor's Degree,0,0,944000,,,,False,,False,
29626,AMBATTUR,8,TIRUVALLUR,D.Jeyaganesh,NIP,NIP,,M,46,10th Grade (SSLC),0,0,8019000,,,,False,,False,
29621,AMBATTUR,8,TIRUVALLUR,A.Kalyanasundaram,NJP,NJP,,M,70,10th Grade (SSLC),0,0,630000,,,,False,,False,
29618,AMBATTUR,8,TIRUVALLUR,Silambarasan,NTK,NTK,NTK,M,35,Bachelor's Degree,0,0,87340,,,,False,,False,
29622,AMBATTUR,8,TIRUVALLUR,K.N.Sekar,PMK,PMK,NDA,M,55,8th Grade,0,0,144100000,,,,False,,False,
29625,AMBATTUR,8,TIRUVALLUR,Rajkumar,TAVK,TAVK,OTHERS,M,30,9th Grade,0,0,,,,,False,,False,
29623,AMBATTUR,8,TIRUVALLUR,Balamurugan.G,Tamilaga Vettri Kazhagam,TVK,TVK,M,44,Diploma / ITI,0,0,11700000,,,,False,,False,
29643,MADAVARAM,9,TIRUVALLUR,Madhavaram V.Moorthy,AIADMK,AIADMK,,M,67,Bachelor's Degree,0,0,1603000,,,,False,,False,
29644,MADAVARAM,9,TIRUVALLUR,N.Janakiraman,BSP,BSP,OTHERS,M,53,Bachelor's Degree,0,0,705000,,,,False,,False,
29642,MADAVARAM,9,TIRUVALLUR,S.Sudharsanam,DMK,DMK,INDIA,M,67,Bachelor's Degree,0,0,432000000,,,,False,,False,
29650,MADAVARAM,9,TIRUVALLUR,A.Nagarajan,IND,IND,NONE,M,39,Not Specified,0,0,3000,,,,False,,False,
29653,MADAVARAM,9,TIRUVALLUR,A.Ponnalagan,IND,IND,NONE,M,60,Not Specified,0,0,24000,,,,False,,False,
29654,MADAVARAM,9,TIRUVALLUR,C.Moorthy,IND,IND,NONE,M,42,Not Specified,0,0,11500,,,,False,,False,
29652,MADAVARAM,9,TIRUVALLUR,G.Prabu,IND,IND,NONE,M,40,Diploma / ITI,0,0,4000,,,,False,,False,
29651,MADAVARAM,9,TIRUVALLUR,R.S.Balaji,IND,IND,NONE,M,53,Diploma / ITI,0,0,545000,,,,False,,False,
29648,MADAVARAM,9,TIRUVALLUR,S.Sivakumar,IND,IND,NONE,M,54,Bachelor's Degree,0,0,719000,,,,False,,False,
29649,MADAVARAM,9,TIRUVALLUR,Sudarsanam,IND,IND,NONE,M,67,Not Specified,0,0,349000,,,,False,,False,
29655,MADAVARAM,9,TIRUVALLUR,V.Murthy,IND,IND,NONE,M,56,Not Specified,0,0,4000,,,,False,,False,
29646,MADAVARAM,9,TIRUVALLUR,I.Raffik,NMK,NMK,OTHERS,M,40,Bachelor's Degree,0,0,108000,,,,False,,False,
29641,MADAVARAM,9,TIRUVALLUR,E.Krithika,NTK,NTK,NTK,F,28,Bachelor's Degree,0,0,4088000,,,,False,,False,
29645,MADAVARAM,9,TIRUVALLUR,R.Karthikeyan,TAVK,TAVK,OTHERS,M,51,Bachelor's Degree,0,0,640000,,,,False,,False,
29647,MADAVARAM,9,TIRUVALLUR,M.L.Vijayprabhu,Tamilaga Vettri Kazhagam,TVK,TVK,M,37,Bachelor's Degree,0,0,5526000,,,,False,,False,
29656,THIRUVOTTIYUR,10,TIRUVALLUR,Kuppan. K,AIADMK,AIADMK,,M,72,Bachelor's Degree,0,0,13300000,,,,False,,False,
29659,THIRUVOTTIYUR,10,TIRUVALLUR,Mahendra Kumar. D,BSP,BSP,OTHERS,M,46,10th Grade (SSLC),0,0,128000,,,,False,,False,
29658,THIRUVOTTIYUR,10,TIRUVALLUR,Sundararaj. L,CPI(M),CPI(M),,M,59,10th Grade (SSLC),0,0,8161000,,,,False,,False,
29662,THIRUVOTTIYUR,10,TIRUVALLUR,Dilli Kumar. R,DMA,DMA,,M,41,10th Grade (SSLC),0,0,,,,,False,,False,
29664,THIRUVOTTIYUR,10,TIRUVALLUR,Aravind. R,IND,IND,NONE,M,32,Bachelor's Degree,0,0,2000,,,,False,,False,
29667,THIRUVOTTIYUR,10,TIRUVALLUR,Balaruban,IND,IND,NONE,M,32,Bachelor's Degree,0,0,,,,,False,,False,
29665,THIRUVOTTIYUR,10,TIRUVALLUR,Gopi. K,IND,IND,NONE,M,36,Bachelor's Degree,0,0,169000,,,,False,,False,
29670,THIRUVOTTIYUR,10,TIRUVALLUR,Janagaraj,IND,IND,NONE,M,46,8th Grade,0,0,4000000,,,,False,,False,
29668,THIRUVOTTIYUR,10,TIRUVALLUR,Michaelraj. M.A,IND,IND,NONE,M,57,Bachelor's Degree,0,0,124400000,,,,False,,False,
29666,THIRUVOTTIYUR,10,TIRUVALLUR,Thanikasalam. B,IND,IND,NONE,M,46,Diploma / ITI,0,0,10000,,,,False,,False,
29669,THIRUVOTTIYUR,10,TIRUVALLUR,Vijay. A,IND,IND,NONE,M,31,12th Grade (HSC / +2),0,0,18043,,,,False,,False,
29657,THIRUVOTTIYUR,10,TIRUVALLUR,Sathya. B,NTK,NTK,NTK,F,40,10th Grade (SSLC),0,0,16900000,,,,False,,False,
29663,THIRUVOTTIYUR,10,TIRUVALLUR,Venkataramanan. J,TAVK,TAVK,OTHERS,M,28,Bachelor's Degree,0,0,245000,,,,False,,False,
29661,THIRUVOTTIYUR,10,TIRUVALLUR,Senthil Kumar. N,Tamilaga Vettri Kazhagam,TVK,TVK,M,46,Bachelor's Degree,0,0,8321000,,,,False,,False,
29660,THIRUVOTTIYUR,10,TIRUVALLUR,Sasirekha. M,VTVTK,VTVTK,,F,55,10th Grade (SSLC),0,0,35000,,,,False,,False,
29671,DR. RADHAKRISHNAN NAGAR,11,CHENNAI,R.S.Raajesh,AIADMK,AIADMK,,M,54,Diploma / ITI,0,0,76700000,,,,False,,False,
29673,DR. RADHAKRISHNAN NAGAR,11,CHENNAI,J.John Ebenezer,DMK,DMK,INDIA,M,50,Master's Degree,0,0,11600000,,,,False,,False,
29683,DR. RADHAKRISHNAN NAGAR,11,CHENNAI,A.Usha,IND,IND,NONE,F,38,10th Grade (SSLC),0,0,1055000,,,,False,,False,
29705,DR. RADHAKRISHNAN NAGAR,11,CHENNAI,A.Vijay,IND,IND,NONE,M,42,Not Specified,0,0,,,,,False,,False,
29680,DR. RADHAKRISHNAN NAGAR,11,CHENNAI,Amudha.N,IND,IND,NONE,F,43,10th Grade (SSLC),0,0,640000,,,,False,,False,
29707,DR. RADHAKRISHNAN NAGAR,11,CHENNAI,C.Janarthanan,IND,IND,NONE,M,33,Bachelor's Degree,0,0,190,,,,False,,False,
29703,DR. RADHAKRISHNAN NAGAR,11,CHENNAI,C.Rajamanickam,IND,IND,NONE,M,65,Master's Degree,0,0,6914000,,,,False,,False,
29681,DR. RADHAKRISHNAN NAGAR,11,CHENNAI,D.Ajith Kumar,IND,IND,NONE,M,26,Not Specified,0,0,,,,,False,,False,
29708,DR. RADHAKRISHNAN NAGAR,11,CHENNAI,D.Janarthanan,IND,IND,NONE,M,43,Diploma / ITI,0,0,466,,,,False,,False,
29694,DR. RADHAKRISHNAN NAGAR,11,CHENNAI,D.Prabhu,IND,IND,NONE,M,37,Bachelor's Degree,0,0,622000,,,,False,,False,
29695,DR. RADHAKRISHNAN NAGAR,11,CHENNAI,G.Bothi Rajan,IND,IND,NONE,M,45,Not Specified,0,0,,,,,False,,False,
29697,DR. RADHAKRISHNAN NAGAR,11,CHENNAI,G.Madhan Kumar,IND,IND,NONE,M,36,Not Specified,0,0,,,,,False,,False,
29706,DR. RADHAKRISHNAN NAGAR,11,CHENNAI,G.Vijay,IND,IND,NONE,M,29,Diploma / ITI,0,0,305,,,,False,,False,
29702,DR. RADHAKRISHNAN NAGAR,11,CHENNAI,J.Murali Krishnan,IND,IND,NONE,M,26,Bachelor's Degree,0,0,585000,,,,False,,False,
29687,DR. RADHAKRISHNAN NAGAR,11,CHENNAI,J.Saravanakumar,IND,IND,NONE,M,36,Not Specified,0,0,,,,,False,,False,
29704,DR. RADHAKRISHNAN NAGAR,11,CHENNAI,J.Vijayan,IND,IND,NONE,M,42,Diploma / ITI,0,0,6410000,,,,False,,False,
29701,DR. RADHAKRISHNAN NAGAR,11,CHENNAI,K.Murali,IND,IND,NONE,M,43,Bachelor's Degree,0,0,390000,,,,False,,False,
29690,DR. RADHAKRISHNAN NAGAR,11,CHENNAI,K.Sujith,IND,IND,NONE,M,31,Bachelor's Degree,0,0,5374000,,,,False,,False,
29688,DR. RADHAKRISHNAN NAGAR,11,CHENNAI,L.Saravanan,IND,IND,NONE,M,50,Bachelor's Degree,0,0,565000,,,,False,,False,
29686,DR. RADHAKRISHNAN NAGAR,11,CHENNAI,M.Sathish,IND,IND,NONE,M,42,10th Grade (SSLC),0,0,343000,,,,False,,False,
29696,DR. RADHAKRISHNAN NAGAR,11,CHENNAI,Manikandan.H,IND,IND,NONE,M,28,Diploma / ITI,0,0,55500,,,,False,,False,
29699,DR. RADHAKRISHNAN NAGAR,11,CHENNAI,P.Marimuthu,IND,IND,NONE,M,70,Not Specified,0,0,,,,,False,,False,
29693,DR. RADHAKRISHNAN NAGAR,11,CHENNAI,R.Devakumar,IND,IND,NONE,M,36,Bachelor's Degree,0,0,765000,,,,False,,False,
29684,DR. RADHAKRISHNAN NAGAR,11,CHENNAI,R.Ethiraj,IND,IND,NONE,M,51,12th Grade (HSC / +2),0,0,1051000,,,,False,,False,
29700,DR. RADHAKRISHNAN NAGAR,11,CHENNAI,R.Muthu Chella Bharathi,IND,IND,NONE,M,38,Master's Degree,0,0,89896,,,,False,,False,
29691,DR. RADHAKRISHNAN NAGAR,11,CHENNAI,R.Tamilarasan,IND,IND,NONE,M,34,Master's Degree,0,0,670000,,,,False,,False,
29682,DR. RADHAKRISHNAN NAGAR,11,CHENNAI,S.Emmanuvel,IND,IND,NONE,M,42,10th Grade (SSLC),0,0,1046000,,,,False,,False,
29692,DR. RADHAKRISHNAN NAGAR,11,CHENNAI,Tamilselvan,IND,IND,NONE,M,27,Bachelor's Degree,0,0,493000,,,,False,,False,
29698,DR. RADHAKRISHNAN NAGAR,11,CHENNAI,V.Madhan Mohan,IND,IND,NONE,M,35,Not Specified,0,0,,,,,False,,False,
29685,DR. RADHAKRISHNAN NAGAR,11,CHENNAI,V.Shankar,IND,IND,NONE,M,63,10th Grade (SSLC),0,0,376000,,,,False,,False,
29689,DR. RADHAKRISHNAN NAGAR,11,CHENNAI,V.Sudhakar,IND,IND,NONE,M,31,Bachelor's Degree,0,0,240000,,,,False,,False,
29674,DR. RADHAKRISHNAN NAGAR,11,CHENNAI,E.Raamadasan,MANK,MANK,,M,73,Bachelor's Degree,0,0,,,,,False,,False,
29672,DR. RADHAKRISHNAN NAGAR,11,CHENNAI,Vennila.T,NTK,NTK,NTK,F,42,Master's Degree,0,0,10100000,,,,False,,False,
29675,DR. RADHAKRISHNAN NAGAR,11,CHENNAI,D.Karthikeyan,SP,SP,OTHERS,M,26,Bachelor's Degree,0,0,535000,,,,False,,False,
29679,DR. RADHAKRISHNAN NAGAR,11,CHENNAI,A.Mohanraj,SUCI(C),SUCI(C),,M,55,Not Specified,0,0,,,,,False,,False,
29677,DR. RADHAKRISHNAN NAGAR,11,CHENNAI,B.Navin,TAVK,TAVK,OTHERS,M,30,Bachelor's Degree,0,0,830000,,,,False,,False,
29676,DR. RADHAKRISHNAN NAGAR,11,CHENNAI,Chandrasekar,TMMK,TMMK,OTHERS,M,51,Not Specified,0,0,606000,,,,False,,False,
29678,DR. RADHAKRISHNAN NAGAR,11,CHENNAI,N.Marie Wilson,Tamilaga Vettri Kazhagam,TVK,TVK,M,46,Doctorate (Ph.D / MD),0,0,47100000,,,,False,,False,
29722,PERAMBUR,12,CHENNAI,Vijay,AIJMK,AIJMK,OTHERS,M,29,Bachelor's Degree,0,0,286000,,,,False,,False,
29711,PERAMBUR,12,CHENNAI,Vetri Vel Selvam,BSP,BSP,OTHERS,M,32,Bachelor's Degree,0,0,11000,,,,False,,False,
29709,PERAMBUR,12,CHENNAI,R.D.Shekar,DMK,DMK,INDIA,M,59,Bachelor's Degree,0,0,,,,,False,,False,
29725,PERAMBUR,12,CHENNAI,Agni Aalvar,IND,IND,NONE,M,45,10th Grade (SSLC),0,0,1198000,,,,False,,False,
29726,PERAMBUR,12,CHENNAI,Amala.R,IND,IND,NONE,F,58,9th Grade,0,0,2950000,,,,False,,False,
29727,PERAMBUR,12,CHENNAI,Azarutheen.M,IND,IND,NONE,M,37,Bachelor's Degree,0,0,2566000,,,,False,,False,
29739,PERAMBUR,12,CHENNAI,B.Balaji,IND,IND,NONE,M,37,12th Grade (HSC / +2),0,0,355000,,,,False,,False,
29732,PERAMBUR,12,CHENNAI,B.Sathish Kumar,IND,IND,NONE,M,42,Bachelor's Degree,0,0,3391000,,,,False,,False,
29752,PERAMBUR,12,CHENNAI,B.Venkatesan,IND,IND,NONE,M,47,Master's Degree,0,0,107000,,,,False,,False,
29741,PERAMBUR,12,CHENNAI,Bowdharaj,IND,IND,NONE,M,53,5th Grade,0,0,,,,,False,,False,
29742,PERAMBUR,12,CHENNAI,Dr.D.Madan,IND,IND,NONE,M,28,Doctorate (Ph.D / MD),0,0,626000,,,,False,,False,
29743,PERAMBUR,12,CHENNAI,Dr.G.Moorthy,IND,IND,NONE,M,46,Doctorate (Ph.D / MD),0,0,,,,,False,,False,
29729,PERAMBUR,12,CHENNAI,E.Udhaya Kumar,IND,IND,NONE,M,56,7th Grade,0,0,,,,,False,,False,
29749,PERAMBUR,12,CHENNAI,G.Ruthra Kumar,IND,IND,NONE,M,33,Bachelor's Degree,0,0,93000,,,,False,,False,
29736,PERAMBUR,12,CHENNAI,H.Dhanasekar,IND,IND,NONE,M,43,10th Grade (SSLC),0,0,265000,,,,False,,False,
29737,PERAMBUR,12,CHENNAI,M.I.Thahira Banu,IND,IND,NONE,F,46,10th Grade (SSLC),0,0,108000,,,,False,,False,
29755,PERAMBUR,12,CHENNAI,M.Joseph,IND,IND,NONE,M,49,12th Grade (HSC / +2),0,0,388,,,,False,,False,
29730,PERAMBUR,12,CHENNAI,M.Kadhiravan,IND,IND,NONE,M,58,12th Grade (HSC / +2),0,0,5590000,,,,False,,False,
29735,PERAMBUR,12,CHENNAI,M.Tamilselvam,IND,IND,NONE,M,51,6th Grade,0,0,45000,,,,False,,False,
29738,PERAMBUR,12,CHENNAI,Nivetha,IND,IND,NONE,F,32,Master's Degree,0,0,2360000,,,,False,,False,
29728,PERAMBUR,12,CHENNAI,P.Esakki Muthu,IND,IND,NONE,M,68,Not Specified,0,0,30000,,,,False,,False,
29731,PERAMBUR,12,CHENNAI,P.Gunasekar,IND,IND,NONE,M,56,10th Grade (SSLC),0,0,,,,,False,,False,
29740,PERAMBUR,12,CHENNAI,P.Ponraj,IND,IND,NONE,M,56,10th Grade (SSLC),0,0,460000,,,,False,,False,
29734,PERAMBUR,12,CHENNAI,P.Thangamani,IND,IND,NONE,M,61,8th Grade,0,0,,,,,False,,False,
29753,PERAMBUR,12,CHENNAI,R.Jayaseelan,IND,IND,NONE,M,60,5th Grade,0,0,20100000,,,,False,,False,
29748,PERAMBUR,12,CHENNAI,Reegan Prabhu,IND,IND,NONE,M,37,Diploma / ITI,0,0,5566000,,,,False,,False,
29754,PERAMBUR,12,CHENNAI,S.Joseph,IND,IND,NONE,M,65,Master's Degree,0,0,4697,,,,False,,False,
29744,PERAMBUR,12,CHENNAI,S.Michael,IND,IND,NONE,M,41,Bachelor's Degree,0,0,127000,,,,False,,False,
29747,PERAMBUR,12,CHENNAI,S.Rajesh Kumar,IND,IND,NONE,M,51,Diploma / ITI,0,0,180000,,,,False,,False,
29745,PERAMBUR,12,CHENNAI,S.Ramesh,IND,IND,NONE,M,40,Bachelor's Degree,0,0,145000,,,,False,,False,
29751,PERAMBUR,12,CHENNAI,S.Vishnu Varthan,IND,IND,NONE,M,29,Bachelor's Degree,0,0,3300000,,,,False,,False,
29733,PERAMBUR,12,CHENNAI,Sathish.B,IND,IND,NONE,M,46,Bachelor's Degree,0,0,7366000,,,,False,,False,
29746,PERAMBUR,12,CHENNAI,V.Raji,IND,IND,NONE,M,51,Not Specified,0,0,115000,,,,False,,False,
29750,PERAMBUR,12,CHENNAI,Vijay. G,IND,IND,NONE,M,35,Diploma / ITI,0,0,5197000,,,,False,,False,
29714,PERAMBUR,12,CHENNAI,Dr.R.Saravana Perumal,MANK,MANK,,M,52,Doctorate (Ph.D / MD),0,0,880000,,,,False,,False,
29716,PERAMBUR,12,CHENNAI,S.Sureshkumar,MK,MK,,M,42,Bachelor's Degree,0,0,59000,,,,False,,False,
29719,PERAMBUR,12,CHENNAI,K.M.Devan,MMK,MMK,,M,41,Bachelor's Degree,0,0,733000,,,,False,,False,
29710,PERAMBUR,12,CHENNAI,S.Vetri Thamizhan,NTK,NTK,NTK,M,40,Master's Degree,0,0,764000,,,,False,,False,
29718,PERAMBUR,12,CHENNAI,M.Thilagabama,PMK,PMK,NDA,F,56,Bachelor's Degree,0,0,33200000,,,,False,,False,
29721,PERAMBUR,12,CHENNAI,A.Rajaram,RPI (A),RPI (A),,M,51,Bachelor's Degree,0,0,5500,,,,False,,False,
29717,PERAMBUR,12,CHENNAI,J.Sebastin,SUCI(C),SUCI(C),,M,49,10th Grade (SSLC),0,0,2631,,,,False,,False,
29723,PERAMBUR,12,CHENNAI,D.V.Venugopal,TAVK,TAVK,OTHERS,M,55,10th Grade (SSLC),0,0,1055000,,,,False,,False,
29713,PERAMBUR,12,CHENNAI,M.Geeta,TK,TK,,F,40,Bachelor's Degree,0,0,5716000,,,,False,,False,
29712,PERAMBUR,12,CHENNAI,Ashlin Belmen .A.S,TMGMK,TMGMK,,M,29,Diploma / ITI,0,0,5600000,,,,False,,False,
29715,PERAMBUR,12,CHENNAI,Sivakumar.V,TTNP,TTNP,,M,39,Diploma / ITI,0,0,3238000,,,,False,,False,
29724,PERAMBUR,12,CHENNAI,C.Joseph Vijay,Tamilaga Vettri Kazhagam,TVK,TVK,M,52,Bachelor's Degree,0,0,8091700000,,,,False,,False,
29720,PERAMBUR,12,CHENNAI,S.Malathi,VTVTK,VTVTK,,F,28,12th Grade (HSC / +2),0,0,725000,,,,False,,False,
29756,KOLATHUR,13,CHENNAI,P.Santhana Krishnan,AIADMK,AIADMK,,M,51,Diploma / ITI,0,0,7949000,,,,False,,False,
29757,KOLATHUR,13,CHENNAI,Subashini,BSP,BSP,OTHERS,F,37,Master's Degree,0,0,1136000,,,,False,,False,
29759,KOLATHUR,13,CHENNAI,M.K.Stalin,DMK,DMK,INDIA,M,72,Bachelor's Degree,0,0,60100000,,,,False,,False,
29764,KOLATHUR,13,CHENNAI,Sivagnanasam,DMSK,DMSK,OTHERS,M,71,Doctorate (Ph.D / MD),0,0,49000,,,,False,,False,
29775,KOLATHUR,13,CHENNAI,A.L.Naresh Kumar,IND,IND,NONE,M,33,10th Grade (SSLC),0,0,2220000,,,,False,,False,
29786,KOLATHUR,13,CHENNAI,A.Raji,IND,IND,NONE,M,60,10th Grade (SSLC),0,0,233000,,,,False,,False,
29767,KOLATHUR,13,CHENNAI,Arul Doss. A,IND,IND,NONE,M,44,Not Specified,0,0,26500,,,,False,,False,
29789,KOLATHUR,13,CHENNAI,Farmer Jayaraman. S K J,IND,IND,NONE,M,50,Not Specified,0,0,,,,,False,,False,
29771,KOLATHUR,13,CHENNAI,J.Suriya Muthu,IND,IND,NONE,M,51,10th Grade (SSLC),0,0,1000,,,,False,,False,
29777,KOLATHUR,13,CHENNAI,K.Panneer Selvam,IND,IND,NONE,M,40,Bachelor's Degree,0,0,51343,,,,False,,False,
29768,KOLATHUR,13,CHENNAI,Kaja Maideen,IND,IND,NONE,M,34,6th Grade,0,0,646000,,,,False,,False,
29780,KOLATHUR,13,CHENNAI,M.Poornima,IND,IND,NONE,F,44,Master's Degree,0,0,18600000,,,,False,,False,
29787,KOLATHUR,13,CHENNAI,M.Rajeshkumar,IND,IND,NONE,M,36,Bachelor's Degree,0,0,18841,,,,False,,False,
29770,KOLATHUR,13,CHENNAI,M.Suresh,IND,IND,NONE,M,39,10th Grade (SSLC),0,0,5652000,,,,False,,False,
29774,KOLATHUR,13,CHENNAI,Nanda Kumar,IND,IND,NONE,M,34,9th Grade,0,0,230000,,,,False,,False,
29782,KOLATHUR,13,CHENNAI,P.Milany,IND,IND,NONE,M,45,Bachelor's Degree,0,0,2050000,,,,False,,False,
29779,KOLATHUR,13,CHENNAI,R.Balaji,IND,IND,NONE,M,36,Bachelor's Degree,0,0,1125,,,,False,,False,
29781,KOLATHUR,13,CHENNAI,R.Mahesh,IND,IND,NONE,M,35,Not Specified,0,0,1312000,,,,False,,False,
29784,KOLATHUR,13,CHENNAI,R.Raj Guru,IND,IND,NONE,M,45,8th Grade,0,0,100000,,,,False,,False,
29783,KOLATHUR,13,CHENNAI,R.Ravikumar,IND,IND,NONE,M,33,Bachelor's Degree,0,0,3590,,,,False,,False,
29772,KOLATHUR,13,CHENNAI,R.Senthil Kumar,IND,IND,NONE,M,45,Bachelor's Degree,0,0,432000,,,,False,,False,
29785,KOLATHUR,13,CHENNAI,Raja. G,IND,IND,NONE,M,71,10th Grade (SSLC),0,0,1286000,,,,False,,False,
29778,KOLATHUR,13,CHENNAI,S.Balachandar,IND,IND,NONE,M,49,10th Grade (SSLC),0,0,76000,,,,False,,False,
29790,KOLATHUR,13,CHENNAI,S.Sharan,IND,IND,NONE,M,27,Bachelor's Degree,0,0,128000,,,,False,,False,
29773,KOLATHUR,13,CHENNAI,Selvi Steffi. V.M,IND,IND,NONE,F,26,Master's Degree,0,0,17100000,,,,False,,False,
29769,KOLATHUR,13,CHENNAI,V.A.Sudhakar,IND,IND,NONE,M,46,10th Grade (SSLC),0,0,47500,,,,False,,False,
29776,KOLATHUR,13,CHENNAI,V.Naresh Babu,IND,IND,NONE,M,34,Bachelor's Degree,0,0,603000,,,,False,,False,
29788,KOLATHUR,13,CHENNAI,Vigirdhan,IND,IND,NONE,M,53,10th Grade (SSLC),0,0,560000,,,,False,,False,
29761,KOLATHUR,13,CHENNAI,E.Raamadasan,MANK,MANK,,M,73,10th Grade (SSLC),0,0,531000,,,,False,,False,
29758,KOLATHUR,13,CHENNAI,Soundara Pandian Luder Seth,NTK,NTK,NTK,M,53,Bachelor's Degree,0,0,4413000,,,,False,,False,
29765,KOLATHUR,13,CHENNAI,S.Y.Syed Yusuf,RPI (A),RPI (A),,M,32,Bachelor's Degree,0,0,2200,,,,False,,False,
29760,KOLATHUR,13,CHENNAI,Aathithya,SP,SP,OTHERS,M,48,Not Specified,0,0,41000,,,,False,,False,
29762,KOLATHUR,13,CHENNAI,Oormila,TAVK,TAVK,OTHERS,F,42,Not Specified,0,0,,,,,False,,False,
29766,KOLATHUR,13,CHENNAI,V.S.Babu,Tamilaga Vettri Kazhagam,TVK,TVK,M,75,8th Grade,0,0,3638000,,,,False,,False,
29763,KOLATHUR,13,CHENNAI,K.Elumalai,VTVTK,VTVTK,,M,49,Not Specified,0,0,,,,,False,,False,
29793,VILLIVAKKAM,14,CHENNAI,Vijayakumar S.R,AIADMK,AIADMK,,M,52,Bachelor's Degree,0,0,34200000,,,,False,,False,
29791,VILLIVAKKAM,14,CHENNAI,Karthik Mohan,DMK,DMK,INDIA,M,45,Master's Degree,0,0,2027000000,,,,False,,False,
29798,VILLIVAKKAM,14,CHENNAI,Anbazhagan G,IND,IND,NONE,M,59,Master's Degree,0,0,358000,,,,False,,False,
29797,VILLIVAKKAM,14,CHENNAI,Ashok Kumar C.A,IND,IND,NONE,M,55,Bachelor's Degree,0,0,13900000,,,,False,,False,
29809,VILLIVAKKAM,14,CHENNAI,Balamurali G,IND,IND,NONE,M,35,Diploma / ITI,0,0,570000,,,,False,,False,
29804,VILLIVAKKAM,14,CHENNAI,Charavanan M.P,IND,IND,NONE,M,65,Bachelor's Degree,0,0,4238000,,,,False,,False,
29808,VILLIVAKKAM,14,CHENNAI,Devarajan G,IND,IND,NONE,M,52,Not Specified,0,0,180000,,,,False,,False,
29807,VILLIVAKKAM,14,CHENNAI,Dhayanidhi D,IND,IND,NONE,M,30,8th Grade,0,0,324000,,,,False,,False,
29818,VILLIVAKKAM,14,CHENNAI,Jaya Zeba C,IND,IND,NONE,M,41,Bachelor's Degree,0,0,,,,,False,,False,
29800,VILLIVAKKAM,14,CHENNAI,Kandasamy S,IND,IND,NONE,M,60,10th Grade (SSLC),0,0,284000,,,,False,,False,
29799,VILLIVAKKAM,14,CHENNAI,Kannan M,IND,IND,NONE,M,41,12th Grade (HSC / +2),0,0,11000,,,,False,,False,
29802,VILLIVAKKAM,14,CHENNAI,Karthick P,IND,IND,NONE,M,37,8th Grade,0,0,913,,,,False,,False,
29801,VILLIVAKKAM,14,CHENNAI,Karthick S,IND,IND,NONE,M,36,Not Specified,0,0,1601,,,,False,,False,
29811,VILLIVAKKAM,14,CHENNAI,Manimaran P,IND,IND,NONE,M,60,6th Grade,0,0,10000,,,,False,,False,
29812,VILLIVAKKAM,14,CHENNAI,Murali R,IND,IND,NONE,M,36,Bachelor's Degree,0,0,14600,,,,False,,False,
29813,VILLIVAKKAM,14,CHENNAI,Murali Vinodh M,IND,IND,NONE,M,42,Bachelor's Degree,0,0,2575000,,,,False,,False,
29810,VILLIVAKKAM,14,CHENNAI,Purushothaman P,IND,IND,NONE,M,45,10th Grade (SSLC),0,0,929000,,,,False,,False,
29815,VILLIVAKKAM,14,CHENNAI,Raji M,IND,IND,NONE,M,62,8th Grade,0,0,,,,,False,,False,
29803,VILLIVAKKAM,14,CHENNAI,Shanmuga D,IND,IND,NONE,M,30,Bachelor's Degree,0,0,373000,,,,False,,False,
29805,VILLIVAKKAM,14,CHENNAI,Solomon J.R,IND,IND,NONE,M,50,10th Grade (SSLC),0,0,608000,,,,False,,False,
29806,VILLIVAKKAM,14,CHENNAI,Subramani K,IND,IND,NONE,M,65,Master's Degree,0,0,41160,,,,False,,False,
29817,VILLIVAKKAM,14,CHENNAI,Vijayakumar D,IND,IND,NONE,M,51,10th Grade (SSLC),0,0,60800,,,,False,,False,
29816,VILLIVAKKAM,14,CHENNAI,Vijayakumar G,IND,IND,NONE,M,40,Bachelor's Degree,0,0,500,,,,False,,False,
29814,VILLIVAKKAM,14,CHENNAI,Yuvaraj S,IND,IND,NONE,M,37,Not Specified,0,0,17914,,,,False,,False,
29792,VILLIVAKKAM,14,CHENNAI,Roshini S,NTK,NTK,NTK,,30,8th Grade,0,0,1820000,,,,False,,False,
29794,VILLIVAKKAM,14,CHENNAI,Abdul Shabeek A,TAVK,TAVK,OTHERS,M,42,Diploma / ITI,0,0,355000,,,,False,,False,
29795,VILLIVAKKAM,14,CHENNAI,Ajithkumar A,TK,TK,,M,32,Bachelor's Degree,0,0,7271000,,,,False,,False,
29796,VILLIVAKKAM,14,CHENNAI,Aadhav Arjuna,Tamilaga Vettri Kazhagam,TVK,TVK,M,43,Bachelor's Degree,0,0,1975300000,,,,False,,False,
29820,THIRU-VI-KA-NAGAR,15,CHENNAI,Porkodi Armstrong,AIADMK,AIADMK,,F,51,Bachelor's Degree,0,0,49300000,,,,False,,False,
29822,THIRU-VI-KA-NAGAR,15,CHENNAI,C.Christy,AIPTMMK,AIPTMMK,,M,43,10th Grade (SSLC),0,0,65000,,,,False,,False,
29819,THIRU-VI-KA-NAGAR,15,CHENNAI,K.S.Ravichandran,DMK,DMK,INDIA,M,55,Bachelor's Degree,0,0,,,,,False,,False,
29841,THIRU-VI-KA-NAGAR,15,CHENNAI,C.Jagan Mohan,IND,IND,NONE,M,45,Bachelor's Degree,0,0,20000,,,,False,,False,
29829,THIRU-VI-KA-NAGAR,15,CHENNAI,D.Sathish Kumar,IND,IND,NONE,M,33,Bachelor's Degree,0,0,179000,,,,False,,False,
29832,THIRU-VI-KA-NAGAR,15,CHENNAI,G.J.Dharaniraj,IND,IND,NONE,M,31,Bachelor's Degree,0,0,1634000,,,,False,,False,
29827,THIRU-VI-KA-NAGAR,15,CHENNAI,M.Kannadasan,IND,IND,NONE,M,38,10th Grade (SSLC),0,0,1188000,,,,False,,False,
29828,THIRU-VI-KA-NAGAR,15,CHENNAI,M.Kolanji,IND,IND,NONE,M,54,Primary (Up to 4th),0,0,15500,,,,False,,False,
29840,THIRU-VI-KA-NAGAR,15,CHENNAI,M.Lokesh,IND,IND,NONE,M,34,Not Specified,0,0,221000,,,,False,,False,
29838,THIRU-VI-KA-NAGAR,15,CHENNAI,M.Mohan,IND,IND,NONE,M,41,9th Grade,0,0,790000,,,,False,,False,
29834,THIRU-VI-KA-NAGAR,15,CHENNAI,Prakash Arunachalam,IND,IND,NONE,M,40,Bachelor's Degree,0,0,20000,,,,False,,False,
29835,THIRU-VI-KA-NAGAR,15,CHENNAI,Prasanth. D,IND,IND,NONE,M,33,Bachelor's Degree,0,0,392000,,,,False,,False,
29836,THIRU-VI-KA-NAGAR,15,CHENNAI,Praveen Thiyagarajan,IND,IND,NONE,M,27,Master's Degree,0,0,232000,,,,False,,False,
29826,THIRU-VI-KA-NAGAR,15,CHENNAI,R.Anandan,IND,IND,NONE,M,60,10th Grade (SSLC),0,0,15000,,,,False,,False,
29837,THIRU-VI-KA-NAGAR,15,CHENNAI,R.Murugan,IND,IND,NONE,M,50,10th Grade (SSLC),0,0,890000,,,,False,,False,
29833,THIRU-VI-KA-NAGAR,15,CHENNAI,S.Parthiban,IND,IND,NONE,M,46,Bachelor's Degree,0,0,649000,,,,False,,False,
29839,THIRU-VI-KA-NAGAR,15,CHENNAI,S.Rajendran,IND,IND,NONE,M,52,10th Grade (SSLC),0,0,20000,,,,False,,False,
29831,THIRU-VI-KA-NAGAR,15,CHENNAI,S.Senthamizhan,IND,IND,NONE,M,35,10th Grade (SSLC),0,0,11000,,,,False,,False,
29830,THIRU-VI-KA-NAGAR,15,CHENNAI,Sathish,IND,IND,NONE,M,41,10th Grade (SSLC),0,0,1171000,,,,False,,False,
29821,THIRU-VI-KA-NAGAR,15,CHENNAI,Jagadesh Chander .M,NTK,NTK,NTK,M,39,Master's Degree,0,0,1956000,,,,False,,False,
29825,THIRU-VI-KA-NAGAR,15,CHENNAI,S Jayakalpana,RPI (A),RPI (A),,F,53,Not Specified,0,0,987000,,,,False,,False,
29823,THIRU-VI-KA-NAGAR,15,CHENNAI,A.Selva Kumar,TK,TK,,M,49,10th Grade (SSLC),0,0,220000,,,,False,,False,
29824,THIRU-VI-KA-NAGAR,15,CHENNAI,M.R.Pallavi,Tamilaga Vettri Kazhagam,TVK,TVK,F,36,Bachelor's Degree,0,0,3031000,,,,False,,False,
29842,EGMORE,16,CHENNAI,Abishek. R,AIADMK,AIADMK,,M,36,Bachelor's Degree,0,0,116700000,,,,False,,False,
29848,EGMORE,16,CHENNAI,T.Magizhanban,AIPTMMK,AIPTMMK,,M,80,Not Specified,0,0,5000,,,,False,,False,
29844,EGMORE,16,CHENNAI,Tamilan Prasanna,DMK,DMK,INDIA,M,43,Bachelor's Degree,0,0,,,,,False,,False,
29851,EGMORE,16,CHENNAI,Aravindan,IND,IND,NONE,M,39,12th Grade (HSC / +2),0,0,21800,,,,False,,False,
29853,EGMORE,16,CHENNAI,M.Nagarajan,IND,IND,NONE,M,65,Not Specified,0,0,198000,,,,False,,False,
29852,EGMORE,16,CHENNAI,R.Kumaravel,IND,IND,NONE,M,54,Bachelor's Degree,0,0,162000,,,,False,,False,
29855,EGMORE,16,CHENNAI,Rajkumar,IND,IND,NONE,M,38,Bachelor's Degree,0,0,46000,,,,False,,False,
29856,EGMORE,16,CHENNAI,Rajmohan,IND,IND,NONE,M,37,8th Grade,0,0,348000,,,,False,,False,
29854,EGMORE,16,CHENNAI,S.Pichamuthu,IND,IND,NONE,M,70,Bachelor's Degree,0,0,20300000,,,,False,,False,
29857,EGMORE,16,CHENNAI,S.Vinoth Kumar,IND,IND,NONE,M,36,Master's Degree,0,0,61500,,,,False,,False,
29859,EGMORE,16,CHENNAI,Sridhar. M,IND,IND,NONE,M,40,10th Grade (SSLC),0,0,8000,,,,False,,False,
29858,EGMORE,16,CHENNAI,Venkatesh. K,IND,IND,NONE,M,35,10th Grade (SSLC),0,0,1250000,,,,False,,False,
29845,EGMORE,16,CHENNAI,Arun Rao. N.A,NIP,NIP,,M,35,Bachelor's Degree,0,0,198000,,,,False,,False,
29849,EGMORE,16,CHENNAI,G.R.Rajendran,NMSP,NMSP,,M,31,10th Grade (SSLC),0,0,71000,,,,False,,False,
29843,EGMORE,16,CHENNAI,Saranya Imran,NTK,NTK,NTK,F,35,Bachelor's Degree,0,0,1255000,,,,False,,False,
29846,EGMORE,16,CHENNAI,Dr.N.Gunasekar,RPI (A),RPI (A),,M,36,12th Grade (HSC / +2),0,0,966000,,,,False,,False,
29847,EGMORE,16,CHENNAI,D.Thirunavukkarasar,TAVK,TAVK,OTHERS,M,43,10th Grade (SSLC),0,0,2044000,,,,False,,False,
29850,EGMORE,16,CHENNAI,Rajmohan,Tamilaga Vettri Kazhagam,TVK,TVK,M,39,Bachelor's Degree,0,0,14400000,,,,False,,False,
29862,ROYAPURAM,17,CHENNAI,D.Jayakumar,AIADMK,AIADMK,,M,42,Master's Degree,0,0,,,,,False,,False,
29863,ROYAPURAM,17,CHENNAI,M.Jayarajkumar,BSP,BSP,OTHERS,M,29,Bachelor's Degree,0,0,130000,,,,False,,False,
29864,ROYAPURAM,17,CHENNAI,A.Sathik Kumar,DMA,DMA,,M,36,Bachelor's Degree,0,0,97500,,,,False,,False,
29860,ROYAPURAM,17,CHENNAI,Dr. A.Subair Khan,DMK,DMK,INDIA,M,49,Bachelor's Degree,0,0,30500000,,,,False,,False,
29884,ROYAPURAM,17,CHENNAI,A.Jayakumar,IND,IND,NONE,M,43,Bachelor's Degree,0,0,603,,,,False,,False,
29877,ROYAPURAM,17,CHENNAI,A.Nizar Ahamed,IND,IND,NONE,M,57,Bachelor's Degree,0,0,2637000,,,,False,,False,
29871,ROYAPURAM,17,CHENNAI,A.Sasikumar,IND,IND,NONE,M,39,Bachelor's Degree,0,0,711000,,,,False,,False,
29887,ROYAPURAM,17,CHENNAI,C.Sridhar,IND,IND,NONE,M,43,Bachelor's Degree,0,0,359000,,,,False,,False,
29885,ROYAPURAM,17,CHENNAI,D.Jayakumar,IND,IND,NONE,M,43,Bachelor's Degree,0,0,603,,,,False,,False,
29869,ROYAPURAM,17,CHENNAI,G.Karthikeyan,IND,IND,NONE,M,31,Bachelor's Degree,0,0,520000,,,,False,,False,
29886,ROYAPURAM,17,CHENNAI,I Jayaprakash,IND,IND,NONE,M,39,Bachelor's Degree,0,0,2630000,,,,False,,False,
29875,ROYAPURAM,17,CHENNAI,J.Selvakumar,IND,IND,NONE,M,50,8th Grade,0,0,538000,,,,False,,False,
29873,ROYAPURAM,17,CHENNAI,K.J.Sivakumar,IND,IND,NONE,M,47,Bachelor's Degree,0,0,,,,,False,,False,
29879,ROYAPURAM,17,CHENNAI,K.Prasath,IND,IND,NONE,M,44,10th Grade (SSLC),0,0,1450000,,,,False,,False,
29870,ROYAPURAM,17,CHENNAI,Kerthivarunnan .R,IND,IND,NONE,M,45,Bachelor's Degree,0,0,66723,,,,False,,False,
29876,ROYAPURAM,17,CHENNAI,M Dhinakaran,IND,IND,NONE,M,48,Bachelor's Degree,0,0,314000,,,,False,,False,
29880,ROYAPURAM,17,CHENNAI,M.Mahalakshmi,IND,IND,NONE,F,61,Bachelor's Degree,0,0,3571000,,,,False,,False,
29872,ROYAPURAM,17,CHENNAI,M.Shanmugam,IND,IND,NONE,M,29,Master's Degree,0,0,440000,,,,False,,False,
29874,ROYAPURAM,17,CHENNAI,P.Sumathi,IND,IND,NONE,F,44,10th Grade (SSLC),0,0,655000,,,,False,,False,
29883,ROYAPURAM,17,CHENNAI,R.Rajkumar,IND,IND,NONE,M,29,Master's Degree,0,0,419000,,,,False,,False,
29881,ROYAPURAM,17,CHENNAI,S.Raju,IND,IND,NONE,M,26,10th Grade (SSLC),0,0,219000,,,,False,,False,
29868,ROYAPURAM,17,CHENNAI,T.Kaviyarasu,IND,IND,NONE,M,46,Bachelor's Degree,0,0,292000,,,,False,,False,
29882,ROYAPURAM,17,CHENNAI,T.Rajesh,IND,IND,NONE,M,42,8th Grade,0,0,81000,,,,False,,False,
29878,ROYAPURAM,17,CHENNAI,V.Bhagath Singh,IND,IND,NONE,M,37,Bachelor's Degree,0,0,,,,,False,,False,
29866,ROYAPURAM,17,CHENNAI,R.Vinothkumar,NIP,NIP,,M,38,Bachelor's Degree,0,0,547000,,,,False,,False,
29861,ROYAPURAM,17,CHENNAI,A.Babu Mailan,NTK,NTK,NTK,M,54,Bachelor's Degree,0,0,4012000,,,,False,,False,
29865,ROYAPURAM,17,CHENNAI,M.Rajkumar,TAVK,TAVK,OTHERS,M,44,Bachelor's Degree,0,0,1367000,,,,False,,False,
29867,ROYAPURAM,17,CHENNAI,K.V.Vijay Damu,Tamilaga Vettri Kazhagam,TVK,TVK,M,46,9th Grade,0,0,2501000,,,,False,,False,
29891,HARBOUR,18,CHENNAI,R Manohar,AIADMK,AIADMK,,M,59,Master's Degree,0,0,78800000,,,,False,,False,
29888,HARBOUR,18,CHENNAI,M Suresh,BSP,BSP,OTHERS,M,45,Not Specified,0,0,245000,,,,False,,False,
29889,HARBOUR,18,CHENNAI,P K Sekarbabu,DMK,DMK,INDIA,M,63,10th Grade (SSLC),0,0,,,,,False,,False,
29902,HARBOUR,18,CHENNAI,A Nepolian,IND,IND,NONE,M,40,Master's Degree,0,0,67355,,,,False,,False,
29894,HARBOUR,18,CHENNAI,Ashok Kumar,IND,IND,NONE,M,35,Bachelor's Degree,0,0,100000,,,,False,,False,
29903,HARBOUR,18,CHENNAI,Babu Singh,IND,IND,NONE,M,55,8th Grade,0,0,,,,,False,,False,
29896,HARBOUR,18,CHENNAI,D Kabilan,IND,IND,NONE,M,33,Bachelor's Degree,0,0,315000,,,,False,,False,
29905,HARBOUR,18,CHENNAI,G Visu,IND,IND,NONE,M,39,Bachelor's Degree,0,0,297000,,,,False,,False,
29906,HARBOUR,18,CHENNAI,I Vinod,IND,IND,NONE,M,40,Bachelor's Degree,0,0,1785000,,,,False,,False,
29901,HARBOUR,18,CHENNAI,J M Niraimozhi,IND,IND,NONE,M,31,Bachelor's Degree,0,0,400000,,,,False,,False,
29899,HARBOUR,18,CHENNAI,J Shanmugapriyan,IND,IND,NONE,M,45,Bachelor's Degree,0,0,461000,,,,False,,False,
29904,HARBOUR,18,CHENNAI,K E Manohar,IND,IND,NONE,M,45,Bachelor's Degree,0,0,1215000,,,,False,,False,
29897,HARBOUR,18,CHENNAI,M Kalaiventhan,IND,IND,NONE,M,32,Bachelor's Degree,0,0,,,,,False,,False,
29907,HARBOUR,18,CHENNAI,P Vijayakumar,IND,IND,NONE,M,32,Bachelor's Degree,0,0,485000,,,,False,,False,
29900,HARBOUR,18,CHENNAI,R Dinesh,IND,IND,NONE,M,40,Diploma / ITI,0,0,149000,,,,False,,False,
29895,HARBOUR,18,CHENNAI,S Ganesh,IND,IND,NONE,M,44,Not Specified,0,0,,,,,False,,False,
29909,HARBOUR,18,CHENNAI,S Veerabathran,IND,IND,NONE,M,32,Bachelor's Degree,0,0,585000,,,,False,,False,
29898,HARBOUR,18,CHENNAI,Sankar A,IND,IND,NONE,M,36,Bachelor's Degree,0,0,135000,,,,False,,False,
29893,HARBOUR,18,CHENNAI,Sivalingam Ashok,IND,IND,NONE,M,46,10th Grade (SSLC),0,0,470000,,,,False,,False,
29908,HARBOUR,18,CHENNAI,T Vijayaraj,IND,IND,NONE,M,29,Bachelor's Degree,0,0,460000,,,,False,,False,
29910,HARBOUR,18,CHENNAI,V Jagadeesan,IND,IND,NONE,M,40,Master's Degree,0,0,545000,,,,False,,False,
29890,HARBOUR,18,CHENNAI,R Fouzan Shariff,NTK,NTK,NTK,M,27,Bachelor's Degree,0,0,3885000,,,,False,,False,
29892,HARBOUR,18,CHENNAI,Sinora P S Ashok,Tamilaga Vettri Kazhagam,TVK,TVK,M,59,Master's Degree,0,0,49100000,,,,False,,False,
29911,CHEPAUK-THIRUVALLIKENI,19,CHENNAI,Aadirajaram,AIADMK,AIADMK,,M,67,Bachelor's Degree,0,0,10300000,,,,False,,False,
29914,CHEPAUK-THIRUVALLIKENI,19,CHENNAI,Mohammed Yasser,BSP,BSP,OTHERS,M,40,Not Specified,0,0,632000,,,,False,,False,
29913,CHEPAUK-THIRUVALLIKENI,19,CHENNAI,Udhayanidhi Stalin,DMK,DMK,INDIA,M,48,Bachelor's Degree,0,0,206400000,,,,False,,False,
29917,CHEPAUK-THIRUVALLIKENI,19,CHENNAI,Agni Aalvar,IND,IND,NONE,M,45,10th Grade (SSLC),0,0,1198000,,,,False,,False,
29920,CHEPAUK-THIRUVALLIKENI,19,CHENNAI,Arumugam. C,IND,IND,NONE,M,44,4th Grade,0,0,10800,,,,False,,False,
29918,CHEPAUK-THIRUVALLIKENI,19,CHENNAI,Athimulam,IND,IND,NONE,M,38,7th Grade,0,0,63000,,,,False,,False,
29919,CHEPAUK-THIRUVALLIKENI,19,CHENNAI,Ayisha,IND,IND,NONE,F,35,3rd Grade,0,0,220000,,,,False,,False,
29927,CHEPAUK-THIRUVALLIKENI,19,CHENNAI,Bharathkumar. G,IND,IND,NONE,M,36,Bachelor's Degree,0,0,261000,,,,False,,False,
29921,CHEPAUK-THIRUVALLIKENI,19,CHENNAI,Kumar. M,IND,IND,NONE,M,41,9th Grade,0,0,363000,,,,False,,False,
29928,CHEPAUK-THIRUVALLIKENI,19,CHENNAI,Milany. P,IND,IND,NONE,M,45,Bachelor's Degree,0,0,2050000,,,,False,,False,
29929,CHEPAUK-THIRUVALLIKENI,19,CHENNAI,Mirza Safder Ali,IND,IND,NONE,M,59,8th Grade,0,0,212000,,,,False,,False,
29930,CHEPAUK-THIRUVALLIKENI,19,CHENNAI,Mohamed Dharik. I,IND,IND,NONE,M,34,10th Grade (SSLC),0,0,525000,,,,False,,False,
29931,CHEPAUK-THIRUVALLIKENI,19,CHENNAI,Mohamed Meera. A,IND,IND,NONE,M,56,Bachelor's Degree,0,0,200000,,,,False,,False,
29932,CHEPAUK-THIRUVALLIKENI,19,CHENNAI,Rajasekar. S,IND,IND,NONE,M,41,Bachelor's Degree,0,0,248000,,,,False,,False,
29933,CHEPAUK-THIRUVALLIKENI,19,CHENNAI,Rajeshkumar. K,IND,IND,NONE,M,34,Bachelor's Degree,0,0,659000,,,,False,,False,
29922,CHEPAUK-THIRUVALLIKENI,19,CHENNAI,Saamy. S.K.Dr,IND,IND,NONE,M,48,Doctorate (Ph.D / MD),0,0,28000000,,,,False,,False,
29923,CHEPAUK-THIRUVALLIKENI,19,CHENNAI,Seenivasan. L,IND,IND,NONE,M,56,12th Grade (HSC / +2),0,0,1422000,,,,False,,False,
29936,CHEPAUK-THIRUVALLIKENI,19,CHENNAI,Selvam ( Alias ) Harinarayanan,IND,IND,NONE,M,33,Bachelor's Degree,0,0,35034,,,,False,,False,
29935,CHEPAUK-THIRUVALLIKENI,19,CHENNAI,Selvam ( Alias ) Venkatesh,IND,IND,NONE,M,32,9th Grade,0,0,11500000,,,,False,,False,
29924,CHEPAUK-THIRUVALLIKENI,19,CHENNAI,Selvam. K,IND,IND,NONE,M,42,3rd Grade,0,0,35000,,,,False,,False,
29925,CHEPAUK-THIRUVALLIKENI,19,CHENNAI,Selvam. K,IND,IND,NONE,M,50,Bachelor's Degree,0,0,6255,,,,False,,False,
29926,CHEPAUK-THIRUVALLIKENI,19,CHENNAI,Syeed Layak Bhasha,IND,IND,NONE,M,29,8th Grade,0,0,391000,,,,False,,False,
29934,CHEPAUK-THIRUVALLIKENI,19,CHENNAI,Vijaya Kumar. B,IND,IND,NONE,M,43,Master's Degree,0,0,478000,,,,False,,False,
29912,CHEPAUK-THIRUVALLIKENI,19,CHENNAI,Aysha,NTK,NTK,NTK,F,37,Diploma / ITI,0,0,7483000,,,,False,,False,
29915,CHEPAUK-THIRUVALLIKENI,19,CHENNAI,Irfan Basha,TAVK,TAVK,OTHERS,M,31,Bachelor's Degree,0,0,1270000,,,,False,,False,
29916,CHEPAUK-THIRUVALLIKENI,19,CHENNAI,Selvam. D,Tamilaga Vettri Kazhagam,TVK,TVK,M,61,Bachelor's Degree,0,0,,,,,False,,False,
29939,THOUSAND LIGHTS,20,CHENNAI,Valarmathi.B,AIADMK,AIADMK,,F,68,10th Grade (SSLC),0,0,20000000,,,,False,,False,
29937,THOUSAND LIGHTS,20,CHENNAI,Ezhilan Naganathan,DMK,DMK,INDIA,M,46,Doctorate (Ph.D / MD),0,0,13900000,,,,False,,False,
29946,THOUSAND LIGHTS,20,CHENNAI,Dhanasekaran.V,IND,IND,NONE,M,51,12th Grade (HSC / +2),0,0,15000,,,,False,,False,
29942,THOUSAND LIGHTS,20,CHENNAI,Karthikeyan.S,IND,IND,NONE,M,33,10th Grade (SSLC),0,0,15000,,,,False,,False,
29951,THOUSAND LIGHTS,20,CHENNAI,Muniyan.E,IND,IND,NONE,M,49,Not Specified,0,0,,,,,False,,False,
29947,THOUSAND LIGHTS,20,CHENNAI,Pachaiyappan.E,IND,IND,NONE,M,58,9th Grade,0,0,1590000,,,,False,,False,
29949,THOUSAND LIGHTS,20,CHENNAI,Prabhakaran.B,IND,IND,NONE,M,38,8th Grade,0,0,267,,,,False,,False,
29948,THOUSAND LIGHTS,20,CHENNAI,Prabhakaran.T,IND,IND,NONE,M,55,10th Grade (SSLC),0,0,293,,,,False,,False,
29950,THOUSAND LIGHTS,20,CHENNAI,Prabhakaran.V,IND,IND,NONE,M,30,Not Specified,0,0,,,,,False,,False,
29944,THOUSAND LIGHTS,20,CHENNAI,Sathya.A,IND,IND,NONE,M,29,Bachelor's Degree,0,0,21600000,,,,False,,False,
29943,THOUSAND LIGHTS,20,CHENNAI,Shankar.V,IND,IND,NONE,M,56,10th Grade (SSLC),0,0,250000,,,,False,,False,
29945,THOUSAND LIGHTS,20,CHENNAI,Sundara Raju.A,IND,IND,NONE,M,71,Master's Degree,0,0,4340000,,,,False,,False,
29952,THOUSAND LIGHTS,20,CHENNAI,Valarmathi.E,IND,IND,NONE,F,62,8th Grade,0,0,285000,,,,False,,False,
29953,THOUSAND LIGHTS,20,CHENNAI,Valarmathy.D,IND,IND,NONE,F,49,8th Grade,0,0,566000,,,,False,,False,
29954,THOUSAND LIGHTS,20,CHENNAI,Vijay.D,IND,IND,NONE,M,43,12th Grade (HSC / +2),0,0,406000,,,,False,,False,
29938,THOUSAND LIGHTS,20,CHENNAI,Kalanchiyam.Mu,NTK,NTK,NTK,M,50,Bachelor's Degree,0,0,2610000,,,,False,,False,
29941,THOUSAND LIGHTS,20,CHENNAI,Mohamed Ghouse.H,TAVK,TAVK,OTHERS,M,43,Master's Degree,0,0,1991000,,,,False,,False,
29940,THOUSAND LIGHTS,20,CHENNAI,Prabhakar.J.C.D,Tamilaga Vettri Kazhagam,TVK,TVK,M,73,Bachelor's Degree,0,0,8636000,,,,False,,False,
29955,ANNA NAGAR,21,CHENNAI,S.Gokula Indira,AIADMK,AIADMK,,F,59,Master's Degree,0,0,25900000,,,,False,,False,
29957,ANNA NAGAR,21,CHENNAI,N.Chitrarasu,DMK,DMK,INDIA,M,47,Not Specified,0,0,127300000,,,,False,,False,
29965,ANNA NAGAR,21,CHENNAI,G Omprakash,IND,IND,NONE,M,51,Not Specified,0,0,,,,,False,,False,
29968,ANNA NAGAR,21,CHENNAI,G.Siva Kumar,IND,IND,NONE,M,46,Not Specified,0,0,193000,,,,False,,False,
29971,ANNA NAGAR,21,CHENNAI,J Nagaraj,IND,IND,NONE,M,48,Diploma / ITI,0,0,400000,,,,False,,False,
29977,ANNA NAGAR,21,CHENNAI,Janarthanan P,IND,IND,NONE,M,33,Bachelor's Degree,0,0,641000,,,,False,,False,
29966,ANNA NAGAR,21,CHENNAI,L Kasinathan,IND,IND,NONE,M,69,Bachelor's Degree,0,0,11100000,,,,False,,False,
29970,ANNA NAGAR,21,CHENNAI,L Narendran,IND,IND,NONE,M,58,10th Grade (SSLC),0,0,400000,,,,False,,False,
29978,ANNA NAGAR,21,CHENNAI,M Harishankar,IND,IND,NONE,M,50,Diploma / ITI,0,0,42792,,,,False,,False,
29972,ANNA NAGAR,21,CHENNAI,M Manoharan,IND,IND,NONE,M,52,7th Grade,0,0,195000,,,,False,,False,
29969,ANNA NAGAR,21,CHENNAI,M Selvamuthukumar,IND,IND,NONE,M,54,Bachelor's Degree,0,0,17305,,,,False,,False,
29973,ANNA NAGAR,21,CHENNAI,Mohammed Bilal Fathick,IND,IND,NONE,M,34,Bachelor's Degree,0,0,630000,,,,False,,False,
29975,ANNA NAGAR,21,CHENNAI,Rajendiran Naidu,IND,IND,NONE,M,68,Master's Degree,0,0,19800000,,,,False,,False,
29974,ANNA NAGAR,21,CHENNAI,Ramamoorthy E,IND,IND,NONE,M,44,Bachelor's Degree,0,0,1046000,,,,False,,False,
29964,ANNA NAGAR,21,CHENNAI,S Ansar Ali,IND,IND,NONE,M,54,Not Specified,0,0,16500,,,,False,,False,
29967,ANNA NAGAR,21,CHENNAI,S Sathish Kumar,IND,IND,NONE,M,36,Bachelor's Degree,0,0,173000,,,,False,,False,
29976,ANNA NAGAR,21,CHENNAI,S Vinesh Kumar,IND,IND,NONE,M,38,Bachelor's Degree,0,0,90000,,,,False,,False,
29963,ANNA NAGAR,21,CHENNAI,T S Habeeb Mohammad,IND,IND,NONE,M,36,8th Grade,0,0,15087,,,,False,,False,
29962,ANNA NAGAR,21,CHENNAI,N.P.Rajha,NIP,NIP,,M,53,Master's Degree,0,0,158600000,,,,False,,False,
29956,ANNA NAGAR,21,CHENNAI,S.Shankar,NTK,NTK,NTK,M,53,Bachelor's Degree,0,0,5892000,,,,False,,False,
29959,ANNA NAGAR,21,CHENNAI,S.Dhayalan,TaMC,TAMC,,M,50,8th Grade,0,0,50000,,,,False,,False,
29958,ANNA NAGAR,21,CHENNAI,B.Anand,TK,TK,,M,42,10th Grade (SSLC),0,0,974000,,,,False,,False,
29961,ANNA NAGAR,21,CHENNAI,E.V.S.Rajakumar Naidu,TTNP,TTNP,,M,57,Master's Degree,0,0,14600000,,,,False,,False,
29960,ANNA NAGAR,21,CHENNAI,V.K.Ramkumar,Tamilaga Vettri Kazhagam,TVK,TVK,M,45,Not Specified,0,0,25500000,,,,False,,False,
29981,VIRUGAMPAKKAM,22,CHENNAI,Virugai V.N.Ravi,AIADMK,AIADMK,,M,63,Bachelor's Degree,0,0,48500000,,,,False,,False,
29986,VIRUGAMPAKKAM,22,CHENNAI,Roy George,APTADMK,APTADMK,,M,63,Diploma / ITI,0,0,8275000,,,,False,,False,
29980,VIRUGAMPAKKAM,22,CHENNAI,Prabhakara Raja.A.M.V,DMK,DMK,INDIA,M,38,Master's Degree,0,0,22800000,,,,False,,False,
29988,VIRUGAMPAKKAM,22,CHENNAI,Alex Pandian.K,IND,IND,NONE,M,27,Bachelor's Degree,0,0,,,,,False,,False,
29995,VIRUGAMPAKKAM,22,CHENNAI,Chandra Sekar.K,IND,IND,NONE,M,44,12th Grade (HSC / +2),0,0,5650000,,,,False,,False,
29998,VIRUGAMPAKKAM,22,CHENNAI,Dineshkumar.N,IND,IND,NONE,M,34,Bachelor's Degree,0,0,1233000,,,,False,,False,
29989,VIRUGAMPAKKAM,22,CHENNAI,Esakkimuthunadar.P,IND,IND,NONE,M,68,Not Specified,0,0,30000,,,,False,,False,
29990,VIRUGAMPAKKAM,22,CHENNAI,Ezhilraj.D,IND,IND,NONE,M,35,Master's Degree,0,0,165000,,,,False,,False,
29993,VIRUGAMPAKKAM,22,CHENNAI,Gopinath.G,IND,IND,NONE,M,37,Bachelor's Degree,0,0,295000,,,,False,,False,
29991,VIRUGAMPAKKAM,22,CHENNAI,Karthick.M,IND,IND,NONE,M,32,Master's Degree,0,0,528000,,,,False,,False,
29992,VIRUGAMPAKKAM,22,CHENNAI,Kumar.S,IND,IND,NONE,M,57,12th Grade (HSC / +2),0,0,1501000,,,,False,,False,
30001,VIRUGAMPAKKAM,22,CHENNAI,Lukmanbabu.S,IND,IND,NONE,M,53,8th Grade,0,0,93000,,,,False,,False,
29999,VIRUGAMPAKKAM,22,CHENNAI,Rangaraj.G,IND,IND,NONE,M,49,12th Grade (HSC / +2),0,0,2603000,,,,False,,False,
30000,VIRUGAMPAKKAM,22,CHENNAI,Ravikumar,IND,IND,NONE,M,47,Bachelor's Degree,0,0,15500000,,,,False,,False,
29996,VIRUGAMPAKKAM,22,CHENNAI,Sabarinathan.P,IND,IND,NONE,M,40,8th Grade,0,0,308000,,,,False,,False,
29994,VIRUGAMPAKKAM,22,CHENNAI,Sankar.E,IND,IND,NONE,M,54,10th Grade (SSLC),0,0,31700000,,,,False,,False,
29997,VIRUGAMPAKKAM,22,CHENNAI,Srinivasan.M,IND,IND,NONE,M,35,Master's Degree,0,0,31050,,,,False,,False,
30002,VIRUGAMPAKKAM,22,CHENNAI,Venkatesan.C,IND,IND,NONE,M,35,9th Grade,0,0,364000,,,,False,,False,
29984,VIRUGAMPAKKAM,22,CHENNAI,Balamurugan.P,NIP,NIP,,M,41,Bachelor's Degree,0,0,3051000,,,,False,,False,
29979,VIRUGAMPAKKAM,22,CHENNAI,Santhosh,NTK,NTK,NTK,M,37,12th Grade (HSC / +2),0,0,548000,,,,False,,False,
29987,VIRUGAMPAKKAM,22,CHENNAI,Jagadish.S,RPI (A),RPI (A),,M,28,12th Grade (HSC / +2),0,0,21000,,,,False,,False,
29985,VIRUGAMPAKKAM,22,CHENNAI,Muthuraj.T,TAVK,TAVK,OTHERS,M,41,5th Grade,0,0,14100000,,,,False,,False,
29983,VIRUGAMPAKKAM,22,CHENNAI,Sureshbabu.T.M,TTNP,TTNP,,M,64,12th Grade (HSC / +2),0,0,9079000,,,,False,,False,
29982,VIRUGAMPAKKAM,22,CHENNAI,Sabarinathan.R,Tamilaga Vettri Kazhagam,TVK,TVK,M,30,Bachelor's Degree,0,0,2274000,,,,False,,False,
30007,SAIDAPET,23,CHENNAI,Senthamizhan. G,AMMK,AMMK,OTHERS,M,63,Not Specified,0,0,31600000,,,,False,,False,
30003,SAIDAPET,23,CHENNAI,Kumaran. G.P,BSP,BSP,OTHERS,M,45,12th Grade (HSC / +2),0,0,389000,,,,False,,False,
30004,SAIDAPET,23,CHENNAI,Subramanian. Ma,DMK,DMK,INDIA,M,66,Bachelor's Degree,0,0,10700000,,,,False,,False,
30010,SAIDAPET,23,CHENNAI,Anand. S,IND,IND,NONE,M,54,12th Grade (HSC / +2),0,0,132000,,,,False,,False,
30017,SAIDAPET,23,CHENNAI,Gingston. M,IND,IND,NONE,M,31,Bachelor's Degree,0,0,370000,,,,False,,False,
30011,SAIDAPET,23,CHENNAI,Kandhasamy. R (Alias) Babu,IND,IND,NONE,M,57,8th Grade,0,0,935000,,,,False,,False,
30012,SAIDAPET,23,CHENNAI,Prasad. N,IND,IND,NONE,M,31,Master's Degree,0,0,55000,,,,False,,False,
30013,SAIDAPET,23,CHENNAI,Prithviraj. A,IND,IND,NONE,M,47,10th Grade (SSLC),0,0,317000,,,,False,,False,
30015,SAIDAPET,23,CHENNAI,Raja. R,IND,IND,NONE,M,68,8th Grade,0,0,60000,,,,False,,False,
30016,SAIDAPET,23,CHENNAI,Valarmathi. P,IND,IND,NONE,F,47,Bachelor's Degree,0,0,2961000,,,,False,,False,
30014,SAIDAPET,23,CHENNAI,Yogaprakash. B,IND,IND,NONE,M,28,Bachelor's Degree,0,0,137000,,,,False,,False,
30009,SAIDAPET,23,CHENNAI,Parthiban. S,MGRMK,MGRMK,,M,59,10th Grade (SSLC),0,0,1600000,,,,False,,False,
30008,SAIDAPET,23,CHENNAI,Soundararajan. N,NIP,NIP,,M,35,Master's Degree,0,0,3556000,,,,False,,False,
30005,SAIDAPET,23,CHENNAI,Srividya. G,NTK,NTK,NTK,F,46,Bachelor's Degree,0,0,777000,,,,False,,False,
30006,SAIDAPET,23,CHENNAI,Arul Prakasam. M,Tamilaga Vettri Kazhagam,TVK,TVK,M,44,10th Grade (SSLC),0,0,10100000,,,,False,,False,
30019,THEAYAGARAYA NAGAR,24,CHENNAI,Sathiyanarayanan B,AIADMK,AIADMK,,M,62,Bachelor's Degree,0,0,,,,,False,,False,
30020,THEAYAGARAYA NAGAR,24,CHENNAI,Raja Anbazhagan,DMK,DMK,INDIA,M,46,Bachelor's Degree,0,0,363300000,,,,False,,False,
30022,THEAYAGARAYA NAGAR,24,CHENNAI,Ravi M L,DMSK,DMSK,OTHERS,M,60,Master's Degree,0,0,377000,,,,False,,False,
30023,THEAYAGARAYA NAGAR,24,CHENNAI,Abukither M,IND,IND,NONE,M,58,10th Grade (SSLC),0,0,47000,,,,False,,False,
30024,THEAYAGARAYA NAGAR,24,CHENNAI,Aravind Gosh Y T,IND,IND,NONE,M,49,Bachelor's Degree,0,0,4731000,,,,False,,False,
30031,THEAYAGARAYA NAGAR,24,CHENNAI,Badri S,IND,IND,NONE,M,43,Bachelor's Degree,0,0,7659000,,,,False,,False,
30032,THEAYAGARAYA NAGAR,24,CHENNAI,Balaji S,IND,IND,NONE,M,27,Bachelor's Degree,0,0,1006000,,,,False,,False,
30025,THEAYAGARAYA NAGAR,24,CHENNAI,Easan Natarajan T,IND,IND,NONE,M,42,Master's Degree,0,0,691000,,,,False,,False,
30028,THEAYAGARAYA NAGAR,24,CHENNAI,Gnanasekaran G,IND,IND,NONE,M,41,5th Grade,0,0,6300,,,,False,,False,
30042,THEAYAGARAYA NAGAR,24,CHENNAI,Jayavel,IND,IND,NONE,M,40,Master's Degree,0,0,135000,,,,False,,False,
30043,THEAYAGARAYA NAGAR,24,CHENNAI,Jothiraj G M,IND,IND,NONE,M,49,5th Grade,0,0,850000,,,,False,,False,
30026,THEAYAGARAYA NAGAR,24,CHENNAI,Kumar Sri Sri B,IND,IND,NONE,M,49,Not Specified,0,0,,,,,False,,False,
30035,THEAYAGARAYA NAGAR,24,CHENNAI,Manikandan N,IND,IND,NONE,M,49,Diploma / ITI,0,0,,,,,False,,False,
30034,THEAYAGARAYA NAGAR,24,CHENNAI,Manikandan T,IND,IND,NONE,M,36,10th Grade (SSLC),0,0,78000,,,,False,,False,
30036,THEAYAGARAYA NAGAR,24,CHENNAI,Moorthy N,IND,IND,NONE,M,44,8th Grade,0,0,56000,,,,False,,False,
30037,THEAYAGARAYA NAGAR,24,CHENNAI,Mythili C,IND,IND,NONE,F,43,Bachelor's Degree,0,0,,,,,False,,False,
30030,THEAYAGARAYA NAGAR,24,CHENNAI,Padmini Narasimhan,IND,IND,NONE,F,44,Not Specified,0,0,,,,,False,,False,
30033,THEAYAGARAYA NAGAR,24,CHENNAI,Prasath D,IND,IND,NONE,M,43,10th Grade (SSLC),0,0,500000,,,,False,,False,
30040,THEAYAGARAYA NAGAR,24,CHENNAI,Rajesh E,IND,IND,NONE,M,42,8th Grade,0,0,443000,,,,False,,False,
30039,THEAYAGARAYA NAGAR,24,CHENNAI,Ramachandran O N,IND,IND,NONE,M,29,Not Specified,0,0,367000,,,,False,,False,
30038,THEAYAGARAYA NAGAR,24,CHENNAI,Ramkumar L,IND,IND,NONE,M,36,Bachelor's Degree,0,0,268000,,,,False,,False,
30027,THEAYAGARAYA NAGAR,24,CHENNAI,Sathish Kumar B,IND,IND,NONE,M,42,10th Grade (SSLC),0,0,150000,,,,False,,False,
30029,THEAYAGARAYA NAGAR,24,CHENNAI,Thennarasu P,IND,IND,NONE,M,46,Bachelor's Degree,0,0,73000,,,,False,,False,
30041,THEAYAGARAYA NAGAR,24,CHENNAI,Vetrivel K,IND,IND,NONE,M,36,Not Specified,0,0,738000,,,,False,,False,
30018,THEAYAGARAYA NAGAR,24,CHENNAI,Anusha V,NTK,NTK,NTK,F,41,Bachelor's Degree,0,0,5681000,,,,False,,False,
30021,THEAYAGARAYA NAGAR,24,CHENNAI,Anand N,Tamilaga Vettri Kazhagam,TVK,TVK,M,62,9th Grade,0,0,20500000,,,,False,,False,
30049,MYLAPORE,25,CHENNAI,Nagarajan. S,AIJMK,AIJMK,OTHERS,M,54,Bachelor's Degree,0,0,50000,,,,False,,False,
30045,MYLAPORE,25,CHENNAI,Tamilisai Soundararajan,BJP,BJP,NDA,F,64,Bachelor's Degree,0,0,37700000,,,,False,,False,
30046,MYLAPORE,25,CHENNAI,Balaji. V,BSP,BSP,OTHERS,M,45,12th Grade (HSC / +2),0,0,690000,,,,False,,False,
30047,MYLAPORE,25,CHENNAI,Velu. Dha,DMK,DMK,INDIA,M,55,Bachelor's Degree,0,0,14800000,,,,False,,False,
30062,MYLAPORE,25,CHENNAI,Jayagopi. M,IND,IND,NONE,M,53,Bachelor's Degree,0,0,43500,,,,False,,False,
30054,MYLAPORE,25,CHENNAI,Parthipan. G,IND,IND,NONE,M,61,8th Grade,0,0,832000,,,,False,,False,
30055,MYLAPORE,25,CHENNAI,Radhakrishnan. G,IND,IND,NONE,M,46,10th Grade (SSLC),0,0,7631000,,,,False,,False,
30056,MYLAPORE,25,CHENNAI,Romanraj. A,IND,IND,NONE,M,48,12th Grade (HSC / +2),0,0,145000,,,,False,,False,
30053,MYLAPORE,25,CHENNAI,Selvamuthu. S,IND,IND,NONE,M,69,Not Specified,0,0,1495000,,,,False,,False,
30061,MYLAPORE,25,CHENNAI,Velu. K,IND,IND,NONE,M,42,10th Grade (SSLC),0,0,1615000,,,,False,,False,
30060,MYLAPORE,25,CHENNAI,Venkataraman. B,IND,IND,NONE,M,57,10th Grade (SSLC),0,0,500000,,,,False,,False,
30059,MYLAPORE,25,CHENNAI,Vijaya Krishna. V,IND,IND,NONE,M,47,Master's Degree,0,0,431000,,,,False,,False,
30058,MYLAPORE,25,CHENNAI,Vijayalakshmi. P,IND,IND,NONE,F,46,Bachelor's Degree,0,0,5800000,,,,False,,False,
30057,MYLAPORE,25,CHENNAI,Vinu Pradha. A,IND,IND,NONE,F,42,Master's Degree,0,0,13200000,,,,False,,False,
30051,MYLAPORE,25,CHENNAI,Mohanraj. J,JJ,JJ,OTHERS,M,74,Bachelor's Degree,0,0,10000000,,,,False,,False,
30044,MYLAPORE,25,CHENNAI,Arun. R.L,NTK,NTK,NTK,M,33,Bachelor's Degree,0,0,55300000,,,,False,,False,
30050,MYLAPORE,25,CHENNAI,Moorthy. S,TDK,TDK,,M,57,10th Grade (SSLC),0,0,9239000,,,,False,,False,
30048,MYLAPORE,25,CHENNAI,Devendran. R,TMMK,TMMK,OTHERS,M,61,Not Specified,0,0,30146,,,,False,,False,
30052,MYLAPORE,25,CHENNAI,Venkataramanan. P,Tamilaga Vettri Kazhagam,TVK,TVK,M,48,Not Specified,0,0,38900000,,,,False,,False,
30064,VELACHERY,26,CHENNAI,Ashok. M.K,AIADMK,AIADMK,,M,54,Master's Degree,0,0,,,,,False,,False,
30066,VELACHERY,26,CHENNAI,Mohanraj. K,BSP,BSP,OTHERS,M,38,Bachelor's Degree,0,0,8560,,,,False,,False,
30063,VELACHERY,26,CHENNAI,Aassan Maulaana J.M.H,INC,INC,INDIA,M,42,Master's Degree,0,0,,,,,False,,False,
30075,VELACHERY,26,CHENNAI,Ahammed Nazeer Khan,IND,IND,NONE,M,40,10th Grade (SSLC),0,0,5663,,,,False,,False,
30073,VELACHERY,26,CHENNAI,Ashok. M,IND,IND,NONE,M,46,9th Grade,0,0,534000,,,,False,,False,
30074,VELACHERY,26,CHENNAI,Azarutheen. M,IND,IND,NONE,M,37,Bachelor's Degree,0,0,2566000,,,,False,,False,
30082,VELACHERY,26,CHENNAI,Bhaskar. G,IND,IND,NONE,M,47,8th Grade,0,0,32000,,,,False,,False,
30081,VELACHERY,26,CHENNAI,Deepak Ravi,IND,IND,NONE,M,31,Bachelor's Degree,0,0,40000,,,,False,,False,
30080,VELACHERY,26,CHENNAI,Diwakar. R,IND,IND,NONE,M,28,Bachelor's Degree,0,0,20000,,,,False,,False,
30089,VELACHERY,26,CHENNAI,Janagaraj Ravi Gunaseelan,IND,IND,NONE,M,59,12th Grade (HSC / +2),0,0,3890000,,,,False,,False,
30077,VELACHERY,26,CHENNAI,Kala Pethachi,IND,IND,NONE,F,61,Diploma / ITI,0,0,6580000,,,,False,,False,
30076,VELACHERY,26,CHENNAI,Kannan. K,IND,IND,NONE,M,53,Bachelor's Degree,0,0,1176000,,,,False,,False,
30083,VELACHERY,26,CHENNAI,Mohan. R,IND,IND,NONE,M,69,8th Grade,0,0,802000,,,,False,,False,
30084,VELACHERY,26,CHENNAI,Radhakrishnan. D.R,IND,IND,NONE,M,43,Bachelor's Degree,0,0,59000,,,,False,,False,
30085,VELACHERY,26,CHENNAI,Rajasekar. S,IND,IND,NONE,M,37,12th Grade (HSC / +2),0,0,2329000,,,,False,,False,
30086,VELACHERY,26,CHENNAI,Ritish,IND,IND,NONE,M,36,Diploma / ITI,0,0,32527,,,,False,,False,
30078,VELACHERY,26,CHENNAI,Sarabeshwar Sisu. P,IND,IND,NONE,M,25,Bachelor's Degree,0,0,10000,,,,False,,False,
30079,VELACHERY,26,CHENNAI,Suresh K,IND,IND,NONE,M,49,8th Grade,0,0,21451,,,,False,,False,
30087,VELACHERY,26,CHENNAI,Vignesh. M,IND,IND,NONE,M,34,Master's Degree,0,0,40330,,,,False,,False,
30088,VELACHERY,26,CHENNAI,Vignesh. R,IND,IND,NONE,M,31,Bachelor's Degree,0,0,687,,,,False,,False,
30065,VELACHERY,26,CHENNAI,Keerthana. M,NTK,NTK,NTK,F,33,Master's Degree,0,0,7910000,,,,False,,False,
30069,VELACHERY,26,CHENNAI,Poyyamozhi. M,PSS,PSS,,M,69,12th Grade (HSC / +2),0,0,13400000,,,,False,,False,
30072,VELACHERY,26,CHENNAI,Rokesh Kumar. V,TAVK,TAVK,OTHERS,M,30,Diploma / ITI,0,0,17500,,,,False,,False,
30071,VELACHERY,26,CHENNAI,Mohamed Yaseen. I,TK,TK,,M,30,Bachelor's Degree,0,0,162000,,,,False,,False,
30067,VELACHERY,26,CHENNAI,Kanchana. R,TMMK,TMMK,OTHERS,F,48,Master's Degree,0,0,1727000,,,,False,,False,
30068,VELACHERY,26,CHENNAI,Kumar. R,Tamilaga Vettri Kazhagam,TVK,TVK,M,60,Bachelor's Degree,0,0,960400000,,,,False,,False,
30070,VELACHERY,26,CHENNAI,Mani. M,VTVTK,VTVTK,,M,49,7th Grade,0,0,107000,,,,False,,False,
30091,SHOZHINGANALLUR,27,KANCHIPURAM,K.P.Kandan,AIADMK,AIADMK,,M,63,8th Grade,0,0,263800000,,,,False,,False,
30098,SHOZHINGANALLUR,27,KANCHIPURAM,K.Vishwanathan,AIPTMMK,AIPTMMK,,M,40,Master's Degree,0,0,695000,,,,False,,False,
30092,SHOZHINGANALLUR,27,KANCHIPURAM,S.Pushna Kumar,BSP,BSP,OTHERS,M,41,10th Grade (SSLC),0,0,479000,,,,False,,False,
30095,SHOZHINGANALLUR,27,KANCHIPURAM,M.Christhu Dass,DJMK,DJMK,,M,48,Bachelor's Degree,0,0,3752000,,,,False,,False,
30090,SHOZHINGANALLUR,27,KANCHIPURAM,S.Aravind Ramesh,DMK,DMK,INDIA,M,58,10th Grade (SSLC),0,0,54700000,,,,False,,False,
30108,SHOZHINGANALLUR,27,KANCHIPURAM,A.Mohammed Gani,IND,IND,NONE,M,45,8th Grade,0,0,215000,,,,False,,False,
30104,SHOZHINGANALLUR,27,KANCHIPURAM,Chandrasekaran,IND,IND,NONE,M,41,Bachelor's Degree,0,0,15100,,,,False,,False,
30105,SHOZHINGANALLUR,27,KANCHIPURAM,D.Srinivasan,IND,IND,NONE,M,46,Not Specified,0,0,,,,,False,,False,
30110,SHOZHINGANALLUR,27,KANCHIPURAM,E.Murali B.A,IND,IND,NONE,M,48,Bachelor's Degree,0,0,467000,,,,False,,False,
30114,SHOZHINGANALLUR,27,KANCHIPURAM,E.Vijay,IND,IND,NONE,M,31,Not Specified,0,0,,,,,False,,False,
30115,SHOZHINGANALLUR,27,KANCHIPURAM,Farmer Jayaraman S K J,IND,IND,NONE,M,50,12th Grade (HSC / +2),0,0,28300000,,,,False,,False,
30106,SHOZHINGANALLUR,27,KANCHIPURAM,G Suresh Kumar,IND,IND,NONE,M,39,Master's Degree,0,0,3306000,,,,False,,False,
30116,SHOZHINGANALLUR,27,KANCHIPURAM,Jaikumar Balachandran,IND,IND,NONE,M,35,10th Grade (SSLC),0,0,23500,,,,False,,False,
30109,SHOZHINGANALLUR,27,KANCHIPURAM,Mutharasan,IND,IND,NONE,M,39,Bachelor's Degree,0,0,417000,,,,False,,False,
30107,SHOZHINGANALLUR,27,KANCHIPURAM,N.Prashantha Rao,IND,IND,NONE,M,33,Not Specified,0,0,1283000,,,,False,,False,
30103,SHOZHINGANALLUR,27,KANCHIPURAM,P.Chandra Kanth,IND,IND,NONE,M,32,Master's Degree,0,0,,,,,False,,False,
30099,SHOZHINGANALLUR,27,KANCHIPURAM,R Ravichandran,IND,IND,NONE,M,60,8th Grade,0,0,1030000,,,,False,,False,
30111,SHOZHINGANALLUR,27,KANCHIPURAM,R.Yogeshwaran,IND,IND,NONE,M,35,12th Grade (HSC / +2),0,0,317000,,,,False,,False,
30113,SHOZHINGANALLUR,27,KANCHIPURAM,Rajesh,IND,IND,NONE,M,26,Bachelor's Degree,0,0,820000,,,,False,,False,
30112,SHOZHINGANALLUR,27,KANCHIPURAM,Ramanathan M,IND,IND,NONE,M,30,Not Specified,0,0,622000,,,,False,,False,
30102,SHOZHINGANALLUR,27,KANCHIPURAM,S.Govindhan,IND,IND,NONE,M,45,Bachelor's Degree,0,0,819000,,,,False,,False,
30101,SHOZHINGANALLUR,27,KANCHIPURAM,S.Karthik,IND,IND,NONE,M,30,12th Grade (HSC / +2),0,0,48000,,,,False,,False,
30100,SHOZHINGANALLUR,27,KANCHIPURAM,V.Kandhan,IND,IND,NONE,M,46,10th Grade (SSLC),0,0,5360000,,,,False,,False,
30097,SHOZHINGANALLUR,27,KANCHIPURAM,M.G.Ramu,JJ,JJ,OTHERS,M,59,10th Grade (SSLC),0,0,24000,,,,False,,False,
30094,SHOZHINGANALLUR,27,KANCHIPURAM,M.Alexandar,NIP,NIP,,M,43,Diploma / ITI,0,0,149000,,,,False,,False,
30093,SHOZHINGANALLUR,27,KANCHIPURAM,R Jayalakshmi,NTK,NTK,NTK,F,39,Master's Degree,0,0,20900000,,,,False,,False,
30096,SHOZHINGANALLUR,27,KANCHIPURAM,Ecr P Saravanan,Tamilaga Vettri Kazhagam,TVK,TVK,M,45,5th Grade,0,0,4774000,,,,False,,False,
30118,ALANDUR,28,KANCHIPURAM,S.Saravanan,AIADMK,AIADMK,,M,37,8th Grade,0,0,269000,,,,False,,False,
30125,ALANDUR,28,KANCHIPURAM,N.Hari Krishnan,AIPTMMK,AIPTMMK,,M,50,Not Specified,0,0,455000,,,,False,,False,
30117,ALANDUR,28,KANCHIPURAM,T.M.Anbarasan,DMK,DMK,INDIA,M,66,10th Grade (SSLC),0,0,83000000,,,,False,,False,
30121,ALANDUR,28,KANCHIPURAM,Aravind Chandrasekar,IDMK,IDMK,,M,41,Master's Degree,0,0,309000,,,,False,,False,
30128,ALANDUR,28,KANCHIPURAM,A.Saravanan,IND,IND,NONE,M,36,10th Grade (SSLC),0,0,249,,,,False,,False,
30130,ALANDUR,28,KANCHIPURAM,D.Saravanan,IND,IND,NONE,M,56,10th Grade (SSLC),0,0,50080,,,,False,,False,
30135,ALANDUR,28,KANCHIPURAM,G.Daniel Antonyraj,IND,IND,NONE,M,41,Not Specified,0,0,5348000,,,,False,,False,
30137,ALANDUR,28,KANCHIPURAM,G.Ramanan,IND,IND,NONE,M,30,Bachelor's Degree,0,0,2330000,,,,False,,False,
30138,ALANDUR,28,KANCHIPURAM,K.Velayudham,IND,IND,NONE,M,48,10th Grade (SSLC),0,0,187000,,,,False,,False,
30139,ALANDUR,28,KANCHIPURAM,M.Harish,IND,IND,NONE,M,25,Bachelor's Degree,0,0,53128,,,,False,,False,
30136,ALANDUR,28,KANCHIPURAM,Mahesh Kumar,IND,IND,NONE,M,26,12th Grade (HSC / +2),0,0,150000,,,,False,,False,
30131,ALANDUR,28,KANCHIPURAM,R.Saravanan,IND,IND,NONE,M,42,10th Grade (SSLC),0,0,142,,,,False,,False,
30134,ALANDUR,28,KANCHIPURAM,R.Selvakumar,IND,IND,NONE,M,32,Not Specified,0,0,,,,,False,,False,
30132,ALANDUR,28,KANCHIPURAM,R.Suresh,IND,IND,NONE,M,39,Bachelor's Degree,0,0,205000,,,,False,,False,
30129,ALANDUR,28,KANCHIPURAM,S.Saravanan,IND,IND,NONE,M,37,8th Grade,0,0,269,,,,False,,False,
30133,ALANDUR,28,KANCHIPURAM,Senkodi Vijayalakshmi,IND,IND,NONE,F,43,Master's Degree,0,0,1000,,,,False,,False,
30127,ALANDUR,28,KANCHIPURAM,V.Anbarasan,IND,IND,NONE,M,37,Bachelor's Degree,0,0,519000,,,,False,,False,
30122,ALANDUR,28,KANCHIPURAM,B.Kalyanaramkumar,NIP,NIP,,M,37,Master's Degree,0,0,241000,,,,False,,False,
30120,ALANDUR,28,KANCHIPURAM,J.Agni Selvarasu,NMK,NMK,OTHERS,M,43,Doctorate (Ph.D / MD),0,0,4405000,,,,False,,False,
30119,ALANDUR,28,KANCHIPURAM,Y.G.Mahalakshmi,NTK,NTK,NTK,F,33,Bachelor's Degree,0,0,969000,,,,False,,False,
30124,ALANDUR,28,KANCHIPURAM,A.Velusamy,PT,PT,OTHERS,M,46,5th Grade,0,0,12000,,,,False,,False,
30123,ALANDUR,28,KANCHIPURAM,S.Royappan,TAVK,TAVK,OTHERS,M,48,Bachelor's Degree,0,0,420000,,,,False,,False,
30126,ALANDUR,28,KANCHIPURAM,M.Harish,Tamilaga Vettri Kazhagam,TVK,TVK,M,31,Bachelor's Degree,0,0,12400000,,,,False,,False,
30142,SRIPERUMBUDUR,29,KANCHIPURAM,K.Palani,AIADMK,AIADMK,,M,64,5th Grade,0,0,2201000,,,,False,,False,
30143,SRIPERUMBUDUR,29,KANCHIPURAM,A.Guruanandhan,AIADMSK,AIADMSK,,M,34,10th Grade (SSLC),0,0,,,,,False,,False,
30147,SRIPERUMBUDUR,29,KANCHIPURAM,D.Purushothaman,AIPTMMK,AIPTMMK,,M,41,Bachelor's Degree,0,0,6308000,,,,False,,False,
30145,SRIPERUMBUDUR,29,KANCHIPURAM,M.Tamilarasan,CPI(ML),CPI(ML),,M,30,Not Specified,0,0,3957000,,,,False,,False,
30141,SRIPERUMBUDUR,29,KANCHIPURAM,K.Selvaperunthagai,INC,INC,INDIA,M,65,Bachelor's Degree,0,0,427900000,,,,False,,False,
30150,SRIPERUMBUDUR,29,KANCHIPURAM,E.Murugan,IND,IND,NONE,M,49,9th Grade,0,0,389000,,,,False,,False,
30148,SRIPERUMBUDUR,29,KANCHIPURAM,Elangovan Sivakumar,IND,IND,NONE,M,43,Bachelor's Degree,0,0,943000,,,,False,,False,
30151,SRIPERUMBUDUR,29,KANCHIPURAM,G.Rajathi,IND,IND,NONE,F,37,Bachelor's Degree,0,0,545000,,,,False,,False,
30149,SRIPERUMBUDUR,29,KANCHIPURAM,J.Nithya,IND,IND,NONE,F,33,Bachelor's Degree,0,0,,,,,False,,False,
30152,SRIPERUMBUDUR,29,KANCHIPURAM,P.Vedhagiri,IND,IND,NONE,M,55,5th Grade,0,0,81901,,,,False,,False,
30140,SRIPERUMBUDUR,29,KANCHIPURAM,M.Sindhu Ezhilarasan,NTK,NTK,NTK,F,32,Bachelor's Degree,0,0,4716000,,,,False,,False,
30144,SRIPERUMBUDUR,29,KANCHIPURAM,A.Gnanasekaran,TAVK,TAVK,OTHERS,M,36,Bachelor's Degree,0,0,421000,,,,False,,False,
30146,SRIPERUMBUDUR,29,KANCHIPURAM,Thennarasu.K,Tamilaga Vettri Kazhagam,TVK,TVK,M,36,10th Grade (SSLC),0,0,1163000,,,,False,,False,
30156,PALLAVARAM,30,KANCHIPURAM,V.Venkatesan,AIADMK,AIADMK,,M,54,Doctorate (Ph.D / MD),0,0,339000000,,,,False,,False,
30164,PALLAVARAM,30,KANCHIPURAM,R.Rajkumar,AIPTMMK,AIPTMMK,,M,56,Not Specified,0,0,3943000,,,,False,,False,
30154,PALLAVARAM,30,KANCHIPURAM,N.Bharathi,BSP,BSP,OTHERS,F,25,Bachelor's Degree,0,0,500,,,,False,,False,
30155,PALLAVARAM,30,KANCHIPURAM,D.Murugesan,DMDK,DMDK,NDA,M,62,9th Grade,0,0,1160000,,,,False,,False,
30158,PALLAVARAM,30,KANCHIPURAM,M.L.Ravi,DMSK,DMSK,OTHERS,M,60,Master's Degree,0,0,377000,,,,False,,False,
30161,PALLAVARAM,30,KANCHIPURAM,G.Rameshbabu,IDMK,IDMK,,M,52,12th Grade (HSC / +2),0,0,120000,,,,False,,False,
30175,PALLAVARAM,30,KANCHIPURAM,G.John Pandian,IND,IND,NONE,M,46,12th Grade (HSC / +2),0,0,669000,,,,False,,False,
30165,PALLAVARAM,30,KANCHIPURAM,M.Sankar,IND,IND,NONE,M,51,5th Grade,0,0,635000,,,,False,,False,
30167,PALLAVARAM,30,KANCHIPURAM,M.Sivakumar,IND,IND,NONE,M,34,Bachelor's Degree,0,0,6134000,,,,False,,False,
30171,PALLAVARAM,30,KANCHIPURAM,N.Ramkumar,IND,IND,NONE,M,35,Diploma / ITI,0,0,55000,,,,False,,False,
30170,PALLAVARAM,30,KANCHIPURAM,P.Ravichandran,IND,IND,NONE,M,47,Bachelor's Degree,0,0,1955000,,,,False,,False,
30174,PALLAVARAM,30,KANCHIPURAM,R.Jawahar,IND,IND,NONE,M,61,Master's Degree,0,0,4599000,,,,False,,False,
30169,PALLAVARAM,30,KANCHIPURAM,R.Muthukumar,IND,IND,NONE,M,49,10th Grade (SSLC),0,0,1000,,,,False,,False,
30172,PALLAVARAM,30,KANCHIPURAM,Rajesh T R,IND,IND,NONE,M,33,Bachelor's Degree,0,0,427000,,,,False,,False,
30166,PALLAVARAM,30,KANCHIPURAM,S.Sathiyaraj,IND,IND,NONE,M,31,Bachelor's Degree,0,0,712000,,,,False,,False,
30168,PALLAVARAM,30,KANCHIPURAM,S.Sundaramoorthy Pandiyar,IND,IND,NONE,M,61,12th Grade (HSC / +2),0,0,1427000,,,,False,,False,
30173,PALLAVARAM,30,KANCHIPURAM,S.Vetri Vel,IND,IND,NONE,M,30,Bachelor's Degree,0,0,561000,,,,False,,False,
30157,PALLAVARAM,30,KANCHIPURAM,T.Amirtha Kanthan,NIP,NIP,,M,44,Diploma / ITI,0,0,2636000,,,,False,,False,
30163,PALLAVARAM,30,KANCHIPURAM,B.Rajeswari,NMK,NMK,OTHERS,F,50,12th Grade (HSC / +2),0,0,4617000,,,,False,,False,
30153,PALLAVARAM,30,KANCHIPURAM,Dr.R.Karthikeyan,NTK,NTK,NTK,M,38,Doctorate (Ph.D / MD),0,0,66500000,,,,False,,False,
30160,PALLAVARAM,30,KANCHIPURAM,A.Thangaraj,PT,PT,OTHERS,M,65,Bachelor's Degree,0,0,11300000,,,,False,,False,
30162,PALLAVARAM,30,KANCHIPURAM,S.Rahamathulla,TAVK,TAVK,OTHERS,M,36,Diploma / ITI,0,0,1771000,,,,False,,False,
30159,PALLAVARAM,30,KANCHIPURAM,J.Kamatchi,Tamilaga Vettri Kazhagam,TVK,TVK,F,44,10th Grade (SSLC),0,0,255200000,,,,False,,False,
30176,TAMBARAM,31,KANCHIPURAM,C.Rajendran,AIADMK,AIADMK,,M,65,Bachelor's Degree,0,0,73300000,,,,False,,False,
30179,TAMBARAM,31,KANCHIPURAM,M.Raja,BSP,BSP,OTHERS,M,27,10th Grade (SSLC),0,0,1090000,,,,False,,False,
30183,TAMBARAM,31,KANCHIPURAM,S.Parthiban,DMA,DMA,,M,35,9th Grade,0,0,622000,,,,False,,False,
30177,TAMBARAM,31,KANCHIPURAM,R.S.Kiruthika Devi,DMK,DMK,INDIA,F,55,Bachelor's Degree,0,0,128900000,,,,False,,False,
30190,TAMBARAM,31,KANCHIPURAM,M.Jacob,IND,IND,NONE,M,48,12th Grade (HSC / +2),0,0,1552000,,,,False,,False,
30189,TAMBARAM,31,KANCHIPURAM,R.Ravikumar,IND,IND,NONE,M,61,9th Grade,0,0,35000,,,,False,,False,
30188,TAMBARAM,31,KANCHIPURAM,S.Balasubramanian,IND,IND,NONE,M,45,10th Grade (SSLC),0,0,255000,,,,False,,False,
30185,TAMBARAM,31,KANCHIPURAM,S.Karthik,IND,IND,NONE,M,31,Bachelor's Degree,0,0,26000,,,,False,,False,
30186,TAMBARAM,31,KANCHIPURAM,Sarathkumar. R,IND,IND,NONE,M,31,Bachelor's Degree,0,0,4890000,,,,False,,False,
30187,TAMBARAM,31,KANCHIPURAM,T.Dhivakaran,IND,IND,NONE,M,49,10th Grade (SSLC),0,0,10000,,,,False,,False,
30182,TAMBARAM,31,KANCHIPURAM,Thambiraj.E,NIP,NIP,,M,39,Master's Degree,0,0,148000,,,,False,,False,
30178,TAMBARAM,31,KANCHIPURAM,S.Tamilchelvi,NTK,NTK,NTK,F,63,Doctorate (Ph.D / MD),0,0,22900000,,,,False,,False,
30184,TAMBARAM,31,KANCHIPURAM,P.Pon Raja,TAVK,TAVK,OTHERS,M,43,9th Grade,0,0,1862000,,,,False,,False,
30180,TAMBARAM,31,KANCHIPURAM,D.Sarathkumar,Tamilaga Vettri Kazhagam,TVK,TVK,M,34,Bachelor's Degree,0,0,,,,,False,,False,
30181,TAMBARAM,31,KANCHIPURAM,Sivaraman.S,VTVTK,VTVTK,,M,62,Bachelor's Degree,0,0,3081000,,,,False,,False,
30192,CHENGALPATTU,32,KANCHIPURAM,M.Gajendran,AIADMK,AIADMK,,M,47,Bachelor's Degree,0,0,42600000,,,,False,,False,
30194,CHENGALPATTU,32,KANCHIPURAM,S.Saravanan,BSP,BSP,OTHERS,M,46,Not Specified,0,0,422000,,,,False,,False,
30193,CHENGALPATTU,32,KANCHIPURAM,Karthikdhandapani,DMK,DMK,INDIA,M,43,Bachelor's Degree,0,0,36900000,,,,False,,False,
30198,CHENGALPATTU,32,KANCHIPURAM,A.Esakkiappan,IND,IND,NONE,M,44,Bachelor's Degree,0,0,228000,,,,False,,False,
30204,CHENGALPATTU,32,KANCHIPURAM,C.Vimalraj,IND,IND,NONE,M,34,Master's Degree,0,0,181000,,,,False,,False,
30200,CHENGALPATTU,32,KANCHIPURAM,G.Christopher,IND,IND,NONE,M,29,Bachelor's Degree,0,0,21000,,,,False,,False,
30199,CHENGALPATTU,32,KANCHIPURAM,Karthick.A,IND,IND,NONE,M,33,Diploma / ITI,0,0,2966000,,,,False,,False,
30197,CHENGALPATTU,32,KANCHIPURAM,M.Anandan,IND,IND,NONE,M,41,10th Grade (SSLC),0,0,120000,,,,False,,False,
30205,CHENGALPATTU,32,KANCHIPURAM,P.George Devadoss,IND,IND,NONE,M,48,Bachelor's Degree,0,0,1245000,,,,False,,False,
30201,CHENGALPATTU,32,KANCHIPURAM,S.Delhi Babu,IND,IND,NONE,M,51,Master's Degree,0,0,266000,,,,False,,False,
30202,CHENGALPATTU,32,KANCHIPURAM,T.Prem Balaji,IND,IND,NONE,M,51,Bachelor's Degree,0,0,83419,,,,False,,False,
30203,CHENGALPATTU,32,KANCHIPURAM,V.Ramakrishnan,IND,IND,NONE,M,45,Diploma / ITI,0,0,1565000,,,,False,,False,
30191,CHENGALPATTU,32,KANCHIPURAM,Amutha.N,NTK,NTK,NTK,F,56,Bachelor's Degree,0,0,2363000,,,,False,,False,
30195,CHENGALPATTU,32,KANCHIPURAM,S.Selvam (A) Chella,TAVK,TAVK,OTHERS,M,44,Bachelor's Degree,0,0,3807000,,,,False,,False,
30196,CHENGALPATTU,32,KANCHIPURAM,S.Thiyagarajan,Tamilaga Vettri Kazhagam,TVK,TVK,M,37,Bachelor's Degree,0,0,6115000,,,,False,,False,
30208,THIRUPORUR,33,KANCHIPURAM,Dr.D.Vinoth Kumar,BSP,BSP,OTHERS,M,36,12th Grade (HSC / +2),0,0,1921000,,,,False,,False,
30215,THIRUPORUR,33,KANCHIPURAM,D.Panneerselvam,IND,IND,NONE,M,48,9th Grade,0,0,508000,,,,False,,False,
30214,THIRUPORUR,33,KANCHIPURAM,S.Gnanasekaran,IND,IND,NONE,M,33,Bachelor's Degree,0,0,615000,,,,False,,False,
30216,THIRUPORUR,33,KANCHIPURAM,S.Meshak,IND,IND,NONE,M,46,8th Grade,0,0,9493000,,,,False,,False,
30213,THIRUPORUR,33,KANCHIPURAM,V M Chandiran,IND,IND,NONE,M,34,Bachelor's Degree,0,0,119000,,,,False,,False,
30209,THIRUPORUR,33,KANCHIPURAM,A.Selvaraj,MAMK,MAMK,,M,46,Not Specified,0,0,,,,,False,,False,
30206,THIRUPORUR,33,KANCHIPURAM,Ambeth Rajan,NTK,NTK,NTK,M,70,Bachelor's Degree,0,0,30300000,,,,False,,False,
30211,THIRUPORUR,33,KANCHIPURAM,K.Balu,PMK,PMK,NDA,M,55,Bachelor's Degree,0,0,50100000,,,,False,,False,
30210,THIRUPORUR,33,KANCHIPURAM,V.Desappan,SP,SP,OTHERS,M,43,9th Grade,0,0,727000,,,,False,,False,
30212,THIRUPORUR,33,KANCHIPURAM,B.Vijayaraj,Tamilaga Vettri Kazhagam,TVK,TVK,M,32,Bachelor's Degree,0,0,3570000,,,,False,,False,
30207,THIRUPORUR,33,KANCHIPURAM,R.Panneerdoss,VCK,VCK,INDIA,M,57,Bachelor's Degree,0,0,107300000,,,,False,,False,
30219,CHEYYUR,34,KANCHIPURAM,Rajasekar. E,AIADMK,AIADMK,,M,64,Not Specified,0,0,1890000000,,,,False,,False,
30221,CHEYYUR,34,KANCHIPURAM,Murugavel. A,AIPTMMK,AIPTMMK,,M,49,Bachelor's Degree,0,0,258000,,,,False,,False,
30223,CHEYYUR,34,KANCHIPURAM,Ambethkar. S,IND,IND,NONE,M,46,6th Grade,0,0,52000,,,,False,,False,
30224,CHEYYUR,34,KANCHIPURAM,Arun. C,IND,IND,NONE,M,37,12th Grade (HSC / +2),0,0,10000,,,,False,,False,
30225,CHEYYUR,34,KANCHIPURAM,Ezhil. E,IND,IND,NONE,M,34,10th Grade (SSLC),0,0,52000,,,,False,,False,
30227,CHEYYUR,34,KANCHIPURAM,Gopikrishna. D,IND,IND,NONE,M,39,Bachelor's Degree,0,0,,,,,False,,False,
30229,CHEYYUR,34,KANCHIPURAM,Jegan. M,IND,IND,NONE,M,31,Not Specified,0,0,,,,,False,,False,
30226,CHEYYUR,34,KANCHIPURAM,Krishnakanth. E,IND,IND,NONE,M,32,10th Grade (SSLC),0,0,81000,,,,False,,False,
30228,CHEYYUR,34,KANCHIPURAM,Raja. K,IND,IND,NONE,M,40,10th Grade (SSLC),0,0,306000,,,,False,,False,
30218,CHEYYUR,34,KANCHIPURAM,Swathilakshmi Sekar,NTK,NTK,NTK,F,31,Bachelor's Degree,0,0,539000,,,,False,,False,
30220,CHEYYUR,34,KANCHIPURAM,Gangadurai. K,TAVK,TAVK,OTHERS,M,39,9th Grade,0,0,1600000,,,,False,,False,
30222,CHEYYUR,34,KANCHIPURAM,Mohan Raja.M.G.K,Tamilaga Vettri Kazhagam,TVK,TVK,M,46,Diploma / ITI,0,0,8192000,,,,False,,False,
30217,CHEYYUR,34,KANCHIPURAM,Sinthanai Selvan,VCK,VCK,INDIA,M,61,Not Specified,0,0,14100000,,,,False,,False,
30231,MADURANTHAKAM,35,KANCHIPURAM,Maragatham Kumaravel.K,AIADMK,AIADMK,,F,44,Master's Degree,0,0,7953000,,,,False,,False,
30235,MADURANTHAKAM,35,KANCHIPURAM,R.Sugan,AIPTMMK,AIPTMMK,,M,39,Diploma / ITI,0,0,191000,,,,False,,False,
30232,MADURANTHAKAM,35,KANCHIPURAM,Neelam E.Ramkumar,BSP,BSP,OTHERS,M,36,Bachelor's Degree,0,0,823000,,,,False,,False,
30230,MADURANTHAKAM,35,KANCHIPURAM,S.Amulu Ponmalar,DMK,DMK,INDIA,F,48,10th Grade (SSLC),0,0,2400000,,,,False,,False,
30237,MADURANTHAKAM,35,KANCHIPURAM,M.Kadirvel,IND,IND,NONE,M,62,Master's Degree,0,0,12000,,,,False,,False,
30238,MADURANTHAKAM,35,KANCHIPURAM,Ranjitham.M,IND,IND,NONE,F,49,10th Grade (SSLC),0,0,555000,,,,False,,False,
30233,MADURANTHAKAM,35,KANCHIPURAM,G.Janakiraman,NTK,NTK,NTK,M,33,Master's Degree,0,0,516000,,,,False,,False,
30236,MADURANTHAKAM,35,KANCHIPURAM,S.Punniyakotti,TAVK,TAVK,OTHERS,M,32,7th Grade,0,0,329000,,,,False,,False,
30234,MADURANTHAKAM,35,KANCHIPURAM,Ezhil Katharine Ezhilmalai,Tamilaga Vettri Kazhagam,TVK,TVK,F,53,Master's Degree,0,0,7475000,,,,False,,False,
30239,UTHIRAMERUR,36,KANCHIPURAM,Sundar.K,DMK,DMK,INDIA,M,71,Bachelor's Degree,0,0,,,,,False,,False,
30241,UTHIRAMERUR,36,KANCHIPURAM,Sivakumar.A,DMSK,DMSK,OTHERS,M,44,Master's Degree,0,0,16000000,,,,False,,False,
30245,UTHIRAMERUR,36,KANCHIPURAM,Anbu.V,IND,IND,NONE,M,28,Bachelor's Degree,0,0,237000,,,,False,,False,
30248,UTHIRAMERUR,36,KANCHIPURAM,Cittibabu.R,IND,IND,NONE,M,59,8th Grade,0,0,116000,,,,False,,False,
30249,UTHIRAMERUR,36,KANCHIPURAM,Devarajan.C,IND,IND,NONE,M,57,9th Grade,0,0,411000,,,,False,,False,
30250,UTHIRAMERUR,36,KANCHIPURAM,Deventhiramoorthy.S,IND,IND,NONE,M,68,6th Grade,0,0,17000,,,,False,,False,
30247,UTHIRAMERUR,36,KANCHIPURAM,Gunasekar.V,IND,IND,NONE,M,36,10th Grade (SSLC),0,0,446000,,,,False,,False,
30246,UTHIRAMERUR,36,KANCHIPURAM,Kamalakannan.K,IND,IND,NONE,M,28,9th Grade,0,0,952000,,,,False,,False,
30251,UTHIRAMERUR,36,KANCHIPURAM,Magesh Kumar.T,IND,IND,NONE,M,29,Master's Degree,0,0,2130000,,,,False,,False,
30252,UTHIRAMERUR,36,KANCHIPURAM,Maheswari.J,IND,IND,NONE,F,37,Not Specified,0,0,30000,,,,False,,False,
30240,UTHIRAMERUR,36,KANCHIPURAM,Maram Masilamani.B.S,NTK,NTK,NTK,M,56,Master's Degree,0,0,4276000,,,,False,,False,
30242,UTHIRAMERUR,36,KANCHIPURAM,Mageshkumar.P,PMK,PMK,NDA,M,46,Bachelor's Degree,0,0,4159000,,,,False,,False,
30244,UTHIRAMERUR,36,KANCHIPURAM,Jakirusan.D,TAVK,TAVK,OTHERS,M,54,Primary (Up to 4th),0,0,630000,,,,False,,False,
30243,UTHIRAMERUR,36,KANCHIPURAM,Munirathinam.J,Tamilaga Vettri Kazhagam,TVK,TVK,M,43,Bachelor's Degree,0,0,69100000,,,,False,,False,
30257,KANCHEEPURAM,37,KANCHIPURAM,M.Nandhakumar,ACDP,ACDP,,M,31,Not Specified,0,0,,,,,False,,False,
30253,KANCHEEPURAM,37,KANCHIPURAM,V.Somasundaram,AIADMK,AIADMK,,M,57,5th Grade,0,0,71270,,,,False,,False,
30259,KANCHEEPURAM,37,KANCHIPURAM,P.Venkatesan,AIPTMMK,AIPTMMK,,M,46,Diploma / ITI,0,0,198000,,,,False,,False,
30254,KANCHEEPURAM,37,KANCHIPURAM,Nithya Sugumar,DMK,DMK,INDIA,F,38,12th Grade (HSC / +2),0,0,,,,,False,,False,
30263,KANCHEEPURAM,37,KANCHIPURAM,C.Dillibabu,IND,IND,NONE,M,53,9th Grade,0,0,31141,,,,False,,False,
30264,KANCHEEPURAM,37,KANCHIPURAM,E.Dhakshnamoorthy,IND,IND,NONE,M,26,Diploma / ITI,0,0,40329,,,,False,,False,
30265,KANCHEEPURAM,37,KANCHIPURAM,G.Babu,IND,IND,NONE,M,37,6th Grade,0,0,4931000,,,,False,,False,
30262,KANCHEEPURAM,37,KANCHIPURAM,Gnanamoorthy,IND,IND,NONE,M,55,Not Specified,0,0,,,,,False,,False,
30266,KANCHEEPURAM,37,KANCHIPURAM,M.Balaji,IND,IND,NONE,M,28,Bachelor's Degree,0,0,931000,,,,False,,False,
30267,KANCHEEPURAM,37,KANCHIPURAM,M.Meganathan,IND,IND,NONE,M,45,10th Grade (SSLC),0,0,1636000,,,,False,,False,
30260,KANCHEEPURAM,37,KANCHIPURAM,M.Somasundaram,IND,IND,NONE,M,43,8th Grade,0,0,70149,,,,False,,False,
30261,KANCHEEPURAM,37,KANCHIPURAM,V.Somasundaram,IND,IND,NONE,M,43,8th Grade,0,0,70149,,,,False,,False,
30255,KANCHEEPURAM,37,KANCHIPURAM,Vetriselvi,NTK,NTK,NTK,F,52,Master's Degree,0,0,4431000,,,,False,,False,
30258,KANCHEEPURAM,37,KANCHIPURAM,V.Naresh,TAVK,TAVK,OTHERS,M,36,9th Grade,0,0,8890000,,,,False,,False,
30256,KANCHEEPURAM,37,KANCHIPURAM,R.V.Ranjithkumar,Tamilaga Vettri Kazhagam,TVK,TVK,M,50,Bachelor's Degree,0,0,16400000,,,,False,,False,
30270,ARAKONAM,38,VELLORE,S.Ravi,AIADMK,AIADMK,,M,62,Bachelor's Degree,0,0,3469000,,,,False,,False,
30274,ARAKONAM,38,VELLORE,Vetrivel. M,AJPK,AJPK,,M,52,Bachelor's Degree,0,0,,,,,False,,False,
30269,ARAKONAM,38,VELLORE,P.Sudhakar,BSP,BSP,OTHERS,M,47,12th Grade (HSC / +2),0,0,89000,,,,False,,False,
30280,ARAKONAM,38,VELLORE,G.Mohan,IND,IND,NONE,M,65,10th Grade (SSLC),0,0,22305,,,,False,,False,
30278,ARAKONAM,38,VELLORE,M.Manikandan,IND,IND,NONE,M,33,Bachelor's Degree,0,0,433000,,,,False,,False,
30276,ARAKONAM,38,VELLORE,M.Santhanam,IND,IND,NONE,M,38,Not Specified,0,0,183000,,,,False,,False,
30277,ARAKONAM,38,VELLORE,N.Praveenkumar,IND,IND,NONE,M,29,Bachelor's Degree,0,0,155000,,,,False,,False,
30275,ARAKONAM,38,VELLORE,P.Govindaraj,IND,IND,NONE,M,49,12th Grade (HSC / +2),0,0,256000,,,,False,,False,
30279,ARAKONAM,38,VELLORE,T.Muralidharan,IND,IND,NONE,M,44,Bachelor's Degree,0,0,6000,,,,False,,False,
30271,ARAKONAM,38,VELLORE,K.Rajkumar,NTK,NTK,NTK,M,29,10th Grade (SSLC),0,0,10500000,,,,False,,False,
30273,ARAKONAM,38,VELLORE,N.Lakshmipathy,TAVK,TAVK,OTHERS,M,54,Bachelor's Degree,0,0,20000,,,,False,,False,
30272,ARAKONAM,38,VELLORE,V.Gandhiraj,Tamilaga Vettri Kazhagam,TVK,TVK,M,52,Bachelor's Degree,0,0,33300000,,,,False,,False,
30268,ARAKONAM,38,VELLORE,Ezhil Caroline,VCK,VCK,INDIA,F,56,Bachelor's Degree,0,0,86600000,,,,False,,False,
30282,SHOLINGHUR,39,VELLORE,M.Giridharan,BSP,BSP,OTHERS,M,41,Diploma / ITI,0,0,211000,,,,False,,False,
30283,SHOLINGHUR,39,VELLORE,A.M.Munirathinam,INC,INC,INDIA,M,70,10th Grade (SSLC),0,0,924800000,,,,False,,False,
30289,SHOLINGHUR,39,VELLORE,A.Anandan,IND,IND,NONE,M,36,Bachelor's Degree,0,0,305000,,,,False,,False,
30297,SHOLINGHUR,39,VELLORE,A.Palani,IND,IND,NONE,M,43,10th Grade (SSLC),0,0,302000,,,,False,,False,
30299,SHOLINGHUR,39,VELLORE,K.Munisamy,IND,IND,NONE,M,49,10th Grade (SSLC),0,0,20000,,,,False,,False,
30291,SHOLINGHUR,39,VELLORE,Kaviyarasan.Subiramani,IND,IND,NONE,M,33,Bachelor's Degree,0,0,234000,,,,False,,False,
30296,SHOLINGHUR,39,VELLORE,M.Dinesh,IND,IND,NONE,M,33,10th Grade (SSLC),0,0,362000,,,,False,,False,
30302,SHOLINGHUR,39,VELLORE,M.Vijayan,IND,IND,NONE,M,42,6th Grade,0,0,423000,,,,False,,False,
30292,SHOLINGHUR,39,VELLORE,N.Gopalakrishnan,IND,IND,NONE,M,50,12th Grade (HSC / +2),0,0,6045000,,,,False,,False,
30298,SHOLINGHUR,39,VELLORE,N.Mani,IND,IND,NONE,M,48,10th Grade (SSLC),0,0,730000,,,,False,,False,
30295,SHOLINGHUR,39,VELLORE,R.Sethupathi,IND,IND,NONE,M,33,Not Specified,0,0,40000,,,,False,,False,
30290,SHOLINGHUR,39,VELLORE,S.Ilayaraja,IND,IND,NONE,M,41,Bachelor's Degree,0,0,143000,,,,False,,False,
30294,SHOLINGHUR,39,VELLORE,Santhanam.R,IND,IND,NONE,M,44,6th Grade,0,0,392000,,,,False,,False,
30301,SHOLINGHUR,39,VELLORE,T.Rajendran,IND,IND,NONE,M,54,10th Grade (SSLC),0,0,45000,,,,False,,False,
30303,SHOLINGHUR,39,VELLORE,V.Hemachandiran,IND,IND,NONE,M,34,Diploma / ITI,0,0,1086000,,,,False,,False,
30300,SHOLINGHUR,39,VELLORE,V.Munirathinam,IND,IND,NONE,M,56,10th Grade (SSLC),0,0,80000,,,,False,,False,
30293,SHOLINGHUR,39,VELLORE,V.Sadhasivam,IND,IND,NONE,M,50,Diploma / ITI,0,0,1061000,,,,False,,False,
30281,SHOLINGHUR,39,VELLORE,A.Ashok Kumar,NTK,NTK,NTK,M,36,Bachelor's Degree,0,0,23000,,,,False,,False,
30285,SHOLINGHUR,39,VELLORE,K.Saravanan,PMK,PMK,NDA,M,51,Bachelor's Degree,0,0,6010000,,,,False,,False,
30286,SHOLINGHUR,39,VELLORE,Sudhakar.K,TAVK,TAVK,OTHERS,M,47,Bachelor's Degree,0,0,2848000,,,,False,,False,
30284,SHOLINGHUR,39,VELLORE,G.Kapil,Tamilaga Vettri Kazhagam,TVK,TVK,M,32,Not Specified,0,0,7505000,,,,False,,False,
30287,SHOLINGHUR,39,VELLORE,S.Senthilkumar,VBA,VBA,,M,55,12th Grade (HSC / +2),0,0,2580000,,,,False,,False,
30288,SHOLINGHUR,39,VELLORE,R.Vinoth,VTVTK,VTVTK,,M,33,10th Grade (SSLC),0,0,295000,,,,False,,False,
30307,KATPADI,40,VELLORE,V.Ramu,AIADMK,AIADMK,,M,63,Bachelor's Degree,0,0,86800000,,,,False,,False,
30310,KATPADI,40,VELLORE,V.Chandran,AIPTMMK,AIPTMMK,,M,73,10th Grade (SSLC),0,0,1030000,,,,False,,False,
30306,KATPADI,40,VELLORE,J.Ramesh,BSP,BSP,OTHERS,M,53,10th Grade (SSLC),0,0,633000,,,,False,,False,
30305,KATPADI,40,VELLORE,Duraimurugan,DMK,DMK,INDIA,M,87,Master's Degree,0,0,80300000,,,,False,,False,
30309,KATPADI,40,VELLORE,Ganesan .P,IDMK,IDMK,,M,45,5th Grade,0,0,12000,,,,False,,False,
30318,KATPADI,40,VELLORE,D.Ramu,IND,IND,NONE,M,33,Diploma / ITI,0,0,1069000,,,,False,,False,
30317,KATPADI,40,VELLORE,Dhananchezhiyan,IND,IND,NONE,M,45,10th Grade (SSLC),0,0,1420000,,,,False,,False,
30316,KATPADI,40,VELLORE,Dhanasekar,IND,IND,NONE,M,53,10th Grade (SSLC),0,0,10000,,,,False,,False,
30315,KATPADI,40,VELLORE,M.Suthakar,IND,IND,NONE,M,44,10th Grade (SSLC),0,0,504000,,,,False,,False,
30313,KATPADI,40,VELLORE,S.Raman,IND,IND,NONE,M,70,Diploma / ITI,0,0,112000,,,,False,,False,
30314,KATPADI,40,VELLORE,Saravanan .D,IND,IND,NONE,M,44,12th Grade (HSC / +2),0,0,4326000,,,,False,,False,
30304,KATPADI,40,VELLORE,S.Thirukkumaran,NTK,NTK,NTK,M,49,Master's Degree,0,0,12100000,,,,False,,False,
30308,KATPADI,40,VELLORE,Indu .W,TMMDK,TMMDK,,F,31,Not Specified,0,0,1050000,,,,False,,False,
30312,KATPADI,40,VELLORE,S.Balaji,TNIK,TNIK,,M,32,Not Specified,0,0,,,,,False,,False,
30311,KATPADI,40,VELLORE,Dr M Sudhakar,Tamilaga Vettri Kazhagam,TVK,TVK,M,52,Not Specified,0,0,238000000,,,,False,,False,
30324,RANIPET,41,VELLORE,S.Munisamy,ACDP,ACDP,,M,46,Bachelor's Degree,0,0,1854000,,,,False,,False,
30320,RANIPET,41,VELLORE,V.M.Karthikeyan,BJP,BJP,NDA,M,55,Bachelor's Degree,0,0,28500000,,,,False,,False,
30322,RANIPET,41,VELLORE,J.Jeniferjanet,BSP,BSP,OTHERS,F,28,Bachelor's Degree,0,0,1042000,,,,False,,False,
30319,RANIPET,41,VELLORE,R.Gandhi,DMK,DMK,INDIA,M,80,10th Grade (SSLC),0,0,910400000,,,,False,,False,
30331,RANIPET,41,VELLORE,A.Nareshkumar,IND,IND,NONE,M,42,7th Grade,0,0,6998000,,,,False,,False,
30326,RANIPET,41,VELLORE,J.Hassain,IND,IND,NONE,M,82,Bachelor's Degree,0,0,8075000,,,,False,,False,
30332,RANIPET,41,VELLORE,J.Mohan,IND,IND,NONE,M,39,12th Grade (HSC / +2),0,0,246000,,,,False,,False,
30327,RANIPET,41,VELLORE,K.Sakthivel Nathan,IND,IND,NONE,M,53,12th Grade (HSC / +2),0,0,,,,,False,,False,
30328,RANIPET,41,VELLORE,N.Sugumar,IND,IND,NONE,M,42,8th Grade,0,0,,,,,False,,False,
30333,RANIPET,41,VELLORE,S.Jayaprakash,IND,IND,NONE,M,70,8th Grade,0,0,7840000,,,,False,,False,
30330,RANIPET,41,VELLORE,V.Dharmendiran,IND,IND,NONE,M,49,Bachelor's Degree,0,0,9025000,,,,False,,False,
30329,RANIPET,41,VELLORE,V.Suresh,IND,IND,NONE,M,47,6th Grade,0,0,,,,,False,,False,
30321,RANIPET,41,VELLORE,Thaarikha Salman,NTK,NTK,NTK,F,27,Bachelor's Degree,0,0,4165000,,,,False,,False,
30325,RANIPET,41,VELLORE,N.Viswanathan,TAVK,TAVK,OTHERS,M,33,10th Grade (SSLC),0,0,781000,,,,False,,False,
30323,RANIPET,41,VELLORE,Thahira,Tamilaga Vettri Kazhagam,TVK,TVK,F,40,10th Grade (SSLC),0,0,25000,,,,False,,False,
30340,ARCOT,42,VELLORE,V.Seetharaman,ACDP,ACDP,,M,42,10th Grade (SSLC),0,0,338000,,,,False,,False,
30336,ARCOT,42,VELLORE,S.M.Sukumar,AIADMK,AIADMK,,M,65,10th Grade (SSLC),0,0,235100000,,,,False,,False,
30339,ARCOT,42,VELLORE,S.P.Shanmugam,AJPK,AJPK,,M,56,Bachelor's Degree,0,0,1588000,,,,False,,False,
30337,ARCOT,42,VELLORE,M.Vasanthakumar,BSP,BSP,OTHERS,M,33,Bachelor's Degree,0,0,5554,,,,False,,False,
30335,ARCOT,42,VELLORE,J.L.Eswarappan,DMK,DMK,INDIA,M,47,Bachelor's Degree,0,0,60900000,,,,False,,False,
30347,ARCOT,42,VELLORE,A.Vijay,IND,IND,NONE,M,30,Not Specified,0,0,75000,,,,False,,False,
30344,ARCOT,42,VELLORE,Eswarappan.M,IND,IND,NONE,M,44,Not Specified,0,0,40260,,,,False,,False,
30346,ARCOT,42,VELLORE,K.Manikandan,IND,IND,NONE,M,47,10th Grade (SSLC),0,0,60000,,,,False,,False,
30343,ARCOT,42,VELLORE,R.Indhumathi,IND,IND,NONE,F,44,12th Grade (HSC / +2),0,0,7020000,,,,False,,False,
30345,ARCOT,42,VELLORE,V.Shanthi,IND,IND,NONE,F,62,9th Grade,0,0,,,,,False,,False,
30334,ARCOT,42,VELLORE,Archana Narasimman,NTK,NTK,NTK,F,32,Not Specified,0,0,,,,,False,,False,
30342,ARCOT,42,VELLORE,P.Venkatesan,TAVK,TAVK,OTHERS,M,54,5th Grade,0,0,2841000,,,,False,,False,
30341,ARCOT,42,VELLORE,G.Vijay Mohan,Tamilaga Vettri Kazhagam,TVK,TVK,M,41,5th Grade,0,0,6100000,,,,False,,False,
30338,ARCOT,42,VELLORE,V.Gandhi,VBA,VBA,,M,54,10th Grade (SSLC),0,0,155000,,,,False,,False,
30348,VELLORE,43,VELLORE,S R K Appu,AIADMK,AIADMK,,M,48,Bachelor's Degree,0,0,22200000,,,,False,,False,
30358,VELLORE,43,VELLORE,S.Appu,AIJMK,AIJMK,OTHERS,M,25,Bachelor's Degree,0,0,46500,,,,False,,False,
30357,VELLORE,43,VELLORE,M.Vinothkumar,AMGRDMK,AMGRDMK,,M,34,Diploma / ITI,0,0,61282,,,,False,,False,
30353,VELLORE,43,VELLORE,K.Muniyappan,APP,APP,,M,74,Master's Degree,0,0,3010000,,,,False,,False,
30349,VELLORE,43,VELLORE,P.Karthikeyan,DMK,DMK,INDIA,M,65,5th Grade,0,0,293200000,,,,False,,False,
30361,VELLORE,43,VELLORE,M.Loganathan,IND,IND,NONE,M,40,Diploma / ITI,0,0,558000,,,,False,,False,
30359,VELLORE,43,VELLORE,S.Madhan Kumar,IND,IND,NONE,M,35,Diploma / ITI,0,0,102000,,,,False,,False,
30360,VELLORE,43,VELLORE,S.Rajkamal,IND,IND,NONE,M,31,Bachelor's Degree,0,0,1231000,,,,False,,False,
30362,VELLORE,43,VELLORE,U.Vijaya Kumar,IND,IND,NONE,M,34,Diploma / ITI,0,0,1093000,,,,False,,False,
30355,VELLORE,43,VELLORE,K.Vimala,NIP,NIP,,F,41,Not Specified,0,0,50013,,,,False,,False,
30350,VELLORE,43,VELLORE,A.Soniya,NTK,NTK,NTK,F,25,Bachelor's Degree,0,0,857000,,,,False,,False,
30352,VELLORE,43,VELLORE,S.Giridhara Prasad,SFRBC,SFRBC,,M,56,Bachelor's Degree,0,0,1840000,,,,False,,False,
30351,VELLORE,43,VELLORE,S.M.Irshad,TAVK,TAVK,OTHERS,M,56,8th Grade,0,0,2938000,,,,False,,False,
30356,VELLORE,43,VELLORE,M.M.Vinoth Kannan,Tamilaga Vettri Kazhagam,TVK,TVK,M,37,10th Grade (SSLC),0,0,21200000,,,,False,,False,
30354,VELLORE,43,VELLORE,K.M.Vinaayagam,VKVIP,VKVIP,,M,52,Bachelor's Degree,0,0,2335000,,,,False,,False,
30365,ANAIKATTU,44,VELLORE,D.Velazhagan,AIADMK,AIADMK,,M,56,10th Grade (SSLC),0,0,52800000,,,,False,,False,
30368,ANAIKATTU,44,VELLORE,V.S.Venkatesh,AJPK,AJPK,,M,53,Master's Degree,0,0,50396,,,,False,,False,
30363,ANAIKATTU,44,VELLORE,A.P.Nandakumar,DMK,DMK,INDIA,M,57,12th Grade (HSC / +2),0,0,,,,,False,,False,
30371,ANAIKATTU,44,VELLORE,E.Suresh,IND,IND,NONE,M,40,Bachelor's Degree,0,0,,,,,False,,False,
30374,ANAIKATTU,44,VELLORE,K.Manoharan,IND,IND,NONE,M,55,8th Grade,0,0,159000,,,,False,,False,
30373,ANAIKATTU,44,VELLORE,M.Nandha Kumar,IND,IND,NONE,M,38,10th Grade (SSLC),0,0,177000,,,,False,,False,
30375,ANAIKATTU,44,VELLORE,R.Ramesh,IND,IND,NONE,M,43,Not Specified,0,0,1000,,,,False,,False,
30372,ANAIKATTU,44,VELLORE,S.Selvamoorthy,IND,IND,NONE,M,65,Not Specified,0,0,1350000,,,,False,,False,
30366,ANAIKATTU,44,VELLORE,R.Saravanan,NAMK,NAMK,,M,47,7th Grade,0,0,265000,,,,False,,False,
30364,ANAIKATTU,44,VELLORE,M.Ravikumar,NTK,NTK,NTK,M,29,Not Specified,0,0,1854000,,,,False,,False,
30370,ANAIKATTU,44,VELLORE,P.Jayaseelan,PT,PT,OTHERS,M,42,Bachelor's Degree,0,0,60000,,,,False,,False,
30367,ANAIKATTU,44,VELLORE,V.Vinothkanna,TAVK,TAVK,OTHERS,M,44,10th Grade (SSLC),0,0,250000,,,,False,,False,
30369,ANAIKATTU,44,VELLORE,R.Velmurugan,Tamilaga Vettri Kazhagam,TVK,TVK,M,46,9th Grade,0,0,6844000,,,,False,,False,
30378,KILVAITHINANKUPPAM,45,VELLORE,Jegan Moorthy. M,AIADMK,AIADMK,,M,59,Not Specified,0,0,6397000,,,,False,,False,
30379,KILVAITHINANKUPPAM,45,VELLORE,Anandalai Thangaraj. M,AIPTMMK,AIPTMMK,,M,67,Master's Degree,0,0,2705000,,,,False,,False,
30376,KILVAITHINANKUPPAM,45,VELLORE,Rajeswari. R,DMK,DMK,INDIA,F,50,Not Specified,0,0,36700000,,,,False,,False,
30386,KILVAITHINANKUPPAM,45,VELLORE,Jaya Bharath. J,IND,IND,NONE,M,29,Bachelor's Degree,0,0,55000,,,,False,,False,
30385,KILVAITHINANKUPPAM,45,VELLORE,Jayashankar. J,IND,IND,NONE,M,37,9th Grade,0,0,55000,,,,False,,False,
30382,KILVAITHINANKUPPAM,45,VELLORE,Kumaresan. L,IND,IND,NONE,M,52,10th Grade (SSLC),0,0,55000,,,,False,,False,
30384,KILVAITHINANKUPPAM,45,VELLORE,Murugan. K.P,IND,IND,NONE,M,36,Not Specified,0,0,,,,,False,,False,
30383,KILVAITHINANKUPPAM,45,VELLORE,Sathish. A,IND,IND,NONE,M,37,Bachelor's Degree,0,0,32000,,,,False,,False,
30377,KILVAITHINANKUPPAM,45,VELLORE,Kalaiyenthiri. R,NTK,NTK,NTK,F,35,Bachelor's Degree,0,0,35498,,,,False,,False,
30381,KILVAITHINANKUPPAM,45,VELLORE,Raja. M,TAVK,TAVK,OTHERS,M,51,10th Grade (SSLC),0,0,,,,,False,,False,
30380,KILVAITHINANKUPPAM,45,VELLORE,Thenral Kumar. E,Tamilaga Vettri Kazhagam,TVK,TVK,M,34,Bachelor's Degree,0,0,11700000,,,,False,,False,
30388,GUDIYATHAM,46,VELLORE,Paritha Purushothaman.G,AIADMK,AIADMK,,F,42,Master's Degree,0,0,4799000,,,,False,,False,
30393,GUDIYATHAM,46,VELLORE,K.Thabithal,AIPTMMK,AIPTMMK,,F,52,Master's Degree,0,0,2081000,,,,False,,False,
30390,GUDIYATHAM,46,VELLORE,T.Poovarasan,BSP,BSP,OTHERS,M,34,10th Grade (SSLC),0,0,366000,,,,False,,False,
30389,GUDIYATHAM,46,VELLORE,K.B.Pradap,DMDK,DMDK,NDA,M,46,Bachelor's Degree,0,0,5784000,,,,False,,False,
30397,GUDIYATHAM,46,VELLORE,A.Rajesh,IND,IND,NONE,M,47,10th Grade (SSLC),0,0,52000,,,,False,,False,
30396,GUDIYATHAM,46,VELLORE,Bharath Mathiruban,IND,IND,NONE,M,39,Bachelor's Degree,0,0,1050000,,,,False,,False,
30395,GUDIYATHAM,46,VELLORE,M.Sumathi,IND,IND,NONE,F,46,10th Grade (SSLC),0,0,2052000,,,,False,,False,
30394,GUDIYATHAM,46,VELLORE,Subakaran.A,IND,IND,NONE,M,49,Bachelor's Degree,0,0,726000,,,,False,,False,
30387,GUDIYATHAM,46,VELLORE,J.Emalan,NTK,NTK,NTK,M,73,Master's Degree,0,0,2708000,,,,False,,False,
30391,GUDIYATHAM,46,VELLORE,K.Asha,PT,PT,OTHERS,F,40,12th Grade (HSC / +2),0,0,213000,,,,False,,False,
30392,GUDIYATHAM,46,VELLORE,K.Sindu,Tamilaga Vettri Kazhagam,TVK,TVK,F,37,Master's Degree,0,0,1001000,,,,False,,False,
30399,VANIAYAMBADI,47,VELLORE,Sendhil Kumar.G,AIADMK,AIADMK,,M,42,Master's Degree,0,0,49900000,,,,False,,False,
30401,VANIAYAMBADI,47,VELLORE,Anbarasu.P,AJPK,AJPK,,M,34,Bachelor's Degree,0,0,2701000,,,,False,,False,
30398,VANIAYAMBADI,47,VELLORE,Subramani.P,BSP,BSP,OTHERS,M,65,12th Grade (HSC / +2),0,0,,,,,False,,False,
30406,VANIAYAMBADI,47,VELLORE,Abdul Wahid.A,IND,IND,NONE,M,60,7th Grade,0,0,71000,,,,False,,False,
30410,VANIAYAMBADI,47,VELLORE,Manjunath.K,IND,IND,NONE,M,35,Not Specified,0,0,655000,,,,False,,False,
30411,VANIAYAMBADI,47,VELLORE,Manoj.S,IND,IND,NONE,M,35,Bachelor's Degree,0,0,4425000,,,,False,,False,
30409,VANIAYAMBADI,47,VELLORE,Naveen.R,IND,IND,NONE,M,26,Not Specified,0,0,1281000,,,,False,,False,
30412,VANIAYAMBADI,47,VELLORE,Rajesh.T,IND,IND,NONE,M,41,Bachelor's Degree,0,0,5250000,,,,False,,False,
30408,VANIAYAMBADI,47,VELLORE,Selvaraj.M,IND,IND,NONE,M,42,8th Grade,0,0,643000,,,,False,,False,
30407,VANIAYAMBADI,47,VELLORE,Srinivasan.A,IND,IND,NONE,M,50,Primary (Up to 4th),0,0,29875,,,,False,,False,
30403,VANIAYAMBADI,47,VELLORE,Syed Farooq Basha Ssb,IUML,IUML,INDIA,M,64,5th Grade,0,0,16700000,,,,False,,False,
30402,VANIAYAMBADI,47,VELLORE,Sundarammal,MAK,MAK,,F,66,Not Specified,0,0,25000,,,,False,,False,
30400,VANIAYAMBADI,47,VELLORE,Murugesan.G,NTK,NTK,NTK,M,33,Diploma / ITI,0,0,1169000,,,,False,,False,
30405,VANIAYAMBADI,47,VELLORE,Devendran.J,TAVK,TAVK,OTHERS,M,53,Diploma / ITI,0,0,,,,,False,,False,
30404,VANIAYAMBADI,47,VELLORE,Syed Bhurhanudeen,Tamilaga Vettri Kazhagam,TVK,TVK,M,36,Bachelor's Degree,0,0,,,,,False,,False,
30416,AMBUR,48,VELLORE,Venkatesan. R,AIADMK,AIADMK,,M,61,Bachelor's Degree,0,0,41000000,,,,False,,False,
30419,AMBUR,48,VELLORE,Kareem Basha. A,AIMEIEM,AIMEIEM,,M,53,Master's Degree,0,0,936000,,,,False,,False,
30422,AMBUR,48,VELLORE,Haroon Rasheed Badu,AIPTMMK,AIPTMMK,,M,36,7th Grade,0,0,1350000,,,,False,,False,
30420,AMBUR,48,VELLORE,Govindhan. A,AIYDP,AIYDP,,M,67,Not Specified,0,0,586000,,,,False,,False,
30414,AMBUR,48,VELLORE,Wazeer Ahmed. J,BSP,BSP,OTHERS,M,55,Not Specified,0,0,7708000,,,,False,,False,
30415,AMBUR,48,VELLORE,Vilwanathan. A.C,DMK,DMK,INDIA,M,66,12th Grade (HSC / +2),0,0,4302000,,,,False,,False,
30424,AMBUR,48,VELLORE,Firdose Ahmed. M,IND,IND,NONE,M,33,10th Grade (SSLC),0,0,600000,,,,False,,False,
30423,AMBUR,48,VELLORE,Kumaravel. P,IND,IND,NONE,M,50,Not Specified,0,0,105000,,,,False,,False,
30425,AMBUR,48,VELLORE,Mushtaq Ahmed Kutlappai,IND,IND,NONE,M,51,10th Grade (SSLC),0,0,,,,,False,,False,
30428,AMBUR,48,VELLORE,Srinath,IND,IND,NONE,M,34,Bachelor's Degree,0,0,15000,,,,False,,False,
30427,AMBUR,48,VELLORE,Venkatesan. M,IND,IND,NONE,M,33,Diploma / ITI,0,0,1240000,,,,False,,False,
30426,AMBUR,48,VELLORE,Viswanathan. J,IND,IND,NONE,M,46,10th Grade (SSLC),0,0,1212000,,,,False,,False,
30417,AMBUR,48,VELLORE,Asadullah. B,INL,INL,OTHERS,M,46,10th Grade (SSLC),0,0,5000000,,,,False,,False,
30421,AMBUR,48,VELLORE,Sasi Reka. Y,MAK,MAK,,F,45,10th Grade (SSLC),0,0,25000,,,,False,,False,
30413,AMBUR,48,VELLORE,Afshia Nasrin. S,NTK,NTK,NTK,F,42,Master's Degree,0,0,2118000,,,,False,,False,
30418,AMBUR,48,VELLORE,Imthiyaz Pandarattudu Abdu,Tamilaga Vettri Kazhagam,TVK,TVK,M,41,Master's Degree,0,0,1342000,,,,False,,False,
30432,JOLARPET,49,VELLORE,Veeramani K.C,AIADMK,AIADMK,,M,61,10th Grade (SSLC),0,0,274700000,,,,False,,False,
30433,JOLARPET,49,VELLORE,Kalasthiri S,AIUUK,AIUUK,,M,76,10th Grade (SSLC),0,0,501000,,,,False,,False,
30431,JOLARPET,49,VELLORE,Sivakumar V C,BSP,BSP,OTHERS,M,51,10th Grade (SSLC),0,0,90000,,,,False,,False,
30429,JOLARPET,49,VELLORE,Kavithadhandapani,DMK,DMK,INDIA,F,42,Bachelor's Degree,0,0,14200000,,,,False,,False,
30443,JOLARPET,49,VELLORE,Chenna Kesavan C,IND,IND,NONE,M,46,Master's Degree,0,0,124000,,,,False,,False,
30442,JOLARPET,49,VELLORE,Chenrayan A,IND,IND,NONE,M,66,10th Grade (SSLC),0,0,10000,,,,False,,False,
30441,JOLARPET,49,VELLORE,Kamatchi S,IND,IND,NONE,F,45,10th Grade (SSLC),0,0,671000,,,,False,,False,
30439,JOLARPET,49,VELLORE,Kavitha C,IND,IND,NONE,F,42,12th Grade (HSC / +2),0,0,84500,,,,False,,False,
30440,JOLARPET,49,VELLORE,Kavitha T,IND,IND,NONE,F,31,Master's Degree,0,0,645,,,,False,,False,
30446,JOLARPET,49,VELLORE,Mohanraj R,IND,IND,NONE,M,26,10th Grade (SSLC),0,0,1450000,,,,False,,False,
30445,JOLARPET,49,VELLORE,Priya K,IND,IND,NONE,F,29,Diploma / ITI,0,0,2000000,,,,False,,False,
30444,JOLARPET,49,VELLORE,Thangaraj P,IND,IND,NONE,M,69,Bachelor's Degree,0,0,880000,,,,False,,False,
30447,JOLARPET,49,VELLORE,Veeramani H,IND,IND,NONE,M,68,9th Grade,0,0,851000,,,,False,,False,
30436,JOLARPET,49,VELLORE,Sasi Reka Y,MAK,MAK,,F,45,10th Grade (SSLC),0,0,,,,,False,,False,
30434,JOLARPET,49,VELLORE,Krishnamoorthy D,MNK,MNK,,M,44,Bachelor's Degree,0,0,2496000,,,,False,,False,
30437,JOLARPET,49,VELLORE,Senthamilselvan M,NMK,NMK,OTHERS,M,32,Bachelor's Degree,0,0,120000,,,,False,,False,
30430,JOLARPET,49,VELLORE,Sasirekha K,NTK,NTK,NTK,F,37,Bachelor's Degree,0,0,5299000,,,,False,,False,
30435,JOLARPET,49,VELLORE,Sankar T.K,TAVK,TAVK,OTHERS,M,52,8th Grade,0,0,1150000,,,,False,,False,
30438,JOLARPET,49,VELLORE,Munisamy C,Tamilaga Vettri Kazhagam,TVK,TVK,M,40,5th Grade,0,0,,,,,False,,False,
30451,TIRUPPATTUR,50,VELLORE,Kalasthiri. S,AIUUK,AIUUK,,M,76,10th Grade (SSLC),0,0,101000,,,,False,,False,
30453,TIRUPPATTUR,50,VELLORE,Sekar. N,AIYDP,AIYDP,,M,64,5th Grade,0,0,912000,,,,False,,False,
30457,TIRUPPATTUR,50,VELLORE,Vijayakumar. G,AJPK,AJPK,,M,39,Diploma / ITI,0,0,8886000,,,,False,,False,
30454,TIRUPPATTUR,50,VELLORE,Gnanasekar. A,AMMK,AMMK,OTHERS,M,54,12th Grade (HSC / +2),0,0,1041400000,,,,False,,False,
30450,TIRUPPATTUR,50,VELLORE,Rajiv Gandhi. S,BSP,BSP,OTHERS,M,41,Bachelor's Degree,0,0,55000,,,,False,,False,
30449,TIRUPPATTUR,50,VELLORE,Nallathambi. A,DMK,DMK,INDIA,M,49,10th Grade (SSLC),0,0,41500000,,,,False,,False,
30458,TIRUPPATTUR,50,VELLORE,Anjali. M,IND,IND,NONE,F,37,10th Grade (SSLC),0,0,1414000,,,,False,,False,
30467,TIRUPPATTUR,50,VELLORE,Balabharathi. S.V,IND,IND,NONE,M,27,12th Grade (HSC / +2),0,0,69369,,,,False,,False,
30468,TIRUPPATTUR,50,VELLORE,Dr.Poovalagi. P,IND,IND,NONE,F,43,Not Specified,0,0,745000,,,,False,,False,
30461,TIRUPPATTUR,50,VELLORE,Gnanasekaran. M,IND,IND,NONE,M,44,12th Grade (HSC / +2),0,0,27500,,,,False,,False,
30462,TIRUPPATTUR,50,VELLORE,Gnanasekaran. R,IND,IND,NONE,M,54,12th Grade (HSC / +2),0,0,10414,,,,False,,False,
30459,TIRUPPATTUR,50,VELLORE,Govind. T.G,IND,IND,NONE,M,27,Master's Degree,0,0,,,,,False,,False,
30469,TIRUPPATTUR,50,VELLORE,Mohan Raj. R,IND,IND,NONE,M,26,10th Grade (SSLC),0,0,1450000,,,,False,,False,
30466,TIRUPPATTUR,50,VELLORE,Nallathambi. R,IND,IND,NONE,M,49,8th Grade,0,0,1300000,,,,False,,False,
30470,TIRUPPATTUR,50,VELLORE,Ragujoseph. J,IND,IND,NONE,M,54,Diploma / ITI,0,0,37000,,,,False,,False,
30460,TIRUPPATTUR,50,VELLORE,Sankar. S,IND,IND,NONE,M,53,Bachelor's Degree,0,0,596000,,,,False,,False,
30463,TIRUPPATTUR,50,VELLORE,Thirupathi. C,IND,IND,NONE,M,43,8th Grade,0,0,26000,,,,False,,False,
30465,TIRUPPATTUR,50,VELLORE,Thirupathi. N,IND,IND,NONE,M,53,6th Grade,0,0,26500,,,,False,,False,
30464,TIRUPPATTUR,50,VELLORE,Thirupathi. S,IND,IND,NONE,M,50,Bachelor's Degree,0,0,1579,,,,False,,False,
30471,TIRUPPATTUR,50,VELLORE,Venkatesan. K,IND,IND,NONE,M,33,Bachelor's Degree,0,0,980000,,,,False,,False,
30452,TIRUPPATTUR,50,VELLORE,Sathiyamoorthy. S,MNK,MNK,,M,73,Master's Degree,0,0,15700000,,,,False,,False,
30448,TIRUPPATTUR,50,VELLORE,Arumugam. V,NTK,NTK,NTK,M,47,Bachelor's Degree,0,0,11100000,,,,False,,False,
30456,TIRUPPATTUR,50,VELLORE,Rajesh. S,TAVK,TAVK,OTHERS,M,30,12th Grade (HSC / +2),0,0,155000,,,,False,,False,
30455,TIRUPPATTUR,50,VELLORE,Dr.Thirupathi. N,Tamilaga Vettri Kazhagam,TVK,TVK,M,63,Not Specified,0,0,101900000,,,,False,,False,
30473,UTHANGARAI,51,KRISHNAGIRI,T M Tamilselvam,AIADMK,AIADMK,,M,52,10th Grade (SSLC),0,0,4760000,,,,False,,False,
30479,UTHANGARAI,51,KRISHNAGIRI,Vijiyal,AJPK,AJPK,,F,44,8th Grade,0,0,,,,,False,,False,
30478,UTHANGARAI,51,KRISHNAGIRI,Rameshwari,BJCP,BJCP,,F,45,10th Grade (SSLC),0,0,5812000,,,,False,,False,
30472,UTHANGARAI,51,KRISHNAGIRI,R Kuppusamy,INC,INC,INDIA,M,74,10th Grade (SSLC),0,0,,,,,False,,False,
30481,UTHANGARAI,51,KRISHNAGIRI,A Samraj,IND,IND,NONE,M,37,8th Grade,0,0,967000,,,,False,,False,
30483,UTHANGARAI,51,KRISHNAGIRI,Bakkiyaraj R,IND,IND,NONE,M,37,Not Specified,0,0,977000,,,,False,,False,
30480,UTHANGARAI,51,KRISHNAGIRI,Kumaravel,IND,IND,NONE,M,41,Bachelor's Degree,0,0,10900000,,,,False,,False,
30484,UTHANGARAI,51,KRISHNAGIRI,Muniraj,IND,IND,NONE,M,67,12th Grade (HSC / +2),0,0,1506000,,,,False,,False,
30482,UTHANGARAI,51,KRISHNAGIRI,Tamilmani,IND,IND,NONE,M,38,Master's Degree,0,0,23300000,,,,False,,False,
30474,UTHANGARAI,51,KRISHNAGIRI,Mekala,NTK,NTK,NTK,F,31,Bachelor's Degree,0,0,232000,,,,False,,False,
30476,UTHANGARAI,51,KRISHNAGIRI,K Thavaraj,TAVK,TAVK,OTHERS,M,41,7th Grade,0,0,323000,,,,False,,False,
30477,UTHANGARAI,51,KRISHNAGIRI,Palani R,TK,TK,,M,36,Bachelor's Degree,0,0,295000,,,,False,,False,
30475,UTHANGARAI,51,KRISHNAGIRI,N Elaiyaraja,Tamilaga Vettri Kazhagam,TVK,TVK,M,47,Not Specified,0,0,32200000,,,,False,,False,
30486,BARGUR,52,KRISHNAGIRI,E.C.Govindarasan,AIADMK,AIADMK,,M,56,9th Grade,0,0,35800000,,,,False,,False,
30492,BARGUR,52,KRISHNAGIRI,Mani. K,AIYDP,AIYDP,,M,36,Not Specified,0,0,131000,,,,False,,False,
30487,BARGUR,52,KRISHNAGIRI,D.Sivasankaran,BSP,BSP,OTHERS,M,63,10th Grade (SSLC),0,0,1805000,,,,False,,False,
30488,BARGUR,52,KRISHNAGIRI,D.Mathiazhagan,DMK,DMK,INDIA,M,59,Bachelor's Degree,0,0,,,,,False,,False,
30495,BARGUR,52,KRISHNAGIRI,Anitha Mayaperumal,IND,IND,NONE,F,39,Master's Degree,0,0,1252000,,,,False,,False,
30496,BARGUR,52,KRISHNAGIRI,D.Govindarajan,IND,IND,NONE,M,57,10th Grade (SSLC),0,0,34900000,,,,False,,False,
30497,BARGUR,52,KRISHNAGIRI,E.C.Govindaraje,IND,IND,NONE,M,63,Not Specified,0,0,225000,,,,False,,False,
30494,BARGUR,52,KRISHNAGIRI,K.Annadurai,IND,IND,NONE,M,40,Not Specified,0,0,700000,,,,False,,False,
30499,BARGUR,52,KRISHNAGIRI,Mathesh. R,IND,IND,NONE,M,32,10th Grade (SSLC),0,0,510000,,,,False,,False,
30498,BARGUR,52,KRISHNAGIRI,S.Sasikumar,IND,IND,NONE,M,46,Doctorate (Ph.D / MD),0,0,14464,,,,False,,False,
30485,BARGUR,52,KRISHNAGIRI,Kavinkumar. S,NTK,NTK,NTK,M,31,Bachelor's Degree,0,0,8038000,,,,False,,False,
30491,BARGUR,52,KRISHNAGIRI,M.Nedunchezlian,PAMK,PAMK,,M,35,Bachelor's Degree,0,0,1556000,,,,False,,False,
30490,BARGUR,52,KRISHNAGIRI,A.Sudhakar,RPI (A),RPI (A),,M,43,12th Grade (HSC / +2),0,0,2000,,,,False,,False,
30489,BARGUR,52,KRISHNAGIRI,S.Albert Francis Xavier,TAVK,TAVK,OTHERS,M,48,Master's Degree,0,0,55000,,,,False,,False,
30493,BARGUR,52,KRISHNAGIRI,E.Muralidharan,Tamilaga Vettri Kazhagam,TVK,TVK,M,32,Bachelor's Degree,0,0,832000,,,,False,,False,
30500,KRISHNAGIRI,53,KRISHNAGIRI,Ashokkumar.K,AIADMK,AIADMK,,M,73,10th Grade (SSLC),0,0,4284000,,,,False,,False,
30501,KRISHNAGIRI,53,KRISHNAGIRI,Sivakumar.S,BSP,BSP,OTHERS,M,42,Master's Degree,0,0,4531000,,,,False,,False,
30503,KRISHNAGIRI,53,KRISHNAGIRI,Chellakumar.A,INC,INC,INDIA,M,66,Bachelor's Degree,0,0,123100000,,,,False,,False,
30510,KRISHNAGIRI,53,KRISHNAGIRI,Chandramohan.K.M,IND,IND,NONE,M,56,10th Grade (SSLC),0,0,121000,,,,False,,False,
30509,KRISHNAGIRI,53,KRISHNAGIRI,Kumaresan.M,IND,IND,NONE,M,51,9th Grade,0,0,2995000,,,,False,,False,
30513,KRISHNAGIRI,53,KRISHNAGIRI,Nanjundan.M,IND,IND,NONE,M,32,6th Grade,0,0,,,,,False,,False,
30511,KRISHNAGIRI,53,KRISHNAGIRI,Sivan.C,IND,IND,NONE,M,36,Bachelor's Degree,0,0,2525000,,,,False,,False,
30512,KRISHNAGIRI,53,KRISHNAGIRI,Srinivasan.K,IND,IND,NONE,M,60,8th Grade,0,0,451000,,,,False,,False,
30514,KRISHNAGIRI,53,KRISHNAGIRI,Venkateshraja.E,IND,IND,NONE,M,63,Bachelor's Degree,0,0,19800000,,,,False,,False,
30502,KRISHNAGIRI,53,KRISHNAGIRI,Suganthi,NTK,NTK,NTK,F,53,Bachelor's Degree,0,0,8592000,,,,False,,False,
30507,KRISHNAGIRI,53,KRISHNAGIRI,Muthulakshmi Veerappan,TAVK,TAVK,OTHERS,F,56,7th Grade,0,0,32570,,,,False,,False,
30508,KRISHNAGIRI,53,KRISHNAGIRI,Advocate.Muthaiah.S,TK,TK,,M,51,Bachelor's Degree,0,0,775000,,,,False,,False,
30505,KRISHNAGIRI,53,KRISHNAGIRI,Mangammal,TMK,TMK,OTHERS,F,27,Not Specified,0,0,20500,,,,False,,False,
30506,KRISHNAGIRI,53,KRISHNAGIRI,Mukundhan.P,Tamilaga Vettri Kazhagam,TVK,TVK,M,41,Bachelor's Degree,0,0,3367000,,,,False,,False,
30504,KRISHNAGIRI,53,KRISHNAGIRI,Singaravelan Viswanathan,VTK,VTK,OTHERS,M,51,10th Grade (SSLC),0,0,947000,,,,False,,False,
30517,VEPPANAHALLI,54,KRISHNAGIRI,Munusamy.K.P,AIADMK,AIADMK,,M,75,Bachelor's Degree,0,0,9335000,,,,False,,False,
30515,VEPPANAHALLI,54,KRISHNAGIRI,Srinivasan.P.S,DMK,DMK,INDIA,M,49,12th Grade (HSC / +2),0,0,7222000,,,,False,,False,
30522,VEPPANAHALLI,54,KRISHNAGIRI,Eshwaran.C,IND,IND,NONE,M,47,8th Grade,0,0,1400000,,,,False,,False,
30523,VEPPANAHALLI,54,KRISHNAGIRI,Govindaraj.G.J,IND,IND,NONE,M,44,10th Grade (SSLC),0,0,4411000,,,,False,,False,
30524,VEPPANAHALLI,54,KRISHNAGIRI,Manoharan.K.A,IND,IND,NONE,M,48,10th Grade (SSLC),0,0,600000,,,,False,,False,
30526,VEPPANAHALLI,54,KRISHNAGIRI,Ramasamy.G.C,IND,IND,NONE,M,61,7th Grade,0,0,6409000,,,,False,,False,
30527,VEPPANAHALLI,54,KRISHNAGIRI,Venkatesan.C,IND,IND,NONE,M,35,9th Grade,0,0,364000,,,,False,,False,
30525,VEPPANAHALLI,54,KRISHNAGIRI,Yuvaraj.K.P.U,IND,IND,NONE,M,42,Not Specified,0,0,14600000,,,,False,,False,
30516,VEPPANAHALLI,54,KRISHNAGIRI,Nagaraj.R,NTK,NTK,NTK,M,27,Bachelor's Degree,0,0,242000,,,,False,,False,
30518,VEPPANAHALLI,54,KRISHNAGIRI,Iyappan.L,TAVK,TAVK,OTHERS,M,39,12th Grade (HSC / +2),0,0,2142000,,,,False,,False,
30521,VEPPANAHALLI,54,KRISHNAGIRI,Prajapathi Vijay.C,TMK,TMK,OTHERS,M,29,Bachelor's Degree,0,0,26000,,,,False,,False,
30520,VEPPANAHALLI,54,KRISHNAGIRI,Senthilkumar.R,TNIK,TNIK,,M,26,Not Specified,0,0,18025,,,,False,,False,
30519,VEPPANAHALLI,54,KRISHNAGIRI,Sampangi.S.R,Tamilaga Vettri Kazhagam,TVK,TVK,M,46,10th Grade (SSLC),0,0,128300000,,,,False,,False,
30529,HOSUR,55,KRISHNAGIRI,Balakrishnareddy. P,AIADMK,AIADMK,,M,57,12th Grade (HSC / +2),0,0,685300000,,,,False,,False,
30528,HOSUR,55,KRISHNAGIRI,Sathya.S.A,DMK,DMK,INDIA,F,55,10th Grade (SSLC),0,0,,,,,False,,False,
30536,HOSUR,55,KRISHNAGIRI,Devappa.Y,IND,IND,NONE,M,62,10th Grade (SSLC),0,0,67000,,,,False,,False,
30535,HOSUR,55,KRISHNAGIRI,Dr.Shanmugam.A.R,IND,IND,NONE,M,50,Master's Degree,0,0,120000,,,,False,,False,
30534,HOSUR,55,KRISHNAGIRI,Ganesh.M,IND,IND,NONE,M,41,Bachelor's Degree,0,0,203000,,,,False,,False,
30539,HOSUR,55,KRISHNAGIRI,Mariya Francis.S,IND,IND,NONE,M,36,Master's Degree,0,0,,,,,False,,False,
30538,HOSUR,55,KRISHNAGIRI,Masood.S,IND,IND,NONE,M,34,Master's Degree,0,0,6176000,,,,False,,False,
30537,HOSUR,55,KRISHNAGIRI,Pattabirama. C,IND,IND,NONE,M,51,10th Grade (SSLC),0,0,2425000,,,,False,,False,
30540,HOSUR,55,KRISHNAGIRI,Rajendran.P,IND,IND,NONE,M,40,7th Grade,0,0,2152000,,,,False,,False,
30530,HOSUR,55,KRISHNAGIRI,Stalin.R,NTK,NTK,NTK,M,29,Diploma / ITI,0,0,292000,,,,False,,False,
30531,HOSUR,55,KRISHNAGIRI,Surya. Y,RPI (A),RPI (A),,M,37,Bachelor's Degree,0,0,2824000,,,,False,,False,
30532,HOSUR,55,KRISHNAGIRI,Ponnumani.R,TMK,TMK,OTHERS,F,31,Bachelor's Degree,0,0,21480,,,,False,,False,
30533,HOSUR,55,KRISHNAGIRI,Vendarkarasan.S,Tamilaga Vettri Kazhagam,TVK,TVK,M,45,7th Grade,0,0,2140000,,,,False,,False,
30546,THALLI,56,KRISHNAGIRI,Jayaram. N,AMK,AMK,,M,48,10th Grade (SSLC),0,0,650000,,,,False,,False,
30543,THALLI,56,KRISHNAGIRI,Nagesh Kumar. C,BJP,BJP,NDA,M,40,Master's Degree,0,0,19300000,,,,False,,False,
30541,THALLI,56,KRISHNAGIRI,Ramachandran. T,CPI,CPI,INDIA,M,58,Bachelor's Degree,0,0,,,,,False,,False,
30547,THALLI,56,KRISHNAGIRI,Asanraja. K,IND,IND,NONE,M,35,12th Grade (HSC / +2),0,0,12500,,,,False,,False,
30549,THALLI,56,KRISHNAGIRI,Devappa. Y,IND,IND,NONE,M,62,10th Grade (SSLC),0,0,4067000,,,,False,,False,
30550,THALLI,56,KRISHNAGIRI,Jagan. M,IND,IND,NONE,M,39,Bachelor's Degree,0,0,3292000,,,,False,,False,
30548,THALLI,56,KRISHNAGIRI,Kumar. D.J,IND,IND,NONE,M,36,5th Grade,0,0,1547000,,,,False,,False,
30542,THALLI,56,KRISHNAGIRI,Narasimma Reddy,NTK,NTK,NTK,M,42,Not Specified,0,0,2446000,,,,False,,False,
30544,THALLI,56,KRISHNAGIRI,Ajith. G,TAVK,TAVK,OTHERS,M,31,12th Grade (HSC / +2),0,0,,,,,False,,False,
30545,THALLI,56,KRISHNAGIRI,Suresh. G,Tamilaga Vettri Kazhagam,TVK,TVK,M,46,9th Grade,0,0,662000,,,,False,,False,
30551,PALACODE,57,DHARMAPURI,Anbalagan. K.P,AIADMK,AIADMK,,M,67,12th Grade (HSC / +2),0,0,10900000,,,,False,,False,
30552,PALACODE,57,DHARMAPURI,Dnv Senthilkumar. S,DMK,DMK,INDIA,M,48,Not Specified,0,0,35900000,,,,False,,False,
30559,PALACODE,57,DHARMAPURI,Chinnasamy. N,IND,IND,NONE,M,39,12th Grade (HSC / +2),0,0,3200000,,,,False,,False,
30558,PALACODE,57,DHARMAPURI,Krishnan. L,IND,IND,NONE,M,57,10th Grade (SSLC),0,0,5010000,,,,False,,False,
30563,PALACODE,57,DHARMAPURI,Madhappan. P,IND,IND,NONE,M,48,8th Grade,0,0,9531000,,,,False,,False,
30562,PALACODE,57,DHARMAPURI,Perumal Munusamy. M,IND,IND,NONE,M,43,Bachelor's Degree,0,0,625000,,,,False,,False,
30564,PALACODE,57,DHARMAPURI,Raman. M,IND,IND,NONE,M,48,10th Grade (SSLC),0,0,1454000,,,,False,,False,
30560,PALACODE,57,DHARMAPURI,Senthilkumar. G,IND,IND,NONE,M,52,Bachelor's Degree,0,0,6380,,,,False,,False,
30561,PALACODE,57,DHARMAPURI,Senthilkumar. K,IND,IND,NONE,M,48,Bachelor's Degree,0,0,779,,,,False,,False,
30556,PALACODE,57,DHARMAPURI,Ramesh. P,NMK,NMK,OTHERS,M,48,9th Grade,0,0,1776000,,,,False,,False,
30553,PALACODE,57,DHARMAPURI,Boopathi. R,NTK,NTK,NTK,M,50,Master's Degree,0,0,5320000,,,,False,,False,
30557,PALACODE,57,DHARMAPURI,Jayaraman Perumal. P,TAVK,TAVK,OTHERS,M,54,9th Grade,0,0,1280000,,,,False,,False,
30555,PALACODE,57,DHARMAPURI,Palaniyammal. M,TMK,TMK,OTHERS,F,58,Not Specified,0,0,20500,,,,False,,False,
30554,PALACODE,57,DHARMAPURI,Gopi. R,Tamilaga Vettri Kazhagam,TVK,TVK,M,49,Master's Degree,0,0,59200000,,,,False,,False,
30565,PENNAGARAM,58,DHARMAPURI,Ajith Kumar. S,BSP,BSP,OTHERS,M,27,Bachelor's Degree,0,0,590000,,,,False,,False,
30566,PENNAGARAM,58,DHARMAPURI,G.K.M.Tamilkumaran,INC,INC,INDIA,M,48,Bachelor's Degree,0,0,,,,,False,,False,
30573,PENNAGARAM,58,DHARMAPURI,Annamalai. M,IND,IND,NONE,M,29,Master's Degree,0,0,315000,,,,False,,False,
30574,PENNAGARAM,58,DHARMAPURI,Arunkumar. G,IND,IND,NONE,M,41,10th Grade (SSLC),0,0,486000,,,,False,,False,
30575,PENNAGARAM,58,DHARMAPURI,Elavarsan. A,IND,IND,NONE,M,32,Diploma / ITI,0,0,3500,,,,False,,False,
30579,PENNAGARAM,58,DHARMAPURI,Gnanaselvam. S,IND,IND,NONE,M,42,10th Grade (SSLC),0,0,237000,,,,False,,False,
30583,PENNAGARAM,58,DHARMAPURI,Manivannan. S,IND,IND,NONE,M,48,Master's Degree,0,0,3346000,,,,False,,False,
30584,PENNAGARAM,58,DHARMAPURI,Manoharan. K.A,IND,IND,NONE,M,48,10th Grade (SSLC),0,0,600000,,,,False,,False,
30582,PENNAGARAM,58,DHARMAPURI,Poomani. P,IND,IND,NONE,F,28,Not Specified,0,0,271000,,,,False,,False,
30576,PENNAGARAM,58,DHARMAPURI,Sakthivel. M,IND,IND,NONE,M,42,10th Grade (SSLC),0,0,1165000,,,,False,,False,
30577,PENNAGARAM,58,DHARMAPURI,Selvam. V,IND,IND,NONE,M,52,Bachelor's Degree,0,0,35600000,,,,False,,False,
30578,PENNAGARAM,58,DHARMAPURI,Sendrayan. G,IND,IND,NONE,M,63,8th Grade,0,0,,,,,False,,False,
30580,PENNAGARAM,58,DHARMAPURI,Tamilarasan. M,IND,IND,NONE,M,42,Bachelor's Degree,0,0,436000,,,,False,,False,
30581,PENNAGARAM,58,DHARMAPURI,Tamilselvi. S,IND,IND,NONE,F,65,Master's Degree,0,0,5923000,,,,False,,False,
30586,PENNAGARAM,58,DHARMAPURI,Veerappan. M,IND,IND,NONE,M,65,7th Grade,0,0,1250000,,,,False,,False,
30585,PENNAGARAM,58,DHARMAPURI,Vilkrishnan. R,IND,IND,NONE,M,66,Not Specified,0,0,8050000,,,,False,,False,
30572,PENNAGARAM,58,DHARMAPURI,Thirumurugan. P,NMK,NMK,OTHERS,M,48,Not Specified,0,0,,,,,False,,False,
30567,PENNAGARAM,58,DHARMAPURI,Palaniyammal. T,NTK,NTK,NTK,F,30,Master's Degree,0,0,2332000,,,,False,,False,
30570,PENNAGARAM,58,DHARMAPURI,Selvam. V,PMK,PMK,NDA,M,52,Bachelor's Degree,0,0,35600000,,,,False,,False,
30571,PENNAGARAM,58,DHARMAPURI,Thavamani. C,TAVK,TAVK,OTHERS,M,61,10th Grade (SSLC),0,0,3898000,,,,False,,False,
30568,PENNAGARAM,58,DHARMAPURI,Kannan. K,TMK,TMK,OTHERS,M,54,Bachelor's Degree,0,0,22000,,,,False,,False,
30569,PENNAGARAM,58,DHARMAPURI,Gajendran. S,Tamilaga Vettri Kazhagam,TVK,TVK,M,43,6th Grade,0,0,45600000,,,,False,,False,
30589,DHARMAPURI,59,DHARMAPURI,Saravanan. A,AJPK,AJPK,,M,55,Bachelor's Degree,0,0,18600000,,,,False,,False,
30587,DHARMAPURI,59,DHARMAPURI,Dr. Elangovan. V,DMDK,DMDK,NDA,M,76,Not Specified,0,0,11000000,,,,False,,False,
30596,DHARMAPURI,59,DHARMAPURI,Arumugam. Muni,IND,IND,NONE,M,51,6th Grade,0,0,4251000,,,,False,,False,
30597,DHARMAPURI,59,DHARMAPURI,Kumar. V,IND,IND,NONE,M,40,Bachelor's Degree,0,0,687000,,,,False,,False,
30603,DHARMAPURI,59,DHARMAPURI,Nagarajan. D,IND,IND,NONE,M,82,Bachelor's Degree,0,0,900000,,,,False,,False,
30604,DHARMAPURI,59,DHARMAPURI,Palani. K,IND,IND,NONE,M,65,8th Grade,0,0,700000,,,,False,,False,
30605,DHARMAPURI,59,DHARMAPURI,Prabhakaran. M,IND,IND,NONE,M,42,8th Grade,0,0,608000,,,,False,,False,
30598,DHARMAPURI,59,DHARMAPURI,Saravanan. G,IND,IND,NONE,M,56,9th Grade,0,0,440000,,,,False,,False,
30599,DHARMAPURI,59,DHARMAPURI,Sivam. R,IND,IND,NONE,M,54,Bachelor's Degree,0,0,550000,,,,False,,False,
30600,DHARMAPURI,59,DHARMAPURI,Sivan. A,IND,IND,NONE,M,34,Diploma / ITI,0,0,416000,,,,False,,False,
30601,DHARMAPURI,59,DHARMAPURI,Sundaramoorthy. M,IND,IND,NONE,M,46,10th Grade (SSLC),0,0,9906000,,,,False,,False,
30602,DHARMAPURI,59,DHARMAPURI,Thirupathi. M,IND,IND,NONE,M,32,Bachelor's Degree,0,0,1300000,,,,False,,False,
30595,DHARMAPURI,59,DHARMAPURI,Madhu. P,NMK,NMK,OTHERS,M,49,10th Grade (SSLC),0,0,,,,,False,,False,
30588,DHARMAPURI,59,DHARMAPURI,Shanthalakshmi. K,NTK,NTK,NTK,F,50,Master's Degree,0,0,1503000,,,,False,,False,
30592,DHARMAPURI,59,DHARMAPURI,Sowmiya Anbumani,PMK,PMK,NDA,F,55,Doctorate (Ph.D / MD),0,0,481100000,,,,False,,False,
30593,DHARMAPURI,59,DHARMAPURI,Prasanth. Dbj,TAVK,TAVK,OTHERS,M,35,Bachelor's Degree,0,0,,,,,False,,False,
30590,DHARMAPURI,59,DHARMAPURI,Sivagami. G,TMK,TMK,OTHERS,F,46,10th Grade (SSLC),0,0,30500,,,,False,,False,
30591,DHARMAPURI,59,DHARMAPURI,Sivan. M,Tamilaga Vettri Kazhagam,TVK,TVK,M,51,Primary (Up to 4th),0,0,8677000,,,,False,,False,
30594,DHARMAPURI,59,DHARMAPURI,Manikandan. S,VTK,VTK,OTHERS,M,45,Bachelor's Degree,0,0,6425000,,,,False,,False,
30608,PAPPIREDDIPPATTI,60,DHARMAPURI,Maragatham Vetrivel,AIADMK,AIADMK,,F,50,12th Grade (HSC / +2),0,0,,,,,False,,False,
30610,PAPPIREDDIPPATTI,60,DHARMAPURI,Chennakrishnan. V,AIPTMMK,AIPTMMK,,M,52,12th Grade (HSC / +2),0,0,3488000,,,,False,,False,
30607,PAPPIREDDIPPATTI,60,DHARMAPURI,Palaniappan. P,DMK,DMK,INDIA,M,64,Master's Degree,0,0,2402000,,,,False,,False,
30615,PAPPIREDDIPPATTI,60,DHARMAPURI,Chinnasamy. P,IND,IND,NONE,M,37,Diploma / ITI,0,0,75000,,,,False,,False,
30619,PAPPIREDDIPPATTI,60,DHARMAPURI,Moorthi. P,IND,IND,NONE,M,56,5th Grade,0,0,66000,,,,False,,False,
30618,PAPPIREDDIPPATTI,60,DHARMAPURI,Murugan. S,IND,IND,NONE,M,53,Bachelor's Degree,0,0,176000,,,,False,,False,
30617,PAPPIREDDIPPATTI,60,DHARMAPURI,Palaniappan. R,IND,IND,NONE,M,49,10th Grade (SSLC),0,0,555000,,,,False,,False,
30614,PAPPIREDDIPPATTI,60,DHARMAPURI,Sathish. S,IND,IND,NONE,M,37,Master's Degree,0,0,400000,,,,False,,False,
30616,PAPPIREDDIPPATTI,60,DHARMAPURI,Tamilraj. K,IND,IND,NONE,M,49,Bachelor's Degree,0,0,6525000,,,,False,,False,
30613,PAPPIREDDIPPATTI,60,DHARMAPURI,Jamunarani. M,NMK,NMK,OTHERS,F,49,12th Grade (HSC / +2),0,0,6035000,,,,False,,False,
30606,PAPPIREDDIPPATTI,60,DHARMAPURI,Archana Tamilaruvi,NTK,NTK,NTK,F,30,Bachelor's Degree,0,0,546000,,,,False,,False,
30612,PAPPIREDDIPPATTI,60,DHARMAPURI,Poovarasu,TMK,TMK,OTHERS,M,39,10th Grade (SSLC),0,0,25000,,,,False,,False,
30611,PAPPIREDDIPPATTI,60,DHARMAPURI,Thilagavathi. S,Tamilaga Vettri Kazhagam,TVK,TVK,F,33,Master's Degree,0,0,3879000,,,,False,,False,
30609,PAPPIREDDIPPATTI,60,DHARMAPURI,Ganesan. S,VTK,VTK,OTHERS,M,45,Diploma / ITI,0,0,265000,,,,False,,False,
30622,HARUR,61,DHARMAPURI,Sampathkumar. V,AIADMK,AIADMK,,M,52,Bachelor's Degree,0,0,1733000,,,,False,,False,
30629,HARUR,61,DHARMAPURI,Venkatesh (A) Dr. V.K.Swamy,BJCP,BJCP,,M,45,Master's Degree,0,0,5812000,,,,False,,False,
30623,HARUR,61,DHARMAPURI,Nehru. G,BSP,BSP,OTHERS,M,51,Diploma / ITI,0,0,121000,,,,False,,False,
30621,HARUR,61,DHARMAPURI,Shanmugam. A,DMK,DMK,INDIA,M,62,Not Specified,0,0,2776000,,,,False,,False,
30633,HARUR,61,DHARMAPURI,Parthipan. P,IND,IND,NONE,M,57,Bachelor's Degree,0,0,300000,,,,False,,False,
30631,HARUR,61,DHARMAPURI,Sampath. C,IND,IND,NONE,M,57,Not Specified,0,0,2393,,,,False,,False,
30630,HARUR,61,DHARMAPURI,Sampath. K,IND,IND,NONE,M,67,Not Specified,0,0,100,,,,False,,False,
30632,HARUR,61,DHARMAPURI,Thangavel. K,IND,IND,NONE,M,50,Master's Degree,0,0,,,,,False,,False,
30624,HARUR,61,DHARMAPURI,Karuthammal. S,NMK,NMK,OTHERS,F,31,Diploma / ITI,0,0,1021000,,,,False,,False,
30620,HARUR,61,DHARMAPURI,Anitha. A,NTK,NTK,NTK,F,45,Diploma / ITI,0,0,902000,,,,False,,False,
30627,HARUR,61,DHARMAPURI,Marikannu. C,RPI (A),RPI (A),,M,47,Not Specified,0,0,15500,,,,False,,False,
30626,HARUR,61,DHARMAPURI,Manila. S,TAVK,TAVK,OTHERS,F,42,10th Grade (SSLC),0,0,3487000,,,,False,,False,
30625,HARUR,61,DHARMAPURI,Kuppuraj. K,TMK,TMK,OTHERS,M,48,Bachelor's Degree,0,0,20500,,,,False,,False,
30628,HARUR,61,DHARMAPURI,Rakesh. K,Tamilaga Vettri Kazhagam,TVK,TVK,M,40,Master's Degree,0,0,328000,,,,False,,False,
30635,CHENGAM,62,TIRUVANNAMALAI,S.Velu,AIADMK,AIADMK,,M,53,Bachelor's Degree,0,0,69900000,,,,False,,False,
30634,CHENGAM,62,TIRUVANNAMALAI,M.P.Giri,DMK,DMK,INDIA,M,51,12th Grade (HSC / +2),0,0,86900000,,,,False,,False,
30645,CHENGAM,62,TIRUVANNAMALAI,A Poongodi,IND,IND,NONE,F,35,12th Grade (HSC / +2),0,0,1512000,,,,False,,False,
30644,CHENGAM,62,TIRUVANNAMALAI,A.Bharathi,IND,IND,NONE,M,34,Bachelor's Degree,0,0,20000,,,,False,,False,
30641,CHENGAM,62,TIRUVANNAMALAI,A.Chidambaram,IND,IND,NONE,M,42,12th Grade (HSC / +2),0,0,515000,,,,False,,False,
30643,CHENGAM,62,TIRUVANNAMALAI,D Dhilipkumar,IND,IND,NONE,M,28,Diploma / ITI,0,0,860000,,,,False,,False,
30648,CHENGAM,62,TIRUVANNAMALAI,K.Velu,IND,IND,NONE,M,35,10th Grade (SSLC),0,0,20000,,,,False,,False,
30646,CHENGAM,62,TIRUVANNAMALAI,M.Mugilarasan,IND,IND,NONE,M,33,Bachelor's Degree,0,0,143000,,,,False,,False,
30647,CHENGAM,62,TIRUVANNAMALAI,M.Raman Masilamani,IND,IND,NONE,M,63,5th Grade,0,0,6055000,,,,False,,False,
30642,CHENGAM,62,TIRUVANNAMALAI,P.Selvam,IND,IND,NONE,M,47,Master's Degree,0,0,15121,,,,False,,False,
30639,CHENGAM,62,TIRUVANNAMALAI,K Manikandan,MSKK,MSKK,OTHERS,M,30,12th Grade (HSC / +2),0,0,,,,,False,,False,
30636,CHENGAM,62,TIRUVANNAMALAI,J.Shoba,NTK,NTK,NTK,F,31,Master's Degree,0,0,1491000,,,,False,,False,
30637,CHENGAM,62,TIRUVANNAMALAI,C Selvan,RPI (A),RPI (A),,M,44,9th Grade,0,0,1769000,,,,False,,False,
30640,CHENGAM,62,TIRUVANNAMALAI,C.Malathi,TAVK,TAVK,OTHERS,F,39,8th Grade,0,0,,,,,False,,False,
30638,CHENGAM,62,TIRUVANNAMALAI,K Bharathidhasan,Tamilaga Vettri Kazhagam,TVK,TVK,M,46,Bachelor's Degree,0,0,2433000,,,,False,,False,
30659,TIRUVANNAMALAI,63,TIRUVANNAMALAI,Velu. V,ACDP,ACDP,,M,39,Bachelor's Degree,0,0,2733000,,,,False,,False,
30649,TIRUVANNAMALAI,63,TIRUVANNAMALAI,Elumalai. C,BJP,BJP,NDA,M,54,8th Grade,0,0,30000,,,,False,,False,
30650,TIRUVANNAMALAI,63,TIRUVANNAMALAI,Raj. S,BSP,BSP,OTHERS,M,51,Not Specified,0,0,1251000,,,,False,,False,
30652,TIRUVANNAMALAI,63,TIRUVANNAMALAI,Velu. E.V,DMK,DMK,INDIA,M,76,Master's Degree,0,0,234500000,,,,False,,False,
30663,TIRUVANNAMALAI,63,TIRUVANNAMALAI,Adhithya Palanisamy. A,IND,IND,NONE,M,40,Master's Degree,0,0,,,,,False,,False,
30664,TIRUVANNAMALAI,63,TIRUVANNAMALAI,Ananth. A.M,IND,IND,NONE,M,47,Bachelor's Degree,0,0,,,,,False,,False,
30662,TIRUVANNAMALAI,63,TIRUVANNAMALAI,Anbalagan. M,IND,IND,NONE,M,63,12th Grade (HSC / +2),0,0,8505,,,,False,,False,
30661,TIRUVANNAMALAI,63,TIRUVANNAMALAI,Arul Anand. V,IND,IND,NONE,M,48,Diploma / ITI,0,0,2138000,,,,False,,False,
30660,TIRUVANNAMALAI,63,TIRUVANNAMALAI,Arul. K,IND,IND,NONE,M,39,9th Grade,0,0,30000,,,,False,,False,
30665,TIRUVANNAMALAI,63,TIRUVANNAMALAI,Elumalai. A S/O Arumugam,IND,IND,NONE,M,65,Not Specified,0,0,650000,,,,False,,False,
30666,TIRUVANNAMALAI,63,TIRUVANNAMALAI,Elumalai. C S/O Chinnakuzhanthai,IND,IND,NONE,M,54,8th Grade,0,0,30000,,,,False,,False,
30667,TIRUVANNAMALAI,63,TIRUVANNAMALAI,Elumalai. C S/O Chinnarasu,IND,IND,NONE,M,41,8th Grade,0,0,30000,,,,False,,False,
30668,TIRUVANNAMALAI,63,TIRUVANNAMALAI,Kothandapani. B,IND,IND,NONE,M,48,10th Grade (SSLC),0,0,826000,,,,False,,False,
30671,TIRUVANNAMALAI,63,TIRUVANNAMALAI,Maheswari. R,IND,IND,NONE,F,50,Bachelor's Degree,0,0,9470000,,,,False,,False,
30672,TIRUVANNAMALAI,63,TIRUVANNAMALAI,Marikkannu. E,IND,IND,NONE,M,33,Bachelor's Degree,0,0,30000,,,,False,,False,
30673,TIRUVANNAMALAI,63,TIRUVANNAMALAI,Moorthy. P,IND,IND,NONE,M,43,8th Grade,0,0,,,,,False,,False,
30670,TIRUVANNAMALAI,63,TIRUVANNAMALAI,Palani. N,IND,IND,NONE,M,52,12th Grade (HSC / +2),0,0,60000,,,,False,,False,
30675,TIRUVANNAMALAI,63,TIRUVANNAMALAI,Raja. V,IND,IND,NONE,M,50,6th Grade,0,0,10000,,,,False,,False,
30674,TIRUVANNAMALAI,63,TIRUVANNAMALAI,Ramesh. V,IND,IND,NONE,M,61,Bachelor's Degree,0,0,7067000,,,,False,,False,
30669,TIRUVANNAMALAI,63,TIRUVANNAMALAI,Salam .M,IND,IND,NONE,M,71,8th Grade,0,0,10800,,,,False,,False,
30678,TIRUVANNAMALAI,63,TIRUVANNAMALAI,Velu. K,IND,IND,NONE,M,42,8th Grade,0,0,197000,,,,False,,False,
30677,TIRUVANNAMALAI,63,TIRUVANNAMALAI,Venkatesan. M,IND,IND,NONE,M,33,Diploma / ITI,0,0,1240000,,,,False,,False,
30676,TIRUVANNAMALAI,63,TIRUVANNAMALAI,Vignesh. M,IND,IND,NONE,M,34,Bachelor's Degree,0,0,95000,,,,False,,False,
30658,TIRUVANNAMALAI,63,TIRUVANNAMALAI,Vijayakumar. S,NMK,NMK,OTHERS,M,47,Not Specified,0,0,110000,,,,False,,False,
30651,TIRUVANNAMALAI,63,TIRUVANNAMALAI,Vignesh. S,NTK,NTK,NTK,M,33,Bachelor's Degree,0,0,,,,,False,,False,
30656,TIRUVANNAMALAI,63,TIRUVANNAMALAI,Benny Rajan. C.J,RPI (A),RPI (A),,M,48,Bachelor's Degree,0,0,2711000,,,,False,,False,
30657,TIRUVANNAMALAI,63,TIRUVANNAMALAI,Malli. S,TAVK,TAVK,OTHERS,F,30,10th Grade (SSLC),0,0,410000,,,,False,,False,
30655,TIRUVANNAMALAI,63,TIRUVANNAMALAI,Nakkiran. A,TPMK,TPMK,,M,51,Primary (Up to 4th),0,0,10000,,,,False,,False,
30653,TIRUVANNAMALAI,63,TIRUVANNAMALAI,Arul Arumugam,Tamilaga Vettri Kazhagam,TVK,TVK,M,43,Master's Degree,0,0,,,,,False,,False,
30654,TIRUVANNAMALAI,63,TIRUVANNAMALAI,Kannan. P,VTVTK,VTVTK,,M,49,8th Grade,0,0,10000,,,,False,,False,
30685,KILPENNATHUR,64,TIRUVANNAMALAI,Lokeshwaran.R,ACDP,ACDP,,M,27,Diploma / ITI,0,0,650000,,,,False,,False,
30679,KILPENNATHUR,64,TIRUVANNAMALAI,Ramachandran.S,AIADMK,AIADMK,,M,65,10th Grade (SSLC),0,0,124200000,,,,False,,False,
30686,KILPENNATHUR,64,TIRUVANNAMALAI,Janakiraman.R,AJPK,AJPK,,M,61,12th Grade (HSC / +2),0,0,346000,,,,False,,False,
30680,KILPENNATHUR,64,TIRUVANNAMALAI,Pitchandi.K,DMK,DMK,INDIA,M,71,Master's Degree,0,0,79500000,,,,False,,False,
30687,KILPENNATHUR,64,TIRUVANNAMALAI,Athiyamaan.M,IND,IND,NONE,M,33,Master's Degree,0,0,180000,,,,False,,False,
30693,KILPENNATHUR,64,TIRUVANNAMALAI,Dhilipkumar.D,IND,IND,NONE,M,28,Diploma / ITI,0,0,860000,,,,False,,False,
30697,KILPENNATHUR,64,TIRUVANNAMALAI,Murugan.M,IND,IND,NONE,M,53,12th Grade (HSC / +2),0,0,622000,,,,False,,False,
30694,KILPENNATHUR,64,TIRUVANNAMALAI,Pichandi.D,IND,IND,NONE,M,61,Bachelor's Degree,0,0,90450,,,,False,,False,
30695,KILPENNATHUR,64,TIRUVANNAMALAI,Pichandi.R,IND,IND,NONE,M,55,10th Grade (SSLC),0,0,82660,,,,False,,False,
30696,KILPENNATHUR,64,TIRUVANNAMALAI,Pichandi.V,IND,IND,NONE,M,60,8th Grade,0,0,82660,,,,False,,False,
30700,KILPENNATHUR,64,TIRUVANNAMALAI,Rajasekar.I,IND,IND,NONE,M,34,10th Grade (SSLC),0,0,563000,,,,False,,False,
30701,KILPENNATHUR,64,TIRUVANNAMALAI,Rajkumar.R,IND,IND,NONE,M,38,Not Specified,0,0,100000,,,,False,,False,
30699,KILPENNATHUR,64,TIRUVANNAMALAI,Ramachandiran.R,IND,IND,NONE,M,35,9th Grade,0,0,120000,,,,False,,False,
30698,KILPENNATHUR,64,TIRUVANNAMALAI,Ramachandran.K,IND,IND,NONE,M,47,10th Grade (SSLC),0,0,51108,,,,False,,False,
30688,KILPENNATHUR,64,TIRUVANNAMALAI,Ramachandran.K,IND,IND,NONE,M,55,Not Specified,0,0,340,,,,False,,False,
30691,KILPENNATHUR,64,TIRUVANNAMALAI,Sampathraj.M,IND,IND,NONE,M,46,Bachelor's Degree,0,0,455000,,,,False,,False,
30690,KILPENNATHUR,64,TIRUVANNAMALAI,Santhoshkumar.E,IND,IND,NONE,M,35,10th Grade (SSLC),0,0,96600,,,,False,,False,
30689,KILPENNATHUR,64,TIRUVANNAMALAI,Sasikumar.S,IND,IND,NONE,M,49,12th Grade (HSC / +2),0,0,771000,,,,False,,False,
30692,KILPENNATHUR,64,TIRUVANNAMALAI,Suryaprakash.S,IND,IND,NONE,M,34,Doctorate (Ph.D / MD),0,0,899000,,,,False,,False,
30681,KILPENNATHUR,64,TIRUVANNAMALAI,Loganathan.V,NTK,NTK,NTK,M,40,Bachelor's Degree,0,0,11000000,,,,False,,False,
30683,KILPENNATHUR,64,TIRUVANNAMALAI,Rajasekar.P,TAVK,TAVK,OTHERS,M,41,10th Grade (SSLC),0,0,175000,,,,False,,False,
30682,KILPENNATHUR,64,TIRUVANNAMALAI,Shanmugam.A,TPMK,TPMK,,M,58,Not Specified,0,0,10000,,,,False,,False,
30684,KILPENNATHUR,64,TIRUVANNAMALAI,Raja.D,Tamilaga Vettri Kazhagam,TVK,TVK,M,33,Master's Degree,0,0,357000,,,,False,,False,
30702,KALASAPAKKAM,65,TIRUVANNAMALAI,Agri Krishnamurthy. S S,AIADMK,AIADMK,,M,56,Not Specified,0,0,496000,,,,False,,False,
30708,KALASAPAKKAM,65,TIRUVANNAMALAI,Suman. M,AJPK,AJPK,,M,43,12th Grade (HSC / +2),0,0,2150000,,,,False,,False,
30703,KALASAPAKKAM,65,TIRUVANNAMALAI,Saravanan. P.S.T,DMK,DMK,INDIA,M,57,Master's Degree,0,0,,,,,False,,False,
30719,KALASAPAKKAM,65,TIRUVANNAMALAI,Balaji. P,IND,IND,NONE,M,53,Not Specified,0,0,4647000,,,,False,,False,
30720,KALASAPAKKAM,65,TIRUVANNAMALAI,Baskaran. R,IND,IND,NONE,M,52,Diploma / ITI,0,0,3772000,,,,False,,False,
30718,KALASAPAKKAM,65,TIRUVANNAMALAI,Deiveegan. P,IND,IND,NONE,M,50,12th Grade (HSC / +2),0,0,2613000,,,,False,,False,
30709,KALASAPAKKAM,65,TIRUVANNAMALAI,Elumalai. S,IND,IND,NONE,M,46,10th Grade (SSLC),0,0,9588,,,,False,,False,
30710,KALASAPAKKAM,65,TIRUVANNAMALAI,Elumalai. T,IND,IND,NONE,M,61,12th Grade (HSC / +2),0,0,861,,,,False,,False,
30711,KALASAPAKKAM,65,TIRUVANNAMALAI,Kamaraj. G,IND,IND,NONE,M,46,10th Grade (SSLC),0,0,41034,,,,False,,False,
30715,KALASAPAKKAM,65,TIRUVANNAMALAI,Kothandapani. B,IND,IND,NONE,M,48,10th Grade (SSLC),0,0,826000,,,,False,,False,
30713,KALASAPAKKAM,65,TIRUVANNAMALAI,Krishnamurthy. M,IND,IND,NONE,M,54,5th Grade,0,0,400,,,,False,,False,
30714,KALASAPAKKAM,65,TIRUVANNAMALAI,Krishnamurthy. R,IND,IND,NONE,M,63,5th Grade,0,0,15500,,,,False,,False,
30712,KALASAPAKKAM,65,TIRUVANNAMALAI,Krishnamurthy. S,IND,IND,NONE,M,56,Not Specified,0,0,496,,,,False,,False,
30721,KALASAPAKKAM,65,TIRUVANNAMALAI,Manikandan. K,IND,IND,NONE,M,29,Bachelor's Degree,0,0,1138000,,,,False,,False,
30722,KALASAPAKKAM,65,TIRUVANNAMALAI,Raja. N,IND,IND,NONE,M,52,Not Specified,0,0,,,,,False,,False,
30717,KALASAPAKKAM,65,TIRUVANNAMALAI,Santhakumaran. A,IND,IND,NONE,M,44,Bachelor's Degree,0,0,40000,,,,False,,False,
30716,KALASAPAKKAM,65,TIRUVANNAMALAI,Saravanan. K,IND,IND,NONE,M,42,10th Grade (SSLC),0,0,4151000,,,,False,,False,
30706,KALASAPAKKAM,65,TIRUVANNAMALAI,Sathya. V,NMK,NMK,OTHERS,F,35,9th Grade,0,0,90000,,,,False,,False,
30704,KALASAPAKKAM,65,TIRUVANNAMALAI,Seetha Sivanandam. P,NTK,NTK,NTK,F,36,Master's Degree,0,0,367000,,,,False,,False,
30707,KALASAPAKKAM,65,TIRUVANNAMALAI,Saravanan. V,TAVK,TAVK,OTHERS,M,39,10th Grade (SSLC),0,0,186000,,,,False,,False,
30705,KALASAPAKKAM,65,TIRUVANNAMALAI,Elumalai. P,Tamilaga Vettri Kazhagam,TVK,TVK,M,34,Bachelor's Degree,0,0,189000,,,,False,,False,
30728,POLUR,66,TIRUVANNAMALAI,Dhavamani. P,ACDP,ACDP,,M,56,Bachelor's Degree,0,0,7743000,,,,False,,False,
30731,POLUR,66,TIRUVANNAMALAI,Manikandan. R,AJPK,AJPK,,M,38,Diploma / ITI,0,0,133000,,,,False,,False,
30724,POLUR,66,TIRUVANNAMALAI,Saravanan. P,DMDK,DMDK,NDA,M,48,8th Grade,0,0,620000,,,,False,,False,
30736,POLUR,66,TIRUVANNAMALAI,Baskaran. C,IND,IND,NONE,M,47,Bachelor's Degree,0,0,7224000,,,,False,,False,
30732,POLUR,66,TIRUVANNAMALAI,Ezhil Arasu. M M.A.L.L.M,IND,IND,NONE,M,42,Master's Degree,0,0,875000,,,,False,,False,
30737,POLUR,66,TIRUVANNAMALAI,Purusothaman. M,IND,IND,NONE,M,43,Bachelor's Degree,0,0,63258,,,,False,,False,
30734,POLUR,66,TIRUVANNAMALAI,Saravanan. M,IND,IND,NONE,M,40,Bachelor's Degree,0,0,15000,,,,False,,False,
30733,POLUR,66,TIRUVANNAMALAI,Saravanan. P,IND,IND,NONE,M,48,8th Grade,0,0,620,,,,False,,False,
30735,POLUR,66,TIRUVANNAMALAI,Subha. A,IND,IND,NONE,F,41,12th Grade (HSC / +2),0,0,860000,,,,False,,False,
30723,POLUR,66,TIRUVANNAMALAI,Umadevi. A,NTK,NTK,NTK,F,42,Not Specified,0,0,,,,,False,,False,
30730,POLUR,66,TIRUVANNAMALAI,Baskaran. C.R,PMK,PMK,NDA,M,64,Master's Degree,0,0,591300000,,,,False,,False,
30729,POLUR,66,TIRUVANNAMALAI,Banupriya. D,RPI (A),RPI (A),,F,43,9th Grade,0,0,310000,,,,False,,False,
30727,POLUR,66,TIRUVANNAMALAI,Syed Mukram. R.N,TAVK,TAVK,OTHERS,M,39,5th Grade,0,0,588000,,,,False,,False,
30725,POLUR,66,TIRUVANNAMALAI,Abishek. R,Tamilaga Vettri Kazhagam,TVK,TVK,M,30,Bachelor's Degree,0,0,3630000,,,,False,,False,
30726,POLUR,66,TIRUVANNAMALAI,Shanmugavelu. A,VTVTK,VTVTK,,M,49,10th Grade (SSLC),0,0,10000,,,,False,,False,
30740,ARANI,67,TIRUVANNAMALAI,Jayasudha. L,AIADMK,AIADMK,,F,51,12th Grade (HSC / +2),0,0,125000000,,,,False,,False,
30742,ARANI,67,TIRUVANNAMALAI,Kalaimani. V,AJPK,AJPK,,M,45,10th Grade (SSLC),0,0,1951000,,,,False,,False,
30739,ARANI,67,TIRUVANNAMALAI,Mahalakshmi Govarthanan,DMK,DMK,INDIA,F,44,Bachelor's Degree,0,0,10400000,,,,False,,False,
30747,ARANI,67,TIRUVANNAMALAI,Ammu. V,IND,IND,NONE,F,52,12th Grade (HSC / +2),0,0,1215000,,,,False,,False,
30755,ARANI,67,TIRUVANNAMALAI,Baskaran. S,IND,IND,NONE,M,32,Bachelor's Degree,0,0,1385000,,,,False,,False,
30754,ARANI,67,TIRUVANNAMALAI,Dhamotharan. M,IND,IND,NONE,M,44,Bachelor's Degree,0,0,4146000,,,,False,,False,
30748,ARANI,67,TIRUVANNAMALAI,Ekambaram. V,IND,IND,NONE,M,47,10th Grade (SSLC),0,0,586000,,,,False,,False,
30760,ARANI,67,TIRUVANNAMALAI,Jayanthi. E,IND,IND,NONE,F,44,12th Grade (HSC / +2),0,0,121,,,,False,,False,
30761,ARANI,67,TIRUVANNAMALAI,Jayanthi. M,IND,IND,NONE,F,52,10th Grade (SSLC),0,0,143,,,,False,,False,
30757,ARANI,67,TIRUVANNAMALAI,Mahalakshmi. G,IND,IND,NONE,F,37,10th Grade (SSLC),0,0,61500,,,,False,,False,
30756,ARANI,67,TIRUVANNAMALAI,Mahalakshmi. G,IND,IND,NONE,F,33,Diploma / ITI,0,0,860,,,,False,,False,
30749,ARANI,67,TIRUVANNAMALAI,Sakthivel. S,IND,IND,NONE,M,38,10th Grade (SSLC),0,0,152000,,,,False,,False,
30750,ARANI,67,TIRUVANNAMALAI,Saravanan. S,IND,IND,NONE,M,52,Not Specified,0,0,201000,,,,False,,False,
30753,ARANI,67,TIRUVANNAMALAI,Sethurama Sasthri. G,IND,IND,NONE,M,46,10th Grade (SSLC),0,0,5000000,,,,False,,False,
30751,ARANI,67,TIRUVANNAMALAI,Silambarasan. C,IND,IND,NONE,M,36,10th Grade (SSLC),0,0,70855,,,,False,,False,
30752,ARANI,67,TIRUVANNAMALAI,Sudha. S,IND,IND,NONE,F,41,12th Grade (HSC / +2),0,0,133000,,,,False,,False,
30759,ARANI,67,TIRUVANNAMALAI,Venkatesan. P,IND,IND,NONE,M,42,Primary (Up to 4th),0,0,1104000,,,,False,,False,
30758,ARANI,67,TIRUVANNAMALAI,Vinoth. A,IND,IND,NONE,M,33,Not Specified,0,0,,,,,False,,False,
30738,ARANI,67,TIRUVANNAMALAI,Dhavamani. R,NTK,NTK,NTK,F,34,Master's Degree,0,0,837000,,,,False,,False,
30745,ARANI,67,TIRUVANNAMALAI,Tamilmannan. D,SMNK,SMNK,,M,65,10th Grade (SSLC),0,0,140000,,,,False,,False,
30743,ARANI,67,TIRUVANNAMALAI,Suresh. S,TAVK,TAVK,OTHERS,M,36,8th Grade,0,0,12000,,,,False,,False,
30741,ARANI,67,TIRUVANNAMALAI,Ganapathy. S,TPMK,TPMK,,M,34,Not Specified,0,0,,,,,False,,False,
30746,ARANI,67,TIRUVANNAMALAI,Venkatesh Kumar. D,Tamilaga Vettri Kazhagam,TVK,TVK,M,49,Master's Degree,0,0,4614000,,,,False,,False,
30744,ARANI,67,TIRUVANNAMALAI,Selvakotti. E,VTVTK,VTVTK,,M,46,5th Grade,0,0,610000,,,,False,,False,
30771,CHEYYAR,68,TIRUVANNAMALAI,Ragupathi. S,ACDP,ACDP,,M,58,Bachelor's Degree,0,0,437000,,,,False,,False,
30763,CHEYYAR,68,TIRUVANNAMALAI,Mukkur N.Subramanian,AIADMK,AIADMK,,M,66,Bachelor's Degree,0,0,4682000,,,,False,,False,
30766,CHEYYAR,68,TIRUVANNAMALAI,Chandrasekaran. M,AIJMK,AIJMK,OTHERS,M,48,9th Grade,0,0,153000,,,,False,,False,
30767,CHEYYAR,68,TIRUVANNAMALAI,Srinivasan. K,AJPK,AJPK,,M,46,10th Grade (SSLC),0,0,22800000,,,,False,,False,
30772,CHEYYAR,68,TIRUVANNAMALAI,Venkatesan. V,ASMK,ASMK,,M,70,Master's Degree,0,0,1230000,,,,False,,False,
30764,CHEYYAR,68,TIRUVANNAMALAI,Jothi. O,DMK,DMK,INDIA,M,55,Bachelor's Degree,0,0,4446000,,,,False,,False,
30773,CHEYYAR,68,TIRUVANNAMALAI,Arjunan. M,IND,IND,NONE,M,50,9th Grade,0,0,445000,,,,False,,False,
30774,CHEYYAR,68,TIRUVANNAMALAI,Mohan. R,IND,IND,NONE,M,30,Bachelor's Degree,0,0,212000,,,,False,,False,
30762,CHEYYAR,68,TIRUVANNAMALAI,Tamilselvan. M,NTK,NTK,NTK,M,25,Bachelor's Degree,0,0,742000,,,,False,,False,
30770,CHEYYAR,68,TIRUVANNAMALAI,Palani. M,TAVK,TAVK,OTHERS,M,41,10th Grade (SSLC),0,0,2715000,,,,False,,False,
30769,CHEYYAR,68,TIRUVANNAMALAI,Dusi K Mohan,Tamilaga Vettri Kazhagam,TVK,TVK,M,68,Bachelor's Degree,0,0,9080000,,,,False,,False,
30768,CHEYYAR,68,TIRUVANNAMALAI,Durugan. M,VBA,VBA,,M,58,Bachelor's Degree,0,0,35000,,,,False,,False,
30765,CHEYYAR,68,TIRUVANNAMALAI,Kuttimani. S,VTVTK,VTVTK,,M,41,5th Grade,0,0,1181000,,,,False,,False,
30780,VANDAVASI,69,TIRUVANNAMALAI,Muthuselvam. V,ACDP,ACDP,,M,38,Not Specified,0,0,,,,,False,,False,
30777,VANDAVASI,69,TIRUVANNAMALAI,Rani. P,AIADMK,AIADMK,,F,54,5th Grade,0,0,3899000,,,,False,,False,
30781,VANDAVASI,69,TIRUVANNAMALAI,Muthuperumal. K,AJPK,AJPK,,M,33,Not Specified,0,0,5895000,,,,False,,False,
30775,VANDAVASI,69,TIRUVANNAMALAI,Ambethkumar. S,DMK,DMK,INDIA,M,49,10th Grade (SSLC),0,0,,,,,False,,False,
30783,VANDAVASI,69,TIRUVANNAMALAI,Ambedkar. T,IND,IND,NONE,M,26,Master's Degree,0,0,1112000,,,,False,,False,
30784,VANDAVASI,69,TIRUVANNAMALAI,Arjunan. M,IND,IND,NONE,M,50,9th Grade,0,0,1000000,,,,False,,False,
30789,VANDAVASI,69,TIRUVANNAMALAI,Jaisankar. M,IND,IND,NONE,M,43,7th Grade,0,0,5000,,,,False,,False,
30786,VANDAVASI,69,TIRUVANNAMALAI,Kanniyappan. S,IND,IND,NONE,M,56,10th Grade (SSLC),0,0,6000,,,,False,,False,
30787,VANDAVASI,69,TIRUVANNAMALAI,Ponnambalam. P,IND,IND,NONE,M,56,Bachelor's Degree,0,0,75000,,,,False,,False,
30788,VANDAVASI,69,TIRUVANNAMALAI,Rani. A,IND,IND,NONE,F,53,Not Specified,0,0,347000,,,,False,,False,
30785,VANDAVASI,69,TIRUVANNAMALAI,Udhayakumar. N,IND,IND,NONE,M,36,10th Grade (SSLC),0,0,,,,,False,,False,
30776,VANDAVASI,69,TIRUVANNAMALAI,Ganesh. R,NTK,NTK,NTK,M,42,Bachelor's Degree,0,0,1090000,,,,False,,False,
30779,VANDAVASI,69,TIRUVANNAMALAI,Thamarai Selvi. S,TAVK,TAVK,OTHERS,F,38,9th Grade,0,0,50000,,,,False,,False,
30782,VANDAVASI,69,TIRUVANNAMALAI,Rakesh Sharma. R,TK,TK,,M,37,Bachelor's Degree,0,0,330000,,,,False,,False,
30778,VANDAVASI,69,TIRUVANNAMALAI,Udhayakumar. M,Tamilaga Vettri Kazhagam,TVK,TVK,M,32,Diploma / ITI,0,0,3618000,,,,False,,False,
30797,GINGEE,70,VILLUPURAM,Thanigaimalai R,ACDP,ACDP,,M,56,10th Grade (SSLC),0,0,9158000,,,,False,,False,
30798,GINGEE,70,VILLUPURAM,Perumal N,AJPK,AJPK,,M,56,12th Grade (HSC / +2),0,0,1350000,,,,False,,False,
30792,GINGEE,70,VILLUPURAM,Rangarajan E,BSP,BSP,OTHERS,M,45,Bachelor's Degree,0,0,1630000,,,,False,,False,
30791,GINGEE,70,VILLUPURAM,Gingee Masthan K S,DMK,DMK,INDIA,M,70,8th Grade,0,0,11900000,,,,False,,False,
30802,GINGEE,70,VILLUPURAM,Banukumar R,IND,IND,NONE,M,43,Diploma / ITI,0,0,902000,,,,False,,False,
30801,GINGEE,70,VILLUPURAM,Devendiran M,IND,IND,NONE,M,35,Bachelor's Degree,0,0,15000,,,,False,,False,
30800,GINGEE,70,VILLUPURAM,Gokulraj S,IND,IND,NONE,M,29,12th Grade (HSC / +2),0,0,,,,,False,,False,
30806,GINGEE,70,VILLUPURAM,Mohan A,IND,IND,NONE,M,55,12th Grade (HSC / +2),0,0,2114000,,,,False,,False,
30805,GINGEE,70,VILLUPURAM,Munusamy A,IND,IND,NONE,M,65,5th Grade,0,0,,,,,False,,False,
30804,GINGEE,70,VILLUPURAM,Poyyathappan K,IND,IND,NONE,M,59,Doctorate (Ph.D / MD),0,0,11300000,,,,False,,False,
30803,GINGEE,70,VILLUPURAM,Prabakaran M,IND,IND,NONE,M,56,10th Grade (SSLC),0,0,420000,,,,False,,False,
30807,GINGEE,70,VILLUPURAM,Ramesh R,IND,IND,NONE,M,31,Master's Degree,0,0,25000,,,,False,,False,
30808,GINGEE,70,VILLUPURAM,Sridhar G,IND,IND,NONE,M,43,Bachelor's Degree,0,0,,,,,False,,False,
30790,GINGEE,70,VILLUPURAM,Advocate Krishnan E,NTK,NTK,NTK,M,36,Bachelor's Degree,0,0,516000,,,,False,,False,
30794,GINGEE,70,VILLUPURAM,Ganeshkumar A,PMK,PMK,NDA,M,41,Doctorate (Ph.D / MD),0,0,135000000,,,,False,,False,
30793,GINGEE,70,VILLUPURAM,Rasanayagam N,TAVK,TAVK,OTHERS,M,55,12th Grade (HSC / +2),0,0,20000,,,,False,,False,
30795,GINGEE,70,VILLUPURAM,Sakthivel A,TK,TK,,M,43,Not Specified,0,0,,,,,False,,False,
30796,GINGEE,70,VILLUPURAM,Chandrasekaran B,Tamilaga Vettri Kazhagam,TVK,TVK,M,41,Bachelor's Degree,0,0,8327000,,,,False,,False,
30799,GINGEE,70,VILLUPURAM,Mohammad Siddiq M H,VTVTK,VTVTK,,M,45,Not Specified,0,0,600000,,,,False,,False,
30813,MAILAM,71,VILLUPURAM,Ayyanar N,ACDP,ACDP,,M,53,8th Grade,0,0,5350000,,,,False,,False,
30809,MAILAM,71,VILLUPURAM,Shanmugam C Ve,AIADMK,AIADMK,,M,61,Bachelor's Degree,0,0,3727000,,,,False,,False,
30816,MAILAM,71,VILLUPURAM,Sekar Nayakar I M,AIPTMMK,AIPTMMK,,M,63,Bachelor's Degree,0,0,1375000,,,,False,,False,
30819,MAILAM,71,VILLUPURAM,Manavalan A,AMGRDMAK,AMGRDMAK,,M,40,12th Grade (HSC / +2),0,0,,,,,False,,False,
30810,MAILAM,71,VILLUPURAM,Ranjith Kumar M,BSP,BSP,OTHERS,M,31,12th Grade (HSC / +2),0,0,15000,,,,False,,False,
30812,MAILAM,71,VILLUPURAM,Venkatesan L,DMDK,DMDK,NDA,M,58,Master's Degree,0,0,57000000,,,,False,,False,
30818,MAILAM,71,VILLUPURAM,Purushothaman K,DMSK,DMSK,OTHERS,M,33,Not Specified,0,0,1885000,,,,False,,False,
30815,MAILAM,71,VILLUPURAM,Suresh Kumar S,IKK,IKK,,M,47,Master's Degree,0,0,766000,,,,False,,False,
30824,MAILAM,71,VILLUPURAM,Gopu V S,IND,IND,NONE,M,46,Bachelor's Degree,0,0,2515000,,,,False,,False,
30822,MAILAM,71,VILLUPURAM,Karvannan K,IND,IND,NONE,M,38,Master's Degree,0,0,2110000,,,,False,,False,
30823,MAILAM,71,VILLUPURAM,Krishnamurthy K,IND,IND,NONE,M,43,Bachelor's Degree,0,0,,,,,False,,False,
30828,MAILAM,71,VILLUPURAM,Ranjitha V,IND,IND,NONE,F,35,Bachelor's Degree,0,0,371000,,,,False,,False,
30825,MAILAM,71,VILLUPURAM,Siva S,IND,IND,NONE,M,50,Master's Degree,0,0,230000,,,,False,,False,
30826,MAILAM,71,VILLUPURAM,Sundar C,IND,IND,NONE,M,50,10th Grade (SSLC),0,0,25000,,,,False,,False,
30827,MAILAM,71,VILLUPURAM,Tamizharasan M,IND,IND,NONE,M,33,Diploma / ITI,0,0,70000,,,,False,,False,
30829,MAILAM,71,VILLUPURAM,Vijayaganth K,IND,IND,NONE,M,39,Bachelor's Degree,0,0,8452000,,,,False,,False,
30817,MAILAM,71,VILLUPURAM,Divya P,NIP,NIP,,F,32,Bachelor's Degree,0,0,576000,,,,False,,False,
30811,MAILAM,71,VILLUPURAM,Vidjaivikram S,NTK,NTK,NTK,M,37,Doctorate (Ph.D / MD),0,0,4139000,,,,False,,False,
30814,MAILAM,71,VILLUPURAM,Anandhababu M,TAVK,TAVK,OTHERS,M,40,10th Grade (SSLC),0,0,560000,,,,False,,False,
30820,MAILAM,71,VILLUPURAM,Vinoth R,TK,TK,,M,37,Bachelor's Degree,0,0,174000,,,,False,,False,
30821,MAILAM,71,VILLUPURAM,Vijay Niranjan A,Tamilaga Vettri Kazhagam,TVK,TVK,M,28,Master's Degree,0,0,6819000,,,,False,,False,
30830,TINDIVANAM,72,VILLUPURAM,Arjunan. P,AIADMK,AIADMK,,M,56,10th Grade (SSLC),0,0,242700000,,,,False,,False,
30833,TINDIVANAM,72,VILLUPURAM,Venkatachalapathy. A,BSP,BSP,OTHERS,M,56,10th Grade (SSLC),0,0,113000,,,,False,,False,
30838,TINDIVANAM,72,VILLUPURAM,Chandaran. A,IND,IND,NONE,M,41,Not Specified,0,0,36000,,,,False,,False,
30840,TINDIVANAM,72,VILLUPURAM,Devakumaran. E,IND,IND,NONE,M,33,Bachelor's Degree,0,0,294000,,,,False,,False,
30839,TINDIVANAM,72,VILLUPURAM,Durkali. N,IND,IND,NONE,M,36,10th Grade (SSLC),0,0,218000,,,,False,,False,
30841,TINDIVANAM,72,VILLUPURAM,Pon.Sivakumar,IND,IND,NONE,M,51,Bachelor's Degree,0,0,779000,,,,False,,False,
30842,TINDIVANAM,72,VILLUPURAM,Vinoth. S,IND,IND,NONE,M,44,Not Specified,0,0,10800,,,,False,,False,
30843,TINDIVANAM,72,VILLUPURAM,Viswanathan. S.A,IND,IND,NONE,M,49,5th Grade,0,0,15000,,,,False,,False,
30835,TINDIVANAM,72,VILLUPURAM,Mohan. A,MSK,MSK,OTHERS,M,44,12th Grade (HSC / +2),0,0,2000,,,,False,,False,
30831,TINDIVANAM,72,VILLUPURAM,Pachimuthu. P,NTK,NTK,NTK,M,34,Bachelor's Degree,0,0,1584000,,,,False,,False,
30837,TINDIVANAM,72,VILLUPURAM,Vanjinathan. C,TAVK,TAVK,OTHERS,M,49,Master's Degree,0,0,15000,,,,False,,False,
30836,TINDIVANAM,72,VILLUPURAM,Ramneshwaran. V,TK,TK,,M,38,Not Specified,0,0,6921000,,,,False,,False,
30834,TINDIVANAM,72,VILLUPURAM,Sakthivel. S,Tamilaga Vettri Kazhagam,TVK,TVK,M,45,Bachelor's Degree,0,0,932000,,,,False,,False,
30832,TINDIVANAM,72,VILLUPURAM,Vanni Arasu,VCK,VCK,INDIA,M,55,12th Grade (HSC / +2),0,0,227000,,,,False,,False,
30846,VANUR,73,VILLUPURAM,Murugan P,AIADMK,AIADMK,,M,58,Bachelor's Degree,0,0,8883000,,,,False,,False,
30847,VANUR,73,VILLUPURAM,Vinayagamoorthy M,BSP,BSP,OTHERS,M,39,12th Grade (HSC / +2),0,0,50000,,,,False,,False,
30845,VANUR,73,VILLUPURAM,Gowtham D,DMK,DMK,INDIA,M,32,Bachelor's Degree,0,0,13300000,,,,False,,False,
30851,VANUR,73,VILLUPURAM,Ayyanar E,IND,IND,NONE,M,40,Not Specified,0,0,,,,,False,,False,
30856,VANUR,73,VILLUPURAM,Murali M,IND,IND,NONE,M,44,8th Grade,0,0,320000,,,,False,,False,
30857,VANUR,73,VILLUPURAM,Radhika S,IND,IND,NONE,F,33,10th Grade (SSLC),0,0,,,,,False,,False,
30852,VANUR,73,VILLUPURAM,Sathyaraman P,IND,IND,NONE,M,43,8th Grade,0,0,1615000,,,,False,,False,
30853,VANUR,73,VILLUPURAM,Sivakumar R,IND,IND,NONE,M,49,12th Grade (HSC / +2),0,0,15000,,,,False,,False,
30854,VANUR,73,VILLUPURAM,Suresh C V,IND,IND,NONE,M,41,Bachelor's Degree,0,0,5980,,,,False,,False,
30855,VANUR,73,VILLUPURAM,Thangarasu N,IND,IND,NONE,M,41,10th Grade (SSLC),0,0,41000,,,,False,,False,
30858,VANUR,73,VILLUPURAM,Vetrivel G,IND,IND,NONE,M,34,11th Grade,0,0,443000,,,,False,,False,
30844,VANUR,73,VILLUPURAM,Karikalan B,NTK,NTK,NTK,M,28,Bachelor's Degree,0,0,350000,,,,False,,False,
30849,VANUR,73,VILLUPURAM,Sakthivel S,TAVK,TAVK,OTHERS,M,51,8th Grade,0,0,45000,,,,False,,False,
30848,VANUR,73,VILLUPURAM,Anandakumar P M,TK,TK,,M,36,Bachelor's Degree,0,0,583000,,,,False,,False,
30850,VANUR,73,VILLUPURAM,Suresh P,Tamilaga Vettri Kazhagam,TVK,TVK,M,41,Bachelor's Degree,0,0,11400000,,,,False,,False,
30862,VILLUPURAM,74,VILLUPURAM,Vijayasureshbabu,AIADMK,AIADMK,,F,54,12th Grade (HSC / +2),0,0,12600000,,,,False,,False,
30861,VILLUPURAM,74,VILLUPURAM,Murugan S,BSP,BSP,OTHERS,M,46,9th Grade,0,0,10000,,,,False,,False,
30860,VILLUPURAM,74,VILLUPURAM,Lakshmanan R,DMK,DMK,INDIA,M,54,Bachelor's Degree,0,0,41400000,,,,False,,False,
30866,VILLUPURAM,74,VILLUPURAM,Akbar Ali P,IND,IND,NONE,M,57,10th Grade (SSLC),0,0,40000,,,,False,,False,
30867,VILLUPURAM,74,VILLUPURAM,Arumugam M,IND,IND,NONE,M,59,10th Grade (SSLC),0,0,71570,,,,False,,False,
30869,VILLUPURAM,74,VILLUPURAM,Balamurugan N,IND,IND,NONE,M,42,10th Grade (SSLC),0,0,1001000,,,,False,,False,
30877,VILLUPURAM,74,VILLUPURAM,Lakshmanan K,IND,IND,NONE,M,43,10th Grade (SSLC),0,0,1000,,,,False,,False,
30876,VILLUPURAM,74,VILLUPURAM,Lakshmanan R,IND,IND,NONE,M,58,10th Grade (SSLC),0,0,,,,,False,,False,
30878,VILLUPURAM,74,VILLUPURAM,Lakshmanan R,IND,IND,NONE,M,46,Not Specified,0,0,281,,,,False,,False,
30871,VILLUPURAM,74,VILLUPURAM,Mohamed Ali Jinna M,IND,IND,NONE,M,60,10th Grade (SSLC),0,0,176000,,,,False,,False,
30872,VILLUPURAM,74,VILLUPURAM,Mohan C,IND,IND,NONE,M,52,9th Grade,0,0,138000,,,,False,,False,
30870,VILLUPURAM,74,VILLUPURAM,Praveen Kumar R,IND,IND,NONE,M,26,Bachelor's Degree,0,0,50000,,,,False,,False,
30873,VILLUPURAM,74,VILLUPURAM,Raghul R,IND,IND,NONE,M,32,Bachelor's Degree,0,0,,,,,False,,False,
30875,VILLUPURAM,74,VILLUPURAM,Rajkumar S,IND,IND,NONE,M,38,12th Grade (HSC / +2),0,0,10000,,,,False,,False,
30868,VILLUPURAM,74,VILLUPURAM,Raman K,IND,IND,NONE,M,38,6th Grade,0,0,11000,,,,False,,False,
30874,VILLUPURAM,74,VILLUPURAM,Rayar K,IND,IND,NONE,M,68,Doctorate (Ph.D / MD),0,0,660000000,,,,False,,False,
30880,VILLUPURAM,74,VILLUPURAM,Vijaya D,IND,IND,NONE,F,52,12th Grade (HSC / +2),0,0,89000,,,,False,,False,
30879,VILLUPURAM,74,VILLUPURAM,Vijaya K,IND,IND,NONE,F,64,3rd Grade,0,0,16500,,,,False,,False,
30881,VILLUPURAM,74,VILLUPURAM,Vijaya M,IND,IND,NONE,F,40,5th Grade,0,0,518,,,,False,,False,
30882,VILLUPURAM,74,VILLUPURAM,Vijaya M,IND,IND,NONE,F,51,9th Grade,0,0,15000,,,,False,,False,
30859,VILLUPURAM,74,VILLUPURAM,Abinaya Ponnivalavan,NTK,NTK,NTK,F,30,Doctorate (Ph.D / MD),0,0,2584000,,,,False,,False,
30863,VILLUPURAM,74,VILLUPURAM,Kumaran R,TAVK,TAVK,OTHERS,M,52,9th Grade,0,0,4385000,,,,False,,False,
30865,VILLUPURAM,74,VILLUPURAM,Mohanraj N,Tamilaga Vettri Kazhagam,TVK,TVK,M,42,8th Grade,0,0,4043000,,,,False,,False,
30864,VILLUPURAM,74,VILLUPURAM,Nagarajan P,VTVTK,VTVTK,,M,48,Not Specified,0,0,130000,,,,False,,False,
30891,VIKRAVANDI,75,VILLUPURAM,Ramachandran P,ACDP,ACDP,,M,58,12th Grade (HSC / +2),0,0,1025000,,,,False,,False,
30893,VIKRAVANDI,75,VILLUPURAM,Stalin D,AJPK,AJPK,,M,47,Not Specified,0,0,,,,,False,,False,
30883,VIKRAVANDI,75,VILLUPURAM,Inbarasan G,BSP,BSP,OTHERS,M,35,10th Grade (SSLC),0,0,10000,,,,False,,False,
30884,VIKRAVANDI,75,VILLUPURAM,Anniyur Siva @ Sivashanmugam A,DMK,DMK,INDIA,M,54,10th Grade (SSLC),0,0,55000000,,,,False,,False,
30888,VIKRAVANDI,75,VILLUPURAM,Thamizhvengai Ka,DMSK,DMSK,OTHERS,M,50,Not Specified,0,0,40000,,,,False,,False,
30895,VIKRAVANDI,75,VILLUPURAM,Gokul Raj B,IND,IND,NONE,M,27,12th Grade (HSC / +2),0,0,286000,,,,False,,False,
30904,VIKRAVANDI,75,VILLUPURAM,Murugan C,IND,IND,NONE,M,42,12th Grade (HSC / +2),0,0,284000,,,,False,,False,
30903,VIKRAVANDI,75,VILLUPURAM,Prabhakaran D,IND,IND,NONE,M,36,8th Grade,0,0,295000,,,,False,,False,
30906,VIKRAVANDI,75,VILLUPURAM,Rajaram M,IND,IND,NONE,M,58,Not Specified,0,0,60500,,,,False,,False,
30905,VIKRAVANDI,75,VILLUPURAM,Ramachandran A,IND,IND,NONE,M,34,10th Grade (SSLC),0,0,19000,,,,False,,False,
30896,VIKRAVANDI,75,VILLUPURAM,Sakthivel A,IND,IND,NONE,M,40,Bachelor's Degree,0,0,3279000,,,,False,,False,
30897,VIKRAVANDI,75,VILLUPURAM,Sanmugam B,IND,IND,NONE,M,27,Bachelor's Degree,0,0,20000,,,,False,,False,
30901,VIKRAVANDI,75,VILLUPURAM,Selvakumar S,IND,IND,NONE,M,30,Bachelor's Degree,0,0,195000,,,,False,,False,
30898,VIKRAVANDI,75,VILLUPURAM,Shanmugam P,IND,IND,NONE,M,47,Bachelor's Degree,0,0,20000,,,,False,,False,
30899,VIKRAVANDI,75,VILLUPURAM,Shanmugam R,IND,IND,NONE,M,47,9th Grade,0,0,20000,,,,False,,False,
30900,VIKRAVANDI,75,VILLUPURAM,Sivakumar S,IND,IND,NONE,M,48,12th Grade (HSC / +2),0,0,700000,,,,False,,False,
30902,VIKRAVANDI,75,VILLUPURAM,Tamilselvan D,IND,IND,NONE,M,31,Not Specified,0,0,253000,,,,False,,False,
30894,VIKRAVANDI,75,VILLUPURAM,Yeasuraja M,IND,IND,NONE,M,41,Bachelor's Degree,0,0,71000,,,,False,,False,
30885,VIKRAVANDI,75,VILLUPURAM,Subha Chandrasekaran A,NTK,NTK,NTK,F,36,Bachelor's Degree,0,0,5525000,,,,False,,False,
30886,VIKRAVANDI,75,VILLUPURAM,Sivakumar C,PMK,PMK,NDA,M,52,8th Grade,0,0,14600000,,,,False,,False,
30887,VIKRAVANDI,75,VILLUPURAM,Settu C,TAVK,TAVK,OTHERS,M,43,8th Grade,0,0,4238000,,,,False,,False,
30889,VIKRAVANDI,75,VILLUPURAM,Backiyalakshmi C,TK,TK,,F,26,Bachelor's Degree,0,0,1133000,,,,False,,False,
30892,VIKRAVANDI,75,VILLUPURAM,Vijai Vadivel A,Tamilaga Vettri Kazhagam,TVK,TVK,M,42,10th Grade (SSLC),0,0,2331000,,,,False,,False,
30890,VIKRAVANDI,75,VILLUPURAM,Mohammad Siddiq M H,VTVTK,VTVTK,,M,45,Diploma / ITI,0,0,600000,,,,False,,False,
30909,TIRUKKOYILUR,76,VILLUPURAM,Palanisamy S,AIADMK,AIADMK,,M,64,10th Grade (SSLC),0,0,7387000,,,,False,,False,
30907,TIRUKKOYILUR,76,VILLUPURAM,Govindhakannan M,BSP,BSP,OTHERS,M,52,10th Grade (SSLC),0,0,,,,,False,,False,
30908,TIRUKKOYILUR,76,VILLUPURAM,Dr Pon Gauthamsigamani,DMK,DMK,INDIA,M,51,Not Specified,0,0,1108300000,,,,False,,False,
30914,TIRUKKOYILUR,76,VILLUPURAM,Edwin Abinesh A,IND,IND,NONE,M,26,Master's Degree,0,0,1044000,,,,False,,False,
30916,TIRUKKOYILUR,76,VILLUPURAM,Gowtham S,IND,IND,NONE,M,25,Bachelor's Degree,0,0,5549,,,,False,,False,
30915,TIRUKKOYILUR,76,VILLUPURAM,Karthick S,IND,IND,NONE,M,31,Diploma / ITI,0,0,37366,,,,False,,False,
30917,TIRUKKOYILUR,76,VILLUPURAM,Palanisamy E,IND,IND,NONE,M,57,10th Grade (SSLC),0,0,266000,,,,False,,False,
30918,TIRUKKOYILUR,76,VILLUPURAM,Prabhakaran V J,IND,IND,NONE,M,36,Bachelor's Degree,0,0,450000,,,,False,,False,
30920,TIRUKKOYILUR,76,VILLUPURAM,Ramakrishnan M,IND,IND,NONE,M,54,10th Grade (SSLC),0,0,13500000,,,,False,,False,
30919,TIRUKKOYILUR,76,VILLUPURAM,Ravichandran G,IND,IND,NONE,M,59,Master's Degree,0,0,2815000,,,,False,,False,
30921,TIRUKKOYILUR,76,VILLUPURAM,Vijayamoorthi E,IND,IND,NONE,M,30,Bachelor's Degree,0,0,670000,,,,False,,False,
30910,TIRUKKOYILUR,76,VILLUPURAM,Hemarajan K,NTK,NTK,NTK,M,39,Bachelor's Degree,0,0,2140000,,,,False,,False,
30912,TIRUKKOYILUR,76,VILLUPURAM,Tamilselvam R,TAVK,TAVK,OTHERS,M,33,Diploma / ITI,0,0,,,,,False,,False,
30913,TIRUKKOYILUR,76,VILLUPURAM,Vijay R Baranibalaaji,Tamilaga Vettri Kazhagam,TVK,TVK,M,50,Not Specified,0,0,4460000,,,,False,,False,
30911,TIRUKKOYILUR,76,VILLUPURAM,Selvam K,VTVTK,VTVTK,,M,55,10th Grade (SSLC),0,0,3086000,,,,False,,False,
30922,ULUNDURPET,77,VILLUPURAM,Kumaraguru R,AIADMK,AIADMK,,M,64,12th Grade (HSC / +2),0,0,11900000,,,,False,,False,
30925,ULUNDURPET,77,VILLUPURAM,Udhayakumar R,AIPTMMK,AIPTMMK,,M,40,Bachelor's Degree,0,0,722000,,,,False,,False,
30927,ULUNDURPET,77,VILLUPURAM,Balakrishnan K,AMK,AMK,,M,51,12th Grade (HSC / +2),0,0,957000,,,,False,,False,
30924,ULUNDURPET,77,VILLUPURAM,Vasanthavel G R,DMK,DMK,INDIA,M,60,Bachelor's Degree,0,0,3916000,,,,False,,False,
30928,ULUNDURPET,77,VILLUPURAM,Arasan K,IND,IND,NONE,M,70,5th Grade,0,0,2230000,,,,False,,False,
30929,ULUNDURPET,77,VILLUPURAM,Krishnamoorthy V,IND,IND,NONE,M,35,Master's Degree,0,0,408000,,,,False,,False,
30934,ULUNDURPET,77,VILLUPURAM,Manikandan P,IND,IND,NONE,M,34,Master's Degree,0,0,27000,,,,False,,False,
30933,ULUNDURPET,77,VILLUPURAM,Parthiban V,IND,IND,NONE,M,47,Bachelor's Degree,0,0,1397000,,,,False,,False,
30935,ULUNDURPET,77,VILLUPURAM,Ramakrishnan R,IND,IND,NONE,M,50,10th Grade (SSLC),0,0,361000,,,,False,,False,
30930,ULUNDURPET,77,VILLUPURAM,Sankar S,IND,IND,NONE,M,56,Not Specified,0,0,26000,,,,False,,False,
30931,ULUNDURPET,77,VILLUPURAM,Sasikumar N,IND,IND,NONE,M,39,Bachelor's Degree,0,0,840000,,,,False,,False,
30932,ULUNDURPET,77,VILLUPURAM,Senthil P,IND,IND,NONE,M,45,9th Grade,0,0,3970000,,,,False,,False,
30923,ULUNDURPET,77,VILLUPURAM,Logeshwari S,NTK,NTK,NTK,F,30,Bachelor's Degree,0,0,1383000,,,,False,,False,
30926,ULUNDURPET,77,VILLUPURAM,Sudhakar M,Tamilaga Vettri Kazhagam,TVK,TVK,M,39,Diploma / ITI,0,0,87000000,,,,False,,False,
30944,RISHIVANDIAM,78,VILLUPURAM,Ranganathan N,AIPTMMK,AIPTMMK,,M,50,10th Grade (SSLC),0,0,550000,,,,False,,False,
30942,RISHIVANDIAM,78,VILLUPURAM,Sevvantha G K,AMK,AMK,,F,54,10th Grade (SSLC),0,0,5010000,,,,False,,False,
30937,RISHIVANDIAM,78,VILLUPURAM,Balakrishnan A,BSP,BSP,OTHERS,M,37,7th Grade,0,0,56200,,,,False,,False,
30936,RISHIVANDIAM,78,VILLUPURAM,Karthikeyan K,DMK,DMK,INDIA,M,48,Bachelor's Degree,0,0,20100000,,,,False,,False,
30946,RISHIVANDIAM,78,VILLUPURAM,Anbu D,IND,IND,NONE,M,46,9th Grade,0,0,58000,,,,False,,False,
30947,RISHIVANDIAM,78,VILLUPURAM,Anbumurugan S,IND,IND,NONE,M,46,10th Grade (SSLC),0,0,546000,,,,False,,False,
30950,RISHIVANDIAM,78,VILLUPURAM,Gowtham C,IND,IND,NONE,M,32,Bachelor's Degree,0,0,2512000,,,,False,,False,
30948,RISHIVANDIAM,78,VILLUPURAM,Karthikeyan A,IND,IND,NONE,M,49,12th Grade (HSC / +2),0,0,580,,,,False,,False,
30949,RISHIVANDIAM,78,VILLUPURAM,Karthikeyan V,IND,IND,NONE,M,41,8th Grade,0,0,,,,,False,,False,
30955,RISHIVANDIAM,78,VILLUPURAM,Manikandan C,IND,IND,NONE,M,42,12th Grade (HSC / +2),0,0,6861000,,,,False,,False,
30956,RISHIVANDIAM,78,VILLUPURAM,Marikkannu A,IND,IND,NONE,M,63,Not Specified,0,0,50000,,,,False,,False,
30954,RISHIVANDIAM,78,VILLUPURAM,Narayanan L,IND,IND,NONE,M,42,Not Specified,0,0,581000,,,,False,,False,
30957,RISHIVANDIAM,78,VILLUPURAM,Raja K,IND,IND,NONE,M,42,9th Grade,0,0,59000,,,,False,,False,
30958,RISHIVANDIAM,78,VILLUPURAM,Raja S,IND,IND,NONE,M,37,Not Specified,0,0,447,,,,False,,False,
30952,RISHIVANDIAM,78,VILLUPURAM,Selvaraj P,IND,IND,NONE,M,61,10th Grade (SSLC),0,0,3292000,,,,False,,False,
30951,RISHIVANDIAM,78,VILLUPURAM,Senthikumar V N,IND,IND,NONE,M,59,Bachelor's Degree,0,0,137000,,,,False,,False,
30953,RISHIVANDIAM,78,VILLUPURAM,Sezhiyan K,IND,IND,NONE,M,44,10th Grade (SSLC),0,0,2563000,,,,False,,False,
30960,RISHIVANDIAM,78,VILLUPURAM,Vijayakumar G,IND,IND,NONE,M,36,10th Grade (SSLC),0,0,30500,,,,False,,False,
30959,RISHIVANDIAM,78,VILLUPURAM,Vinoth S,IND,IND,NONE,M,37,10th Grade (SSLC),0,0,509000,,,,False,,False,
30945,RISHIVANDIAM,78,VILLUPURAM,Venkatraman J,NMK,NMK,OTHERS,M,40,Not Specified,0,0,326000,,,,False,,False,
30938,RISHIVANDIAM,78,VILLUPURAM,Radhika P,NTK,NTK,NTK,F,32,Bachelor's Degree,0,0,,,,,False,,False,
30943,RISHIVANDIAM,78,VILLUPURAM,Chezhiyan P,PMK,PMK,NDA,M,56,10th Grade (SSLC),0,0,61800000,,,,False,,False,
30940,RISHIVANDIAM,78,VILLUPURAM,Arumugam G,PRP,PRP,,M,50,Not Specified,0,0,,,,,False,,False,
30941,RISHIVANDIAM,78,VILLUPURAM,Sankar R,TAVK,TAVK,OTHERS,M,34,Not Specified,0,0,750000,,,,False,,False,
30939,RISHIVANDIAM,78,VILLUPURAM,Ashok Kumar G,Tamilaga Vettri Kazhagam,TVK,TVK,M,44,8th Grade,0,0,26900000,,,,False,,False,
30964,SANKARAPURAM,79,VILLUPURAM,Rakesh R,AIADMK,AIADMK,,M,38,Bachelor's Degree,0,0,3222000,,,,False,,False,
30968,SANKARAPURAM,79,VILLUPURAM,Nadarajan K,AIPTMMK,AIPTMMK,,M,67,Not Specified,0,0,65000,,,,False,,False,
30962,SANKARAPURAM,79,VILLUPURAM,Sudha M,BSP,BSP,OTHERS,F,37,Bachelor's Degree,0,0,300000,,,,False,,False,
30961,SANKARAPURAM,79,VILLUPURAM,Udhayasuriyan T,DMK,DMK,INDIA,M,62,Bachelor's Degree,0,0,9242000,,,,False,,False,
30970,SANKARAPURAM,79,VILLUPURAM,Anbazhagan S,IND,IND,NONE,M,28,Diploma / ITI,0,0,346000,,,,False,,False,
30978,SANKARAPURAM,79,VILLUPURAM,Dr.Murugu K,IND,IND,NONE,M,55,Bachelor's Degree,0,0,,,,,False,,False,
30973,SANKARAPURAM,79,VILLUPURAM,Durai Ezhilan P,IND,IND,NONE,M,49,Diploma / ITI,0,0,,,,,False,,False,
30982,SANKARAPURAM,79,VILLUPURAM,Harun Rasheeth J,IND,IND,NONE,M,51,Not Specified,0,0,2061000,,,,False,,False,
30981,SANKARAPURAM,79,VILLUPURAM,Jayaprakash K,IND,IND,NONE,M,47,Bachelor's Degree,0,0,48000,,,,False,,False,
30971,SANKARAPURAM,79,VILLUPURAM,Kavikuil V,IND,IND,NONE,F,26,Bachelor's Degree,0,0,146000,,,,False,,False,
30975,SANKARAPURAM,79,VILLUPURAM,Mani G,IND,IND,NONE,M,32,Diploma / ITI,0,0,742000,,,,False,,False,
30976,SANKARAPURAM,79,VILLUPURAM,Manikandan P,IND,IND,NONE,M,33,Bachelor's Degree,0,0,395000,,,,False,,False,
30977,SANKARAPURAM,79,VILLUPURAM,Mayilamparai Mari A,IND,IND,NONE,M,49,Not Specified,0,0,1200000,,,,False,,False,
30974,SANKARAPURAM,79,VILLUPURAM,Pachaiyappan K,IND,IND,NONE,M,56,10th Grade (SSLC),0,0,21500,,,,False,,False,
30972,SANKARAPURAM,79,VILLUPURAM,Samikkannu M,IND,IND,NONE,M,44,10th Grade (SSLC),0,0,29000,,,,False,,False,
30979,SANKARAPURAM,79,VILLUPURAM,Vignesh R,IND,IND,NONE,M,29,Bachelor's Degree,0,0,949000,,,,False,,False,
30980,SANKARAPURAM,79,VILLUPURAM,Vijay J,IND,IND,NONE,M,34,Master's Degree,0,0,,,,,False,,False,
30966,SANKARAPURAM,79,VILLUPURAM,Gangasekar A,MSK,MSK,OTHERS,M,42,12th Grade (HSC / +2),0,0,1241000,,,,False,,False,
30963,SANKARAPURAM,79,VILLUPURAM,Ramesh K,NTK,NTK,NTK,M,35,Bachelor's Degree,0,0,708000,,,,False,,False,
30965,SANKARAPURAM,79,VILLUPURAM,Ramachandiran M,TAVK,TAVK,OTHERS,M,47,10th Grade (SSLC),0,0,50000,,,,False,,False,
30969,SANKARAPURAM,79,VILLUPURAM,Jagadesan A,Tamilaga Vettri Kazhagam,TVK,TVK,M,53,Not Specified,0,0,4631000,,,,False,,False,
30967,SANKARAPURAM,79,VILLUPURAM,Sanniyasi N,VTVTK,VTVTK,,M,55,Not Specified,0,0,10000,,,,False,,False,
30985,KALLAKURICHI,80,VILLUPURAM,Rajeevgandhi S,AIADMK,AIADMK,,M,41,Bachelor's Degree,0,0,7324000,,,,False,,False,
30989,KALLAKURICHI,80,VILLUPURAM,Malathi K,IND,IND,NONE,F,28,10th Grade (SSLC),0,0,300000,,,,False,,False,
30988,KALLAKURICHI,80,VILLUPURAM,Prabu C,IND,IND,NONE,M,43,Not Specified,0,0,305000,,,,False,,False,
30991,KALLAKURICHI,80,VILLUPURAM,Rajivgandhi P,IND,IND,NONE,M,41,8th Grade,0,0,316,,,,False,,False,
30990,KALLAKURICHI,80,VILLUPURAM,Rajivgandhi S,IND,IND,NONE,M,40,8th Grade,0,0,215,,,,False,,False,
30987,KALLAKURICHI,80,VILLUPURAM,Selvaraj M,IND,IND,NONE,M,57,Not Specified,0,0,785000,,,,False,,False,
30992,KALLAKURICHI,80,VILLUPURAM,Vasanthakumar S,IND,IND,NONE,M,27,Bachelor's Degree,0,0,117000,,,,False,,False,
30993,KALLAKURICHI,80,VILLUPURAM,Vignesh G,IND,IND,NONE,M,31,Bachelor's Degree,0,0,85000,,,,False,,False,
30983,KALLAKURICHI,80,VILLUPURAM,Nagammal R,NTK,NTK,NTK,F,36,Master's Degree,0,0,3738000,,,,False,,False,
30986,KALLAKURICHI,80,VILLUPURAM,Arul Vignesh,Tamilaga Vettri Kazhagam,TVK,TVK,M,35,Master's Degree,0,0,8974000,,,,False,,False,
30984,KALLAKURICHI,80,VILLUPURAM,Malathi K,VCK,VCK,INDIA,F,46,Doctorate (Ph.D / MD),0,0,34700000,,,,False,,False,
30996,GANGAVALLI,81,SALEM,Nallathambi. A,AIADMK,AIADMK,,M,61,10th Grade (SSLC),0,0,2213000,,,,False,,False,
30998,GANGAVALLI,81,SALEM,Anbazhagan. S,AMK,AMK,,M,59,Bachelor's Degree,0,0,5877000,,,,False,,False,
30997,GANGAVALLI,81,SALEM,Balakrishnan. P,BSP,BSP,OTHERS,M,37,12th Grade (HSC / +2),0,0,595000,,,,False,,False,
30995,GANGAVALLI,81,SALEM,Chinnadurai. K,DMK,DMK,INDIA,M,59,Bachelor's Degree,0,0,16800000,,,,False,,False,
31005,GANGAVALLI,81,SALEM,Dhanapal. S,IND,IND,NONE,M,49,12th Grade (HSC / +2),0,0,36237,,,,False,,False,
31003,GANGAVALLI,81,SALEM,Gunaprakash. D,IND,IND,NONE,M,26,Bachelor's Degree,0,0,195000,,,,False,,False,
31002,GANGAVALLI,81,SALEM,Kannan. S,IND,IND,NONE,M,54,Not Specified,0,0,50000,,,,False,,False,
31006,GANGAVALLI,81,SALEM,Ramesh. S,IND,IND,NONE,M,37,Not Specified,0,0,98890,,,,False,,False,
31004,GANGAVALLI,81,SALEM,Tamilarasan. T,IND,IND,NONE,M,40,10th Grade (SSLC),0,0,140000,,,,False,,False,
30994,GANGAVALLI,81,SALEM,Abirami. A,NTK,NTK,NTK,F,31,10th Grade (SSLC),0,0,907000,,,,False,,False,
31001,GANGAVALLI,81,SALEM,Marimuthu. S,PT,PT,OTHERS,M,45,Not Specified,0,0,101000,,,,False,,False,
30999,GANGAVALLI,81,SALEM,Kaviarasan. T.T,TAVK,TAVK,OTHERS,M,33,12th Grade (HSC / +2),0,0,271000,,,,False,,False,
31000,GANGAVALLI,81,SALEM,Sujatha. V,Tamilaga Vettri Kazhagam,TVK,TVK,F,53,Doctorate (Ph.D / MD),0,0,56700000,,,,False,,False,
31010,ATTUR,82,SALEM,Jayasankaran. A.P,AIADMK,AIADMK,,M,55,Diploma / ITI,0,0,12500000,,,,False,,False,
31008,ATTUR,82,SALEM,Sellammal. V.M,BSP,BSP,OTHERS,F,52,9th Grade,0,0,301000,,,,False,,False,
31012,ATTUR,82,SALEM,Palaniyammal. S,DMSK,DMSK,OTHERS,F,49,8th Grade,0,0,550000,,,,False,,False,
31007,ATTUR,82,SALEM,Arthanari. S.K,INC,INC,INDIA,M,49,Master's Degree,0,0,7685000,,,,False,,False,
31021,ATTUR,82,SALEM,Jagan. T,IND,IND,NONE,M,35,10th Grade (SSLC),0,0,18167,,,,False,,False,
31018,ATTUR,82,SALEM,Manickam. K,IND,IND,NONE,M,68,Doctorate (Ph.D / MD),0,0,12300000,,,,False,,False,
31016,ATTUR,82,SALEM,Manikandan. M,IND,IND,NONE,M,43,Bachelor's Degree,0,0,65000,,,,False,,False,
31017,ATTUR,82,SALEM,Manimaran. A,IND,IND,NONE,M,47,8th Grade,0,0,1694000,,,,False,,False,
31015,ATTUR,82,SALEM,Poomalai. C,IND,IND,NONE,M,46,Bachelor's Degree,0,0,56324,,,,False,,False,
31019,ATTUR,82,SALEM,Rajeshkannan. K,IND,IND,NONE,M,34,8th Grade,0,0,2135000,,,,False,,False,
31014,ATTUR,82,SALEM,Selvakannan. L,IND,IND,NONE,M,47,8th Grade,0,0,11100,,,,False,,False,
31020,ATTUR,82,SALEM,Varatharaj. G,IND,IND,NONE,M,53,7th Grade,0,0,11000,,,,False,,False,
31009,ATTUR,82,SALEM,Monisha Chinnadurai,NTK,NTK,NTK,F,36,Bachelor's Degree,0,0,14900000,,,,False,,False,
31013,ATTUR,82,SALEM,Ramesh. G,TAVK,TAVK,OTHERS,M,50,10th Grade (SSLC),0,0,50000,,,,False,,False,
31011,ATTUR,82,SALEM,Selvabharathi. R,Tamilaga Vettri Kazhagam,TVK,TVK,M,38,Master's Degree,0,0,,,,,False,,False,
31022,YERCAUD,83,SALEM,P.Usharani,AIADMK,AIADMK,,F,54,8th Grade,0,0,79600000,,,,False,,False,
31023,YERCAUD,83,SALEM,K.Palanisamy,BSP,BSP,OTHERS,M,54,10th Grade (SSLC),0,0,500000,,,,False,,False,
31026,YERCAUD,83,SALEM,C.Gopi,CPI(ML),CPI(ML),,M,35,9th Grade,0,0,,,,,False,,False,
31025,YERCAUD,83,SALEM,T.M.Revathi,DMK,DMK,INDIA,F,44,Bachelor's Degree,0,0,,,,,False,,False,
31030,YERCAUD,83,SALEM,A.Kaliyappan,IND,IND,NONE,M,52,6th Grade,0,0,516000,,,,False,,False,
31032,YERCAUD,83,SALEM,K.Pazhanivel,IND,IND,NONE,M,45,6th Grade,0,0,516000,,,,False,,False,
31029,YERCAUD,83,SALEM,N.Karthik,IND,IND,NONE,M,42,5th Grade,0,0,800000,,,,False,,False,
31033,YERCAUD,83,SALEM,N.Vijayakumar,IND,IND,NONE,M,27,10th Grade (SSLC),0,0,803000,,,,False,,False,
31034,YERCAUD,83,SALEM,S.Venkatesan,IND,IND,NONE,M,31,Bachelor's Degree,0,0,172000,,,,False,,False,
31031,YERCAUD,83,SALEM,Thangadurai.N,IND,IND,NONE,M,49,8th Grade,0,0,593000,,,,False,,False,
31024,YERCAUD,83,SALEM,Palanisamy.M,NTK,NTK,NTK,M,26,Bachelor's Degree,0,0,737000,,,,False,,False,
31028,YERCAUD,83,SALEM,T.Vengateshsan,TAVK,TAVK,OTHERS,M,48,5th Grade,0,0,51000,,,,False,,False,
31027,YERCAUD,83,SALEM,J.Lakshmi Janarthanan,Tamilaga Vettri Kazhagam,TVK,TVK,F,30,10th Grade (SSLC),0,0,1767000,,,,False,,False,
31037,OMALUR,84,SALEM,Mani. R,AIADMK,AIADMK,,M,48,Bachelor's Degree,0,0,40200000,,,,False,,False,
31040,OMALUR,84,SALEM,Sureshkumar. S,AJPK,AJPK,,M,47,Diploma / ITI,0,0,9340000,,,,False,,False,
31035,OMALUR,84,SALEM,Elangovan. A.R,DMDK,DMDK,NDA,M,59,8th Grade,0,0,19500000,,,,False,,False,
31041,OMALUR,84,SALEM,Arulprakash. T,IND,IND,NONE,M,33,10th Grade (SSLC),0,0,660000,,,,False,,False,
31042,OMALUR,84,SALEM,Gobinathan. R,IND,IND,NONE,M,35,Not Specified,0,0,,,,,False,,False,
31049,OMALUR,84,SALEM,Jeganathan. A,IND,IND,NONE,M,42,5th Grade,0,0,666000,,,,False,,False,
31045,OMALUR,84,SALEM,Mani. V,IND,IND,NONE,M,45,5th Grade,0,0,10000,,,,False,,False,
31046,OMALUR,84,SALEM,Manokaran. A,IND,IND,NONE,M,36,10th Grade (SSLC),0,0,580000,,,,False,,False,
31047,OMALUR,84,SALEM,Mayakkannan. R,IND,IND,NONE,M,33,10th Grade (SSLC),0,0,52100,,,,False,,False,
31048,OMALUR,84,SALEM,Mohanraj. P.M,IND,IND,NONE,M,47,12th Grade (HSC / +2),0,0,13900000,,,,False,,False,
31044,OMALUR,84,SALEM,Perumal. S,IND,IND,NONE,M,75,Bachelor's Degree,0,0,10000,,,,False,,False,
31043,OMALUR,84,SALEM,Santhalingam. C,IND,IND,NONE,M,32,Bachelor's Degree,0,0,286000,,,,False,,False,
31036,OMALUR,84,SALEM,Sivasakthi. M,NTK,NTK,NTK,M,27,Master's Degree,0,0,6754000,,,,False,,False,
31039,OMALUR,84,SALEM,Krishnamoorthy. D,TAVK,TAVK,OTHERS,M,44,Master's Degree,0,0,8890000,,,,False,,False,
31038,OMALUR,84,SALEM,Adhiyamaan. R.V,Tamilaga Vettri Kazhagam,TVK,TVK,M,29,Bachelor's Degree,0,0,10600000,,,,False,,False,
31052,METTUR,85,SALEM,Venkatachalam.G,AIADMK,AIADMK,,M,61,9th Grade,0,0,10900000,,,,False,,False,
31050,METTUR,85,SALEM,Midhun Chakravarthy.M,DMK,DMK,INDIA,M,35,Bachelor's Degree,0,0,9995000,,,,False,,False,
31060,METTUR,85,SALEM,Chithambaram.A,IND,IND,NONE,M,42,Not Specified,0,0,10000,,,,False,,False,
31062,METTUR,85,SALEM,Dr.K.Padmarajan,IND,IND,NONE,M,65,8th Grade,0,0,1515000,,,,False,,False,
31061,METTUR,85,SALEM,Durairaj.V,IND,IND,NONE,M,46,Not Specified,0,0,6045000,,,,False,,False,
31067,METTUR,85,SALEM,Jaganathan.A,IND,IND,NONE,M,71,Master's Degree,0,0,1278000,,,,False,,False,
31056,METTUR,85,SALEM,Kannan.M,IND,IND,NONE,M,40,Not Specified,0,0,30000,,,,False,,False,
31057,METTUR,85,SALEM,Kannan.R,IND,IND,NONE,M,45,10th Grade (SSLC),0,0,775,,,,False,,False,
31058,METTUR,85,SALEM,Krishnamoorthy.P,IND,IND,NONE,M,35,Diploma / ITI,0,0,6261000,,,,False,,False,
31064,METTUR,85,SALEM,Murugan.P,IND,IND,NONE,M,36,12th Grade (HSC / +2),0,0,56000,,,,False,,False,
31063,METTUR,85,SALEM,Prabakaran.S,IND,IND,NONE,M,34,Master's Degree,0,0,45300,,,,False,,False,
31065,METTUR,85,SALEM,Ramkumar.D.M,IND,IND,NONE,M,34,Diploma / ITI,0,0,1085000,,,,False,,False,
31059,METTUR,85,SALEM,Saravanakumar.M,IND,IND,NONE,M,47,12th Grade (HSC / +2),0,0,20000,,,,False,,False,
31066,METTUR,85,SALEM,Venkatasalam.G,IND,IND,NONE,M,39,Bachelor's Degree,0,0,,,,,False,,False,
31051,METTUR,85,SALEM,Vidhya Veerappan,NTK,NTK,NTK,F,35,12th Grade (HSC / +2),0,0,698000,,,,False,,False,
31054,METTUR,85,SALEM,Periyaponnu.O,TAVK,TAVK,OTHERS,M,62,Diploma / ITI,0,0,1150000,,,,False,,False,
31053,METTUR,85,SALEM,Selvam.K,Tamilaga Vettri Kazhagam,TVK,TVK,M,42,8th Grade,0,0,2230000,,,,False,,False,
31055,METTUR,85,SALEM,Velu.A,VTNMK,VTNMK,,M,40,8th Grade,0,0,14000,,,,False,,False,
31069,EDAPADI,86,SALEM,Edappadi Palaniswami. K,AIADMK,AIADMK,,M,72,Bachelor's Degree,0,0,5087000,,,,False,,False,
31072,EDAPADI,86,SALEM,Suresh. L,AIPTMMK,AIPTMMK,,M,54,10th Grade (SSLC),0,0,2824000,,,,False,,False,
31068,EDAPADI,86,SALEM,Kasi. C,DMK,DMK,INDIA,M,66,Not Specified,0,0,42800000,,,,False,,False,
31073,EDAPADI,86,SALEM,Elumalai. P,IND,IND,NONE,M,45,8th Grade,0,0,1031000,,,,False,,False,
31074,EDAPADI,86,SALEM,Iyyappan Perumal. P,IND,IND,NONE,M,41,Not Specified,0,0,611000,,,,False,,False,
31075,EDAPADI,86,SALEM,Kumaresan. M,IND,IND,NONE,M,70,Diploma / ITI,0,0,5144000,,,,False,,False,
31080,EDAPADI,86,SALEM,Murugan. C,IND,IND,NONE,M,47,Not Specified,0,0,31750,,,,False,,False,
31079,EDAPADI,86,SALEM,Premkumar. K,IND,IND,NONE,M,43,6th Grade,0,0,564000,,,,False,,False,
31082,EDAPADI,86,SALEM,Raja. K,IND,IND,NONE,M,65,Bachelor's Degree,0,0,15300000,,,,False,,False,
31076,EDAPADI,86,SALEM,Sakthivel. S,IND,IND,NONE,M,57,8th Grade,0,0,916000,,,,False,,False,
31081,EDAPADI,86,SALEM,Student'S Friend Murugan. M,IND,IND,NONE,M,37,Bachelor's Degree,0,0,10000,,,,False,,False,
31077,EDAPADI,86,SALEM,Subramani. P,IND,IND,NONE,M,42,10th Grade (SSLC),0,0,11100,,,,False,,False,
31078,EDAPADI,86,SALEM,Thulasimani. P,IND,IND,NONE,M,38,Not Specified,0,0,,,,,False,,False,
31070,EDAPADI,86,SALEM,Priyadharshini. A,NTK,NTK,NTK,F,37,Master's Degree,0,0,4683000,,,,False,,False,
31071,EDAPADI,86,SALEM,Govindaraj.V,TAVK,TAVK,OTHERS,M,36,Bachelor's Degree,0,0,1101000,,,,False,,False,
31086,SANKARI,87,SALEM,Vetrivel. S,AIADMK,AIADMK,,M,54,Bachelor's Degree,0,0,2984000,,,,False,,False,
31083,SANKARI,87,SALEM,Settumuthu. V,BSP,BSP,OTHERS,M,54,Bachelor's Degree,0,0,101000,,,,False,,False,
31085,SANKARI,87,SALEM,Manikandan. M,DMK,DMK,INDIA,M,37,8th Grade,0,0,6124000,,,,False,,False,
31087,SANKARI,87,SALEM,Dr. Gurunathan. S,IDMK,IDMK,,M,55,Doctorate (Ph.D / MD),0,0,1243000,,,,False,,False,
31093,SANKARI,87,SALEM,Durairaj. C,IND,IND,NONE,M,69,10th Grade (SSLC),0,0,1260000,,,,False,,False,
31096,SANKARI,87,SALEM,Manikandan. D,IND,IND,NONE,M,32,Bachelor's Degree,0,0,165,,,,False,,False,
31097,SANKARI,87,SALEM,Manikandan. P,IND,IND,NONE,M,30,9th Grade,0,0,413,,,,False,,False,
31098,SANKARI,87,SALEM,Mayilkumar. M,IND,IND,NONE,M,45,Master's Degree,0,0,1390000,,,,False,,False,
31094,SANKARI,87,SALEM,Paramasivam. R,IND,IND,NONE,M,40,7th Grade,0,0,268000,,,,False,,False,
31095,SANKARI,87,SALEM,Poovarasan. S,IND,IND,NONE,M,29,Bachelor's Degree,0,0,427000,,,,False,,False,
31100,SANKARI,87,SALEM,Rameshkumar. V,IND,IND,NONE,M,45,5th Grade,0,0,578000,,,,False,,False,
31099,SANKARI,87,SALEM,Ranjith Kumar. V,IND,IND,NONE,M,33,7th Grade,0,0,964000,,,,False,,False,
31091,SANKARI,87,SALEM,Sakthivel. D,IND,IND,NONE,M,33,Bachelor's Degree,0,0,,,,,False,,False,
31090,SANKARI,87,SALEM,Sakthivel. G,IND,IND,NONE,M,42,Diploma / ITI,0,0,668,,,,False,,False,
31092,SANKARI,87,SALEM,Salman. E,IND,IND,NONE,M,32,Not Specified,0,0,162000,,,,False,,False,
31101,SANKARI,87,SALEM,Vignesh. A,IND,IND,NONE,M,36,Diploma / ITI,0,0,151000,,,,False,,False,
31102,SANKARI,87,SALEM,Vijayakumar. M,IND,IND,NONE,M,45,10th Grade (SSLC),0,0,620000,,,,False,,False,
31084,SANKARI,87,SALEM,Nithya. A,NTK,NTK,NTK,F,36,Master's Degree,0,0,7560000,,,,False,,False,
31089,SANKARI,87,SALEM,Senthilkumar. R.S,TAVK,TAVK,OTHERS,M,49,Master's Degree,0,0,10800000,,,,False,,False,
31088,SANKARI,87,SALEM,Senthilkumar. K,Tamilaga Vettri Kazhagam,TVK,TVK,M,44,9th Grade,0,0,40100000,,,,False,,False,
31106,SALEM (WEST),88,SALEM,Arul Ramadas,AJPK,AJPK,,M,54,Bachelor's Degree,0,0,42100000,,,,False,,False,
31104,SALEM (WEST),88,SALEM,Gunasekaran.R,BSP,BSP,OTHERS,M,30,9th Grade,0,0,,,,,False,,False,
31103,SALEM (WEST),88,SALEM,Alagaapuram. R.Mohanraj,DMDK,DMDK,NDA,M,72,Bachelor's Degree,0,0,7219000,,,,False,,False,
31111,SALEM (WEST),88,SALEM,Amirthalingam.N,IND,IND,NONE,M,40,Not Specified,0,0,477000,,,,False,,False,
31114,SALEM (WEST),88,SALEM,Arul. D,IND,IND,NONE,M,46,Diploma / ITI,0,0,124,,,,False,,False,
31115,SALEM (WEST),88,SALEM,Arul. P,IND,IND,NONE,M,41,Bachelor's Degree,0,0,57300,,,,False,,False,
31112,SALEM (WEST),88,SALEM,Arul.S,IND,IND,NONE,M,27,Bachelor's Degree,0,0,36290,,,,False,,False,
31113,SALEM (WEST),88,SALEM,Arul.T,IND,IND,NONE,M,27,Bachelor's Degree,0,0,36290,,,,False,,False,
31124,SALEM (WEST),88,SALEM,Bharanitharan. D.K,IND,IND,NONE,M,43,Master's Degree,0,0,300000,,,,False,,False,
31123,SALEM (WEST),88,SALEM,Bharath.S,IND,IND,NONE,M,28,Bachelor's Degree,0,0,1171000,,,,False,,False,
31119,SALEM (WEST),88,SALEM,Chandrasekaran.G,IND,IND,NONE,M,43,10th Grade (SSLC),0,0,135000,,,,False,,False,
31121,SALEM (WEST),88,SALEM,Dhanapal,IND,IND,NONE,M,76,9th Grade,0,0,333000,,,,False,,False,
31126,SALEM (WEST),88,SALEM,Er Prabakaran. S,IND,IND,NONE,M,56,Bachelor's Degree,0,0,,,,,False,,False,
31116,SALEM (WEST),88,SALEM,Karthick. M,IND,IND,NONE,M,27,10th Grade (SSLC),0,0,16621,,,,False,,False,
31117,SALEM (WEST),88,SALEM,Karthick. R,IND,IND,NONE,M,26,Bachelor's Degree,0,0,3831,,,,False,,False,
31118,SALEM (WEST),88,SALEM,Kumar.A.P,IND,IND,NONE,M,51,5th Grade,0,0,200000,,,,False,,False,
31128,SALEM (WEST),88,SALEM,Manohar.C,IND,IND,NONE,M,52,Diploma / ITI,0,0,5345000,,,,False,,False,
31129,SALEM (WEST),88,SALEM,Mohan Raj.R,IND,IND,NONE,M,30,Diploma / ITI,0,0,9834000,,,,False,,False,
31125,SALEM (WEST),88,SALEM,Panneerselvam.P,IND,IND,NONE,M,44,12th Grade (HSC / +2),0,0,70136,,,,False,,False,
31127,SALEM (WEST),88,SALEM,Perumal.A,IND,IND,NONE,M,73,12th Grade (HSC / +2),0,0,4105000,,,,False,,False,
31130,SALEM (WEST),88,SALEM,Radhakrishnan.R,IND,IND,NONE,M,63,10th Grade (SSLC),0,0,151000,,,,False,,False,
31120,SALEM (WEST),88,SALEM,Selvam.R,IND,IND,NONE,M,56,Not Specified,0,0,12000,,,,False,,False,
31133,SALEM (WEST),88,SALEM,Srisabarinathan,IND,IND,NONE,M,43,9th Grade,0,0,180000,,,,False,,False,
31122,SALEM (WEST),88,SALEM,Thiyagarajan.M,IND,IND,NONE,M,42,12th Grade (HSC / +2),0,0,,,,,False,,False,
31132,SALEM (WEST),88,SALEM,Velmanikandan.S,IND,IND,NONE,M,40,12th Grade (HSC / +2),0,0,842000,,,,False,,False,
31131,SALEM (WEST),88,SALEM,Vijayakumar.S,IND,IND,NONE,M,32,Bachelor's Degree,0,0,84000,,,,False,,False,
31105,SALEM (WEST),88,SALEM,Sureshkumar.R,NTK,NTK,NTK,M,40,Master's Degree,0,0,18700000,,,,False,,False,
31107,SALEM (WEST),88,SALEM,Karthe.M,PMK,PMK,NDA,M,58,Bachelor's Degree,0,0,167200000,,,,False,,False,
31109,SALEM (WEST),88,SALEM,Raj Kumar.G,TAVK,TAVK,OTHERS,M,44,9th Grade,0,0,3000000,,,,False,,False,
31110,SALEM (WEST),88,SALEM,Lakshmanan.S,Tamilaga Vettri Kazhagam,TVK,TVK,M,58,Bachelor's Degree,0,0,9003000,,,,False,,False,
31108,SALEM (WEST),88,SALEM,Prabu.K,VTK,VTK,OTHERS,M,44,5th Grade,0,0,1315000,,,,False,,False,
31134,SALEM (NORTH),89,SALEM,Rajendran. R,DMK,DMK,INDIA,M,66,Bachelor's Degree,0,0,7668000,,,,False,,False,
31144,SALEM (NORTH),89,SALEM,Mahabub John. K,IND,IND,NONE,M,49,10th Grade (SSLC),0,0,3580000,,,,False,,False,
31143,SALEM (NORTH),89,SALEM,Manivannan. S,IND,IND,NONE,M,37,Diploma / ITI,0,0,413000,,,,False,,False,
31141,SALEM (NORTH),89,SALEM,Palanisamy. R,IND,IND,NONE,M,55,10th Grade (SSLC),0,0,,,,,False,,False,
31142,SALEM (NORTH),89,SALEM,Pravina. G,IND,IND,NONE,F,52,Bachelor's Degree,0,0,210100000,,,,False,,False,
31146,SALEM (NORTH),89,SALEM,Raja. A,IND,IND,NONE,M,58,9th Grade,0,0,7414000,,,,False,,False,
31145,SALEM (NORTH),89,SALEM,Rajasekar. S,IND,IND,NONE,M,58,Not Specified,0,0,11000,,,,False,,False,
31147,SALEM (NORTH),89,SALEM,Rajendran. A,IND,IND,NONE,M,66,9th Grade,0,0,2537000,,,,False,,False,
31140,SALEM (NORTH),89,SALEM,Sabareesan. D,IND,IND,NONE,M,38,Bachelor's Degree,0,0,200000,,,,False,,False,
31135,SALEM (NORTH),89,SALEM,Gunaseela. M,NTK,NTK,NTK,F,39,Bachelor's Degree,0,0,985000,,,,False,,False,
31136,SALEM (NORTH),89,SALEM,Sadhasivam. S,PMK,PMK,NDA,M,59,Master's Degree,0,0,11600000,,,,False,,False,
31138,SALEM (NORTH),89,SALEM,Mohanraj. S,TAVK,TAVK,OTHERS,M,36,10th Grade (SSLC),0,0,4280000,,,,False,,False,
31137,SALEM (NORTH),89,SALEM,Sivakumar. K,Tamilaga Vettri Kazhagam,TVK,TVK,M,52,Master's Degree,0,0,529000000,,,,False,,False,
31139,SALEM (NORTH),89,SALEM,Jothilakshmi. R.S,VTK,VTK,OTHERS,F,40,10th Grade (SSLC),0,0,3316000,,,,False,,False,
31150,SALEM (SOUTH),90,SALEM,Vinoth. J,AIADMK,AIADMK,,M,44,10th Grade (SSLC),0,0,32700000,,,,False,,False,
31149,SALEM (SOUTH),90,SALEM,Loganathan. M,DMK,DMK,INDIA,M,69,10th Grade (SSLC),0,0,41300000,,,,False,,False,
31153,SALEM (SOUTH),90,SALEM,Ambedkar. C,IND,IND,NONE,M,47,8th Grade,0,0,310000,,,,False,,False,
31166,SALEM (SOUTH),90,SALEM,Jayaraj. S,IND,IND,NONE,M,48,8th Grade,0,0,501000,,,,False,,False,
31163,SALEM (SOUTH),90,SALEM,Loganathan. M,IND,IND,NONE,M,43,Bachelor's Degree,0,0,7471,,,,False,,False,
31164,SALEM (SOUTH),90,SALEM,Loganathan. M,IND,IND,NONE,M,32,Master's Degree,0,0,147,,,,False,,False,
31162,SALEM (SOUTH),90,SALEM,Mayakannan. N,IND,IND,NONE,M,45,10th Grade (SSLC),0,0,,,,,False,,False,
31157,SALEM (SOUTH),90,SALEM,Padmanapan. M,IND,IND,NONE,M,67,6th Grade,0,0,143000,,,,False,,False,
31158,SALEM (SOUTH),90,SALEM,Palaniappan. M,IND,IND,NONE,M,62,Not Specified,0,0,3302000,,,,False,,False,
31159,SALEM (SOUTH),90,SALEM,Parthiban. A,IND,IND,NONE,M,31,10th Grade (SSLC),0,0,252,,,,False,,False,
31160,SALEM (SOUTH),90,SALEM,Parthiban. V,IND,IND,NONE,M,26,Diploma / ITI,0,0,657,,,,False,,False,
31161,SALEM (SOUTH),90,SALEM,Praveen Kumar. M,IND,IND,NONE,M,30,Bachelor's Degree,0,0,523000,,,,False,,False,
31154,SALEM (SOUTH),90,SALEM,Santhosh. S,IND,IND,NONE,M,36,10th Grade (SSLC),0,0,167000,,,,False,,False,
31156,SALEM (SOUTH),90,SALEM,Sumathi. P,IND,IND,NONE,F,33,Bachelor's Degree,0,0,1513000,,,,False,,False,
31155,SALEM (SOUTH),90,SALEM,Sundaram. R,IND,IND,NONE,M,62,7th Grade,0,0,975000,,,,False,,False,
31165,SALEM (SOUTH),90,SALEM,Varatharajan. S.P,IND,IND,NONE,M,51,9th Grade,0,0,167000,,,,False,,False,
31148,SALEM (SOUTH),90,SALEM,Sofia. S,NTK,NTK,NTK,F,33,Master's Degree,0,0,6514000,,,,False,,False,
31151,SALEM (SOUTH),90,SALEM,Bas Madheswaran,TAVK,TAVK,OTHERS,M,46,5th Grade,0,0,1466000,,,,False,,False,
31152,SALEM (SOUTH),90,SALEM,Vijay Tamilan Parthiban. A,Tamilaga Vettri Kazhagam,TVK,TVK,M,50,12th Grade (HSC / +2),0,0,71600000,,,,False,,False,
31169,VEERAPANDI,91,SALEM,Sri Balaji Sugumar. S,AIADMK,AIADMK,,M,31,Bachelor's Degree,0,0,86600000,,,,False,,False,
31170,VEERAPANDI,91,SALEM,Anbazhagan. P,CPI(ML),CPI(ML),,M,58,10th Grade (SSLC),0,0,19098,,,,False,,False,
31167,VEERAPANDI,91,SALEM,Tharun. A.K,DMK,DMK,INDIA,M,45,Master's Degree,0,0,37400000,,,,False,,False,
31181,VEERAPANDI,91,SALEM,Devendhiraprabu. M,IND,IND,NONE,M,25,Bachelor's Degree,0,0,25046,,,,False,,False,
31177,VEERAPANDI,91,SALEM,Gopi. R,IND,IND,NONE,M,29,9th Grade,0,0,4587000,,,,False,,False,
31178,VEERAPANDI,91,SALEM,Gopinath. B,IND,IND,NONE,M,33,Bachelor's Degree,0,0,64000,,,,False,,False,
31174,VEERAPANDI,91,SALEM,Indrajith Guptha. G,IND,IND,NONE,M,35,Diploma / ITI,0,0,531000,,,,False,,False,
31186,VEERAPANDI,91,SALEM,Jayavel. M,IND,IND,NONE,M,50,12th Grade (HSC / +2),0,0,6500,,,,False,,False,
31176,VEERAPANDI,91,SALEM,Karthi. R,IND,IND,NONE,M,28,Bachelor's Degree,0,0,64100,,,,False,,False,
31175,VEERAPANDI,91,SALEM,Kavitha. M.P,IND,IND,NONE,F,46,12th Grade (HSC / +2),0,0,28900000,,,,False,,False,
31182,VEERAPANDI,91,SALEM,Palanisamy. P,IND,IND,NONE,M,42,Bachelor's Degree,0,0,2684000,,,,False,,False,
31183,VEERAPANDI,91,SALEM,Prabhu. V,IND,IND,NONE,M,31,Diploma / ITI,0,0,2014000,,,,False,,False,
31184,VEERAPANDI,91,SALEM,Ranganathan. D,IND,IND,NONE,M,37,10th Grade (SSLC),0,0,56000,,,,False,,False,
31179,VEERAPANDI,91,SALEM,Senthilkumar. M,IND,IND,NONE,M,47,Bachelor's Degree,0,0,515000,,,,False,,False,
31180,VEERAPANDI,91,SALEM,Tamilarasan. D,IND,IND,NONE,M,39,10th Grade (SSLC),0,0,136000,,,,False,,False,
31185,VEERAPANDI,91,SALEM,Vaidesswara Prasad. N,IND,IND,NONE,M,46,Bachelor's Degree,0,0,1680000,,,,False,,False,
31171,VEERAPANDI,91,SALEM,Sakthivel. M,NMK,NMK,OTHERS,M,41,10th Grade (SSLC),0,0,3101000,,,,False,,False,
31168,VEERAPANDI,91,SALEM,Rajeshkumar. S,NTK,NTK,NTK,M,32,10th Grade (SSLC),0,0,2365000,,,,False,,False,
31173,VEERAPANDI,91,SALEM,Bramamoorthi. M,TAVK,TAVK,OTHERS,M,33,Bachelor's Degree,0,0,9810000,,,,False,,False,
31172,VEERAPANDI,91,SALEM,Palanivel. M.S,Tamilaga Vettri Kazhagam,TVK,TVK,M,57,12th Grade (HSC / +2),0,0,296400000,,,,False,,False,
31191,RASIPURAM,92,NAMAKKAL,Arulraju G,AIADMSK,AIADMSK,,M,54,Bachelor's Degree,0,0,8697,,,,False,,False,
31187,RASIPURAM,92,NAMAKKAL,Premkumar S D,BJP,BJP,NDA,M,46,Not Specified,0,0,1483000,,,,False,,False,
31189,RASIPURAM,92,NAMAKKAL,Mathiventhan M Dr,DMK,DMK,INDIA,M,41,Not Specified,0,0,24100000,,,,False,,False,
31190,RASIPURAM,92,NAMAKKAL,Arulkumar P,GPI,GPI,OTHERS,M,27,Bachelor's Degree,0,0,21500,,,,False,,False,
31196,RASIPURAM,92,NAMAKKAL,Ampulimadhan M,IND,IND,NONE,M,31,Bachelor's Degree,0,0,83500,,,,False,,False,
31204,RASIPURAM,92,NAMAKKAL,Jayanthi M,IND,IND,NONE,F,54,Master's Degree,0,0,1051000,,,,False,,False,
31201,RASIPURAM,92,NAMAKKAL,Manikandan C,IND,IND,NONE,M,35,Master's Degree,0,0,3427000,,,,False,,False,
31202,RASIPURAM,92,NAMAKKAL,Murugesan A,IND,IND,NONE,M,49,10th Grade (SSLC),0,0,3242000,,,,False,,False,
31199,RASIPURAM,92,NAMAKKAL,Nagarajan K,IND,IND,NONE,M,51,12th Grade (HSC / +2),0,0,1551000,,,,False,,False,
31200,RASIPURAM,92,NAMAKKAL,Neppoliyan K,IND,IND,NONE,M,32,Bachelor's Degree,0,0,,,,,False,,False,
31203,RASIPURAM,92,NAMAKKAL,Rajeshkannan R,IND,IND,NONE,M,44,12th Grade (HSC / +2),0,0,5731,,,,False,,False,
31198,RASIPURAM,92,NAMAKKAL,Tamilazhagan M,IND,IND,NONE,M,31,Diploma / ITI,0,0,107000,,,,False,,False,
31197,RASIPURAM,92,NAMAKKAL,Thangamani S,IND,IND,NONE,F,35,10th Grade (SSLC),0,0,,,,,False,,False,
31188,RASIPURAM,92,NAMAKKAL,Sasikala S,NTK,NTK,NTK,F,36,Bachelor's Degree,0,0,,,,,False,,False,
31193,RASIPURAM,92,NAMAKKAL,Muniyappan M,PT,PT,OTHERS,M,40,Bachelor's Degree,0,0,251000,,,,False,,False,
31194,RASIPURAM,92,NAMAKKAL,Ramadass D,SMNK,SMNK,,M,60,Not Specified,0,0,24000,,,,False,,False,
31192,RASIPURAM,92,NAMAKKAL,Krishnamoorthi P,TAVK,TAVK,OTHERS,M,35,12th Grade (HSC / +2),0,0,819000,,,,False,,False,
31195,RASIPURAM,92,NAMAKKAL,Logesh Tamilselvan D,Tamilaga Vettri Kazhagam,TVK,TVK,M,42,Master's Degree,0,0,24200000,,,,False,,False,
31205,SENDAMANGALAM,93,NAMAKKAL,C Chandrasekaran,AIADMK,AIADMK,,M,59,10th Grade (SSLC),0,0,15600000,,,,False,,False,
31211,SENDAMANGALAM,93,NAMAKKAL,C Jaganathan,AIPTMMK,AIPTMMK,,M,40,Diploma / ITI,0,0,1000000,,,,False,,False,
31206,SENDAMANGALAM,93,NAMAKKAL,P Poomalar,DMK,DMK,INDIA,F,44,8th Grade,0,0,21400000,,,,False,,False,
31209,SENDAMANGALAM,93,NAMAKKAL,K Duraisamy,GPI,GPI,OTHERS,M,65,Master's Degree,0,0,6194000,,,,False,,False,
31214,SENDAMANGALAM,93,NAMAKKAL,A Balamurugan,IND,IND,NONE,M,43,Master's Degree,0,0,375000,,,,False,,False,
31212,SENDAMANGALAM,93,NAMAKKAL,C Suthan,IND,IND,NONE,M,29,10th Grade (SSLC),0,0,141000,,,,False,,False,
31215,SENDAMANGALAM,93,NAMAKKAL,E Manikandan,IND,IND,NONE,M,27,Master's Degree,0,0,106000,,,,False,,False,
31216,SENDAMANGALAM,93,NAMAKKAL,K Ramesh,IND,IND,NONE,M,40,10th Grade (SSLC),0,0,170000,,,,False,,False,
31213,SENDAMANGALAM,93,NAMAKKAL,M Swaminathan,IND,IND,NONE,M,46,9th Grade,0,0,3148000,,,,False,,False,
31207,SENDAMANGALAM,93,NAMAKKAL,Ponnumani C,NTK,NTK,NTK,F,26,Bachelor's Degree,0,0,876000,,,,False,,False,
31210,SENDAMANGALAM,93,NAMAKKAL,P Ramasamy,TAVK,TAVK,OTHERS,M,45,8th Grade,0,0,186000,,,,False,,False,
31208,SENDAMANGALAM,93,NAMAKKAL,P Chandrasekar,Tamilaga Vettri Kazhagam,TVK,TVK,M,52,Bachelor's Degree,0,0,3467000,,,,False,,False,
31219,NAMAKKAL,94,NAMAKKAL,Sridevi Mohan P S,AIADMK,AIADMK,,M,53,Bachelor's Degree,0,0,530500000,,,,False,,False,
31227,NAMAKKAL,94,NAMAKKAL,Mahendran P,AIADMSK,AIADMSK,,M,45,Not Specified,0,0,23000,,,,False,,False,
31226,NAMAKKAL,94,NAMAKKAL,Palanisamy M P,AIPTMMK,AIPTMMK,,M,58,Diploma / ITI,0,0,328000,,,,False,,False,
31221,NAMAKKAL,94,NAMAKKAL,Aadithiyan A,APTADMK,APTADMK,,M,34,Diploma / ITI,0,0,3202000,,,,False,,False,
31222,NAMAKKAL,94,NAMAKKAL,Gandhian Ramesh T,ASP,ASP,,M,45,Diploma / ITI,0,0,1606000,,,,False,,False,
31217,NAMAKKAL,94,NAMAKKAL,Ramasamy P,BSP,BSP,OTHERS,M,61,12th Grade (HSC / +2),0,0,80626,,,,False,,False,
31220,NAMAKKAL,94,NAMAKKAL,Rani P,DMK,DMK,INDIA,F,57,Master's Degree,0,0,16000000,,,,False,,False,
31223,NAMAKKAL,94,NAMAKKAL,Sureshkannan P,GPI,GPI,OTHERS,M,52,Not Specified,0,0,10168,,,,False,,False,
31229,NAMAKKAL,94,NAMAKKAL,Abineshkumar T,IND,IND,NONE,M,26,12th Grade (HSC / +2),0,0,644000,,,,False,,False,
31230,NAMAKKAL,94,NAMAKKAL,Aravinth S,IND,IND,NONE,M,33,Master's Degree,0,0,430000,,,,False,,False,
31232,NAMAKKAL,94,NAMAKKAL,Chandra P,IND,IND,NONE,F,60,10th Grade (SSLC),0,0,6474000,,,,False,,False,
31241,NAMAKKAL,94,NAMAKKAL,Jayakumar R,IND,IND,NONE,M,54,Bachelor's Degree,0,0,1460000,,,,False,,False,
31242,NAMAKKAL,94,NAMAKKAL,Jayaraman M,IND,IND,NONE,M,47,Diploma / ITI,0,0,167000,,,,False,,False,
31231,NAMAKKAL,94,NAMAKKAL,Kanakaraj K,IND,IND,NONE,M,54,Diploma / ITI,0,0,2330000,,,,False,,False,
31235,NAMAKKAL,94,NAMAKKAL,Manikandan R,IND,IND,NONE,M,32,Not Specified,0,0,404000,,,,False,,False,
31239,NAMAKKAL,94,NAMAKKAL,Mohan M,IND,IND,NONE,M,52,Bachelor's Degree,0,0,139,,,,False,,False,
31238,NAMAKKAL,94,NAMAKKAL,Mohan P,IND,IND,NONE,M,65,Bachelor's Degree,0,0,1111,,,,False,,False,
31237,NAMAKKAL,94,NAMAKKAL,Mohan S,IND,IND,NONE,M,63,12th Grade (HSC / +2),0,0,,,,,False,,False,
31236,NAMAKKAL,94,NAMAKKAL,Muthusamy S,IND,IND,NONE,M,50,8th Grade,0,0,1155000,,,,False,,False,
31233,NAMAKKAL,94,NAMAKKAL,Natarajan M,IND,IND,NONE,M,59,10th Grade (SSLC),0,0,78600000,,,,False,,False,
31234,NAMAKKAL,94,NAMAKKAL,Netajikaviarasu V,IND,IND,NONE,M,45,Bachelor's Degree,0,0,600000,,,,False,,False,
31240,NAMAKKAL,94,NAMAKKAL,Ramesh A,IND,IND,NONE,M,52,Not Specified,0,0,8367000,,,,False,,False,
31243,NAMAKKAL,94,NAMAKKAL,Stalin R,IND,IND,NONE,M,37,Master's Degree,0,0,81600,,,,False,,False,
31218,NAMAKKAL,94,NAMAKKAL,Praveenkumar K,NTK,NTK,NTK,M,39,Master's Degree,0,0,,,,,False,,False,
31228,NAMAKKAL,94,NAMAKKAL,Matheswaran C,PT,PT,OTHERS,M,46,7th Grade,0,0,395000,,,,False,,False,
31224,NAMAKKAL,94,NAMAKKAL,Thiyagarajan R,SMNK,SMNK,,M,32,12th Grade (HSC / +2),0,0,20085,,,,False,,False,
31225,NAMAKKAL,94,NAMAKKAL,Dilip C S,Tamilaga Vettri Kazhagam,TVK,TVK,M,33,Bachelor's Degree,0,0,46300000,,,,False,,False,
31246,PARAMATHI-VELUR,95,NAMAKKAL,Sekar S,AIADMK,AIADMK,,M,55,Not Specified,0,0,14300000,,,,False,,False,
31251,PARAMATHI-VELUR,95,NAMAKKAL,Bakkiam P,AIADMSK,AIADMSK,,F,73,Not Specified,0,0,25000,,,,False,,False,
31252,PARAMATHI-VELUR,95,NAMAKKAL,Vijay Suryabhalaaji K R,AIPTMMK,AIPTMMK,,M,33,Bachelor's Degree,0,0,188600000,,,,False,,False,
31248,PARAMATHI-VELUR,95,NAMAKKAL,Selvarasu S,APTADMK,APTADMK,,M,50,Not Specified,0,0,1412000,,,,False,,False,
31245,PARAMATHI-VELUR,95,NAMAKKAL,Raman V,BSP,BSP,OTHERS,M,52,6th Grade,0,0,235000,,,,False,,False,
31247,PARAMATHI-VELUR,95,NAMAKKAL,Moorthiy K S,DMK,DMK,INDIA,M,64,Bachelor's Degree,0,0,52500000,,,,False,,False,
31264,PARAMATHI-VELUR,95,NAMAKKAL,Balaji,IND,IND,NONE,M,45,Diploma / ITI,0,0,23200,,,,False,,False,
31256,PARAMATHI-VELUR,95,NAMAKKAL,Gopalan G,IND,IND,NONE,M,56,5th Grade,0,0,22000,,,,False,,False,
31254,PARAMATHI-VELUR,95,NAMAKKAL,Kandasamy S,IND,IND,NONE,M,34,10th Grade (SSLC),0,0,21000,,,,False,,False,
31255,PARAMATHI-VELUR,95,NAMAKKAL,Karthik R,IND,IND,NONE,M,32,12th Grade (HSC / +2),0,0,30000,,,,False,,False,
31273,PARAMATHI-VELUR,95,NAMAKKAL,Latha A,IND,IND,NONE,F,40,7th Grade,0,0,21550,,,,False,,False,
31266,PARAMATHI-VELUR,95,NAMAKKAL,Manojkumar M,IND,IND,NONE,M,26,Master's Degree,0,0,174000,,,,False,,False,
31268,PARAMATHI-VELUR,95,NAMAKKAL,Moorthi M,IND,IND,NONE,M,61,Not Specified,0,0,129000,,,,False,,False,
31267,PARAMATHI-VELUR,95,NAMAKKAL,Murthi,IND,IND,NONE,M,49,Not Specified,0,0,21000,,,,False,,False,
31263,PARAMATHI-VELUR,95,NAMAKKAL,Palanisamy S,IND,IND,NONE,M,42,7th Grade,0,0,21000,,,,False,,False,
31262,PARAMATHI-VELUR,95,NAMAKKAL,Parameshwari S,IND,IND,NONE,F,39,Diploma / ITI,0,0,,,,,False,,False,
31265,PARAMATHI-VELUR,95,NAMAKKAL,Prathap K,IND,IND,NONE,M,32,10th Grade (SSLC),0,0,108000,,,,False,,False,
31272,PARAMATHI-VELUR,95,NAMAKKAL,Raja R,IND,IND,NONE,M,46,12th Grade (HSC / +2),0,0,9775000,,,,False,,False,
31253,PARAMATHI-VELUR,95,NAMAKKAL,Ramasamy,IND,IND,NONE,M,59,Not Specified,0,0,450000,,,,False,,False,
31270,PARAMATHI-VELUR,95,NAMAKKAL,Ramesh P,IND,IND,NONE,M,43,5th Grade,0,0,,,,,False,,False,
31271,PARAMATHI-VELUR,95,NAMAKKAL,Ramesh R,IND,IND,NONE,M,54,12th Grade (HSC / +2),0,0,23000,,,,False,,False,
31269,PARAMATHI-VELUR,95,NAMAKKAL,Ranjith K,IND,IND,NONE,M,27,Diploma / ITI,0,0,23000,,,,False,,False,
31259,PARAMATHI-VELUR,95,NAMAKKAL,Sekar C,IND,IND,NONE,M,46,10th Grade (SSLC),0,0,,,,,False,,False,
31260,PARAMATHI-VELUR,95,NAMAKKAL,Sekar V,IND,IND,NONE,M,52,3rd Grade,0,0,20000,,,,False,,False,
31257,PARAMATHI-VELUR,95,NAMAKKAL,Sudharsan K,IND,IND,NONE,M,26,Bachelor's Degree,0,0,29000,,,,False,,False,
31258,PARAMATHI-VELUR,95,NAMAKKAL,Suresh R,IND,IND,NONE,M,37,5th Grade,0,0,21000,,,,False,,False,
31261,PARAMATHI-VELUR,95,NAMAKKAL,Thangarasu M,IND,IND,NONE,M,35,9th Grade,0,0,30000,,,,False,,False,
31274,PARAMATHI-VELUR,95,NAMAKKAL,Vijayakumar A,IND,IND,NONE,M,43,5th Grade,0,0,20000,,,,False,,False,
31244,PARAMATHI-VELUR,95,NAMAKKAL,Aravind M,NTK,NTK,NTK,M,33,12th Grade (HSC / +2),0,0,161400000,,,,False,,False,
31249,PARAMATHI-VELUR,95,NAMAKKAL,Shailaja,TAVK,TAVK,OTHERS,F,42,9th Grade,0,0,4060000,,,,False,,False,
31250,PARAMATHI-VELUR,95,NAMAKKAL,Nandakumar A,Tamilaga Vettri Kazhagam,TVK,TVK,M,51,Master's Degree,0,0,25900000,,,,False,,False,
31276,TIRUCHENGODE,96,NAMAKKAL,Srmt Sekar (A) Chandrasekar R,AIADMK,AIADMK,,M,58,Not Specified,0,0,20500000,,,,False,,False,
31281,TIRUCHENGODE,96,NAMAKKAL,Dhanapal Subramaniyam,AIADMSK,AIADMSK,,M,39,Master's Degree,0,0,732000,,,,False,,False,
31275,TIRUCHENGODE,96,NAMAKKAL,Eswaran E R,DMK,DMK,INDIA,M,64,Bachelor's Degree,0,0,259700000,,,,False,,False,
31285,TIRUCHENGODE,96,NAMAKKAL,Arjunan L K,IND,IND,NONE,M,49,10th Grade (SSLC),0,0,2290000,,,,False,,False,
31284,TIRUCHENGODE,96,NAMAKKAL,Arulprakasam S,IND,IND,NONE,M,68,10th Grade (SSLC),0,0,360000,,,,False,,False,
31292,TIRUCHENGODE,96,NAMAKKAL,Balaji Chezhian P,IND,IND,NONE,M,42,Bachelor's Degree,0,0,10000,,,,False,,False,
31290,TIRUCHENGODE,96,NAMAKKAL,Deepakrajan V,IND,IND,NONE,M,27,Not Specified,0,0,,,,,False,,False,
31289,TIRUCHENGODE,96,NAMAKKAL,Dhinesh Karikalan,IND,IND,NONE,M,26,Bachelor's Degree,0,0,2081000,,,,False,,False,
31286,TIRUCHENGODE,96,NAMAKKAL,Eswaran M,IND,IND,NONE,M,55,8th Grade,0,0,50000,,,,False,,False,
31293,TIRUCHENGODE,96,NAMAKKAL,Maheshkumar N,IND,IND,NONE,M,33,12th Grade (HSC / +2),0,0,16,,,,False,,False,
31291,TIRUCHENGODE,96,NAMAKKAL,Palanisamy K,IND,IND,NONE,M,63,10th Grade (SSLC),0,0,1201000,,,,False,,False,
31295,TIRUCHENGODE,96,NAMAKKAL,Rajakumar P,IND,IND,NONE,M,47,10th Grade (SSLC),0,0,1762000,,,,False,,False,
31294,TIRUCHENGODE,96,NAMAKKAL,Ramesh S,IND,IND,NONE,M,49,Not Specified,0,0,46900000,,,,False,,False,
31296,TIRUCHENGODE,96,NAMAKKAL,Revanth S N,IND,IND,NONE,M,27,Bachelor's Degree,0,0,70000,,,,False,,False,
31288,TIRUCHENGODE,96,NAMAKKAL,Saravanasundaram S,IND,IND,NONE,M,57,Bachelor's Degree,0,0,,,,,False,,False,
31287,TIRUCHENGODE,96,NAMAKKAL,Satheeskumar P,IND,IND,NONE,M,44,Bachelor's Degree,0,0,1046000,,,,False,,False,
31297,TIRUCHENGODE,96,NAMAKKAL,Viswanathan P,IND,IND,NONE,M,56,5th Grade,0,0,35000,,,,False,,False,
31282,TIRUCHENGODE,96,NAMAKKAL,Thirukkumaran P,MAMUK,MAMUK,,M,54,12th Grade (HSC / +2),0,0,2500000,,,,False,,False,
31277,TIRUCHENGODE,96,NAMAKKAL,Revathi K,NTK,NTK,NTK,F,28,Diploma / ITI,0,0,916000,,,,False,,False,
31280,TIRUCHENGODE,96,NAMAKKAL,Chinnathambi K,RPI (A),RPI (A),,M,66,Not Specified,0,0,1346000,,,,False,,False,
31283,TIRUCHENGODE,96,NAMAKKAL,Munusamy A T,SMNK,SMNK,,M,65,5th Grade,0,0,8756000,,,,False,,False,
31279,TIRUCHENGODE,96,NAMAKKAL,Sharavanan A K,TAVK,TAVK,OTHERS,M,40,Bachelor's Degree,0,0,369000,,,,False,,False,
31278,TIRUCHENGODE,96,NAMAKKAL,Arunraj K G,Tamilaga Vettri Kazhagam,TVK,TVK,M,46,Bachelor's Degree,0,0,68500000,,,,False,,False,
31298,KUMARAPALAYAM,97,NAMAKKAL,P.Thangamani,AIADMK,AIADMK,,M,65,12th Grade (HSC / +2),0,0,20400000,,,,False,,False,
31303,KUMARAPALAYAM,97,NAMAKKAL,Pannerselvam,AIADMSK,AIADMSK,,M,65,Not Specified,0,0,868000,,,,False,,False,
31299,KUMARAPALAYAM,97,NAMAKKAL,S.Balu,DMK,DMK,INDIA,M,64,10th Grade (SSLC),0,0,405800000,,,,False,,False,
31315,KUMARAPALAYAM,97,NAMAKKAL,A.Muruganandhan,IND,IND,NONE,M,37,8th Grade,0,0,20000,,,,False,,False,
31305,KUMARAPALAYAM,97,NAMAKKAL,Amirthalingam,IND,IND,NONE,M,54,8th Grade,0,0,406000,,,,False,,False,
31310,KUMARAPALAYAM,97,NAMAKKAL,G.Samuelraj,IND,IND,NONE,M,77,10th Grade (SSLC),0,0,5000,,,,False,,False,
31308,KUMARAPALAYAM,97,NAMAKKAL,Gopalakrishnan,IND,IND,NONE,M,45,Bachelor's Degree,0,0,1815000,,,,False,,False,
31314,KUMARAPALAYAM,97,NAMAKKAL,K.Palanivel,IND,IND,NONE,M,50,6th Grade,0,0,130000,,,,False,,False,
31306,KUMARAPALAYAM,97,NAMAKKAL,Karthi,IND,IND,NONE,M,36,Not Specified,0,0,140000,,,,False,,False,
31312,KUMARAPALAYAM,97,NAMAKKAL,P.Senthilkumar,IND,IND,NONE,M,47,9th Grade,0,0,160000,,,,False,,False,
31307,KUMARAPALAYAM,97,NAMAKKAL,R.Kumaresan,IND,IND,NONE,M,50,10th Grade (SSLC),0,0,5560000,,,,False,,False,
31316,KUMARAPALAYAM,97,NAMAKKAL,R.Raja,IND,IND,NONE,M,45,Not Specified,0,0,1626000,,,,False,,False,
31318,KUMARAPALAYAM,97,NAMAKKAL,S Jayavel,IND,IND,NONE,M,44,5th Grade,0,0,1086000,,,,False,,False,
31309,KUMARAPALAYAM,97,NAMAKKAL,Saravanan,IND,IND,NONE,M,48,8th Grade,0,0,1750000,,,,False,,False,
31313,KUMARAPALAYAM,97,NAMAKKAL,Selvaraj,IND,IND,NONE,M,51,10th Grade (SSLC),0,0,28020,,,,False,,False,
31311,KUMARAPALAYAM,97,NAMAKKAL,Sivaraj,IND,IND,NONE,M,28,Bachelor's Degree,0,0,,,,,False,,False,
31317,KUMARAPALAYAM,97,NAMAKKAL,Venkatachalam,IND,IND,NONE,M,49,10th Grade (SSLC),0,0,1135000,,,,False,,False,
31300,KUMARAPALAYAM,97,NAMAKKAL,Uvarani Suresh,NTK,NTK,NTK,F,39,Master's Degree,0,0,2529000,,,,False,,False,
31302,KUMARAPALAYAM,97,NAMAKKAL,Palanisamy,SMNK,SMNK,,M,76,6th Grade,0,0,5584000,,,,False,,False,
31304,KUMARAPALAYAM,97,NAMAKKAL,C.Vijayalakshmi,Tamilaga Vettri Kazhagam,TVK,TVK,F,50,Not Specified,0,0,8402000,,,,False,,False,
31301,KUMARAPALAYAM,97,NAMAKKAL,J.Karthi,VTK,VTK,OTHERS,M,43,10th Grade (SSLC),0,0,111000,,,,False,,False,
31322,ERODE (EAST),98,ERODE,R.Manoharan,AIADMK,AIADMK,,M,65,Bachelor's Degree,0,0,141900000,,,,False,,False,
31320,ERODE (EAST),98,ERODE,B.Chitra,BSP,BSP,OTHERS,F,30,Bachelor's Degree,0,0,176000,,,,False,,False,
31319,ERODE (EAST),98,ERODE,Gopinath Palaniyappan,INC,INC,INDIA,M,51,Master's Degree,0,0,164900000,,,,False,,False,
31332,ERODE (EAST),98,ERODE,C.Thiyagarajan,IND,IND,NONE,M,48,Master's Degree,0,0,28600000,,,,False,,False,
31334,ERODE (EAST),98,ERODE,H.Mohamed Gaipeer,IND,IND,NONE,M,52,8th Grade,0,0,50000,,,,False,,False,
31335,ERODE (EAST),98,ERODE,J.Muthu Bava,IND,IND,NONE,M,32,7th Grade,0,0,1734000,,,,False,,False,
31331,ERODE (EAST),98,ERODE,M.Dharani Kumar,IND,IND,NONE,M,31,Bachelor's Degree,0,0,934000,,,,False,,False,
31336,ERODE (EAST),98,ERODE,M.Murugesan,IND,IND,NONE,M,63,Master's Degree,0,0,647000,,,,False,,False,
31329,ERODE (EAST),98,ERODE,M.V.Karthy,IND,IND,NONE,M,34,Master's Degree,0,0,98000,,,,False,,False,
31333,ERODE (EAST),98,ERODE,Nathiya.S,IND,IND,NONE,F,39,8th Grade,0,0,12200,,,,False,,False,
31338,ERODE (EAST),98,ERODE,R.Vairam,IND,IND,NONE,M,66,10th Grade (SSLC),0,0,1130000,,,,False,,False,
31337,ERODE (EAST),98,ERODE,S.Lakshmanathan,IND,IND,NONE,M,49,Not Specified,0,0,10866,,,,False,,False,
31330,ERODE (EAST),98,ERODE,Shanmugam.P,IND,IND,NONE,M,48,10th Grade (SSLC),0,0,11000,,,,False,,False,
31321,ERODE (EAST),98,ERODE,S.Thandavamoorthy,NTK,NTK,NTK,M,42,Bachelor's Degree,0,0,3977000,,,,False,,False,
31327,ERODE (EAST),98,ERODE,K.Manikannan,SMNK,SMNK,,M,64,Not Specified,0,0,81235,,,,False,,False,
31325,ERODE (EAST),98,ERODE,K.Dhavasiappan,TAMNK,TAMNK,,M,43,8th Grade,0,0,3560000,,,,False,,False,
31326,ERODE (EAST),98,ERODE,A.Manikandan,TAVK,TAVK,OTHERS,M,44,6th Grade,0,0,302000,,,,False,,False,
31328,ERODE (EAST),98,ERODE,M.Vijay Balaji,Tamilaga Vettri Kazhagam,TVK,TVK,M,39,Bachelor's Degree,0,0,11300000,,,,False,,False,
31323,ERODE (EAST),98,ERODE,M.Kamal Kumar,VTK,VTK,OTHERS,M,29,8th Grade,0,0,763000,,,,False,,False,
31324,ERODE (EAST),98,ERODE,R.Dhandapani,VTVTK,VTVTK,,M,49,8th Grade,0,0,10000,,,,False,,False,
31341,ERODE (WEST),99,ERODE,M.Yuvaraja,BJP,BJP,NDA,M,45,Bachelor's Degree,0,0,57900000,,,,False,,False,
31339,ERODE (WEST),99,ERODE,V . Palani,BSP,BSP,OTHERS,M,61,10th Grade (SSLC),0,0,3960000,,,,False,,False,
31340,ERODE (WEST),99,ERODE,S.Muthusamy,DMK,DMK,INDIA,M,77,Master's Degree,0,0,18000000,,,,False,,False,
31350,ERODE (WEST),99,ERODE,A.Ramu,IND,IND,NONE,M,47,10th Grade (SSLC),0,0,548000,,,,False,,False,
31351,ERODE (WEST),99,ERODE,C.Rajendran,IND,IND,NONE,M,69,Master's Degree,0,0,350000,,,,False,,False,
31349,ERODE (WEST),99,ERODE,Moorthi P,IND,IND,NONE,M,41,Diploma / ITI,0,0,,,,,False,,False,
31348,ERODE (WEST),99,ERODE,Shanmugam M,IND,IND,NONE,M,52,8th Grade,0,0,850000,,,,False,,False,
31342,ERODE (WEST),99,ERODE,N.Vijay,NTK,NTK,NTK,M,40,Master's Degree,0,0,252000,,,,False,,False,
31344,ERODE (WEST),99,ERODE,K.Kalaiyarasan,SFRBC,SFRBC,,M,65,12th Grade (HSC / +2),0,0,14400000,,,,False,,False,
31347,ERODE (WEST),99,ERODE,M.Rukmani,SMNK,SMNK,,F,45,10th Grade (SSLC),0,0,906000,,,,False,,False,
31345,ERODE (WEST),99,ERODE,V.Dhanalakshmi,TAVK,TAVK,OTHERS,F,37,5th Grade,0,0,4848000,,,,False,,False,
31343,ERODE (WEST),99,ERODE,Ananth Moghan K.K,Tamilaga Vettri Kazhagam,TVK,TVK,M,38,Master's Degree,0,0,567700000,,,,False,,False,
31346,ERODE (WEST),99,ERODE,M.Nataraj,VTK,VTK,OTHERS,M,54,5th Grade,0,0,3111000,,,,False,,False,
31353,MODAKURICHI,100,ERODE,S.Kirthika,BJP,BJP,NDA,F,40,Master's Degree,0,0,53200000,,,,False,,False,
31355,MODAKURICHI,100,ERODE,K.Muniyappan,BSP,BSP,OTHERS,M,54,10th Grade (SSLC),0,0,1500000,,,,False,,False,
31354,MODAKURICHI,100,ERODE,S.Senthilnathan,DMK,DMK,INDIA,M,51,Bachelor's Degree,0,0,1100000000,,,,False,,False,
31359,MODAKURICHI,100,ERODE,M.Ravikumar,GPI,GPI,OTHERS,M,55,Not Specified,0,0,121000,,,,False,,False,
31362,MODAKURICHI,100,ERODE,A.Duraisamy,IND,IND,NONE,M,49,5th Grade,0,0,110000,,,,False,,False,
31360,MODAKURICHI,100,ERODE,A.Kathirvel,IND,IND,NONE,M,61,9th Grade,0,0,10500,,,,False,,False,
31361,MODAKURICHI,100,ERODE,K.Dhanabal,IND,IND,NONE,M,38,Master's Degree,0,0,553000,,,,False,,False,
31364,MODAKURICHI,100,ERODE,L.Bharathi,IND,IND,NONE,F,52,5th Grade,0,0,435000,,,,False,,False,
31363,MODAKURICHI,100,ERODE,R.Natarajan,IND,IND,NONE,M,65,Not Specified,0,0,4130000,,,,False,,False,
31365,MODAKURICHI,100,ERODE,R.Velusamy,IND,IND,NONE,M,42,5th Grade,0,0,21000,,,,False,,False,
31358,MODAKURICHI,100,ERODE,M.Ramesh,NKMK,NKMK,,M,45,Bachelor's Degree,0,0,51000000,,,,False,,False,
31352,MODAKURICHI,100,ERODE,M.Arunkumar,NTK,NTK,NTK,M,45,Bachelor's Degree,0,0,6382000,,,,False,,False,
31356,MODAKURICHI,100,ERODE,R.Karthikeyan,TAVK,TAVK,OTHERS,M,42,10th Grade (SSLC),0,0,1204000,,,,False,,False,
31357,MODAKURICHI,100,ERODE,D.Shanmugan,Tamilaga Vettri Kazhagam,TVK,TVK,M,57,Bachelor's Degree,0,0,154800000,,,,False,,False,
31367,DHARAPURAM,101,ERODE,Sathyabama.P,AIADMK,AIADMK,,F,51,10th Grade (SSLC),0,0,24800000,,,,False,,False,
31366,DHARAPURAM,101,ERODE,Indirani.T,DMK,DMK,INDIA,F,64,Diploma / ITI,0,0,50800000,,,,False,,False,
31370,DHARAPURAM,101,ERODE,Ananthi.S,IND,IND,NONE,F,41,Master's Degree,0,0,1003000,,,,False,,False,
31372,DHARAPURAM,101,ERODE,Gowri.P,IND,IND,NONE,F,36,Diploma / ITI,0,0,83422,,,,False,,False,
31371,DHARAPURAM,101,ERODE,Indhirani.C,IND,IND,NONE,F,51,Not Specified,0,0,20564,,,,False,,False,
31373,DHARAPURAM,101,ERODE,Mohanraj.M,IND,IND,NONE,M,25,Master's Degree,0,0,10006,,,,False,,False,
31374,DHARAPURAM,101,ERODE,Rohini.S,IND,IND,NONE,F,27,Bachelor's Degree,0,0,74000,,,,False,,False,
31368,DHARAPURAM,101,ERODE,Dhivya,NTK,NTK,NTK,F,28,Bachelor's Degree,0,0,477000,,,,False,,False,
31369,DHARAPURAM,101,ERODE,Gowri Chitra,Tamilaga Vettri Kazhagam,TVK,TVK,F,54,Master's Degree,0,0,1280000,,,,False,,False,
31377,KANGAYAM,102,ERODE,Nsn Nataraj,AIADMK,AIADMK,,M,68,Bachelor's Degree,0,0,,,,,False,,False,
31376,KANGAYAM,102,ERODE,M.P.Saminathan,DMK,DMK,INDIA,M,61,Bachelor's Degree,0,0,60400000,,,,False,,False,
31380,KANGAYAM,102,ERODE,R.Vijayalakshmi,GPI,GPI,OTHERS,F,49,10th Grade (SSLC),0,0,2054000,,,,False,,False,
31389,KANGAYAM,102,ERODE,B.Rajendran,IND,IND,NONE,M,69,Bachelor's Degree,0,0,90000,,,,False,,False,
31384,KANGAYAM,102,ERODE,Gowtham,IND,IND,NONE,M,37,Master's Degree,0,0,1074000,,,,False,,False,
31381,KANGAYAM,102,ERODE,K.Arumugam,IND,IND,NONE,M,59,Bachelor's Degree,0,0,494000,,,,False,,False,
31383,KANGAYAM,102,ERODE,Karthikeyan,IND,IND,NONE,M,41,6th Grade,0,0,340000,,,,False,,False,
31388,KANGAYAM,102,ERODE,P.Mani,IND,IND,NONE,M,47,6th Grade,0,0,87000,,,,False,,False,
31387,KANGAYAM,102,ERODE,P.Parthiban,IND,IND,NONE,M,37,10th Grade (SSLC),0,0,720000,,,,False,,False,
31386,KANGAYAM,102,ERODE,Palanisamy,IND,IND,NONE,M,46,Not Specified,0,0,51000,,,,False,,False,
31382,KANGAYAM,102,ERODE,R.Immanuvel,IND,IND,NONE,M,40,12th Grade (HSC / +2),0,0,385000,,,,False,,False,
31385,KANGAYAM,102,ERODE,T.Nataraj,IND,IND,NONE,M,73,5th Grade,0,0,,,,,False,,False,
31375,KANGAYAM,102,ERODE,Karmegan.M,NTK,NTK,NTK,M,68,Doctorate (Ph.D / MD),0,0,183600000,,,,False,,False,
31378,KANGAYAM,102,ERODE,P.Thirugnanasambantham,SFRBC,SFRBC,,M,50,Bachelor's Degree,0,0,7019000,,,,False,,False,
31379,KANGAYAM,102,ERODE,Mani Gounder,Tamilaga Vettri Kazhagam,TVK,TVK,M,72,Bachelor's Degree,0,0,34400000,,,,False,,False,
31393,PERUNDURAI,103,ERODE,Jayakumar. S,AIADMK,AIADMK,,M,46,Not Specified,0,0,245100000,,,,False,,False,
31390,PERUNDURAI,103,ERODE,Eswaran. P,BSP,BSP,OTHERS,M,43,Bachelor's Degree,0,0,1405000,,,,False,,False,
31392,PERUNDURAI,103,ERODE,Thoppu Venkatachalam (Alias) N.D.Venkatachalam,DMK,DMK,INDIA,M,62,Bachelor's Degree,0,0,,,,,False,,False,
31401,PERUNDURAI,103,ERODE,George Stephen. A,IND,IND,NONE,M,45,Diploma / ITI,0,0,110000,,,,False,,False,
31402,PERUNDURAI,103,ERODE,Jayaprakash. K,IND,IND,NONE,M,45,Not Specified,0,0,,,,,False,,False,
31399,PERUNDURAI,103,ERODE,Palanisamy. M,IND,IND,NONE,M,50,10th Grade (SSLC),0,0,2081000,,,,False,,False,
31397,PERUNDURAI,103,ERODE,Santhosh. S,IND,IND,NONE,M,29,Diploma / ITI,0,0,,,,,False,,False,
31398,PERUNDURAI,103,ERODE,Selvaraju. M,IND,IND,NONE,M,42,Bachelor's Degree,0,0,1088000,,,,False,,False,
31400,PERUNDURAI,103,ERODE,Venkatachalam. C,IND,IND,NONE,M,70,7th Grade,0,0,6732000,,,,False,,False,
31391,PERUNDURAI,103,ERODE,Ingur. C.Loganathan,NTK,NTK,NTK,M,49,Diploma / ITI,0,0,6948000,,,,False,,False,
31396,PERUNDURAI,103,ERODE,Valarmathi. P,SMNK,SMNK,,F,53,8th Grade,0,0,11259,,,,False,,False,
31395,PERUNDURAI,103,ERODE,Shanthosh Krishnan. S,TAVK,TAVK,OTHERS,M,42,Diploma / ITI,0,0,79000,,,,False,,False,
31394,PERUNDURAI,103,ERODE,Arunachalam. V.P,Tamilaga Vettri Kazhagam,TVK,TVK,M,73,12th Grade (HSC / +2),0,0,590100000,,,,False,,False,
31403,BHAVANI,104,ERODE,Karuppanan. K.C,AIADMK,AIADMK,,M,69,10th Grade (SSLC),0,0,122800000,,,,False,,False,
31405,BHAVANI,104,ERODE,Sekar. K,BSP,BSP,OTHERS,M,50,5th Grade,0,0,424000,,,,False,,False,
31404,BHAVANI,104,ERODE,Chandrasekar. K.A,DMK,DMK,INDIA,M,51,12th Grade (HSC / +2),0,0,36000000,,,,False,,False,
31411,BHAVANI,104,ERODE,Arumugam. P.V,IND,IND,NONE,M,51,10th Grade (SSLC),0,0,14100000,,,,False,,False,
31414,BHAVANI,104,ERODE,Boopathi Rajaraja Chozhan. M,IND,IND,NONE,M,40,6th Grade,0,0,551000,,,,False,,False,
31412,BHAVANI,104,ERODE,Kannan. M,IND,IND,NONE,M,40,Bachelor's Degree,0,0,15900000,,,,False,,False,
31413,BHAVANI,104,ERODE,Karthikeyan. P,IND,IND,NONE,M,46,Bachelor's Degree,0,0,376000,,,,False,,False,
31416,BHAVANI,104,ERODE,Manikkam. P,IND,IND,NONE,M,39,9th Grade,0,0,60000,,,,False,,False,
31415,BHAVANI,104,ERODE,Perumal. V.M,IND,IND,NONE,M,72,Not Specified,0,0,15000,,,,False,,False,
31410,BHAVANI,104,ERODE,Vimalraj. R,MML,MML,,M,32,Diploma / ITI,0,0,210000,,,,False,,False,
31406,BHAVANI,104,ERODE,Mohanadevi. R,NTK,NTK,NTK,F,25,Master's Degree,0,0,408000,,,,False,,False,
31407,BHAVANI,104,ERODE,Parasakthi. P,SMNK,SMNK,,M,62,8th Grade,0,0,324000,,,,False,,False,
31408,BHAVANI,104,ERODE,Palanisamy. P.K,TAVK,TAVK,OTHERS,M,51,10th Grade (SSLC),0,0,8940000,,,,False,,False,
31409,BHAVANI,104,ERODE,Balakrishnan,Tamilaga Vettri Kazhagam,TVK,TVK,M,70,Bachelor's Degree,0,0,102300000,,,,False,,False,
31420,ANTHIYUR,105,ERODE,Haribaskar.P,AIADMK,AIADMK,,M,39,Not Specified,0,0,19200000,,,,False,,False,
31423,ANTHIYUR,105,ERODE,Gobal.S.C.R,AJPK,AJPK,,M,69,6th Grade,0,0,1312000,,,,False,,False,
31418,ANTHIYUR,105,ERODE,Kavibharathi.K,BSP,BSP,OTHERS,M,35,6th Grade,0,0,830000,,,,False,,False,
31419,ANTHIYUR,105,ERODE,Sivabalan.M,DMK,DMK,INDIA,M,42,Bachelor's Degree,0,0,,,,,False,,False,
31428,ANTHIYUR,105,ERODE,Dhanabal.C,IND,IND,NONE,M,44,Master's Degree,0,0,230000,,,,False,,False,
31425,ANTHIYUR,105,ERODE,Karthi.M,IND,IND,NONE,M,33,10th Grade (SSLC),0,0,1225000,,,,False,,False,
31426,ANTHIYUR,105,ERODE,Sankarkumar.K.A,IND,IND,NONE,M,40,Master's Degree,0,0,400000,,,,False,,False,
31427,ANTHIYUR,105,ERODE,Selvi.A,IND,IND,NONE,F,48,9th Grade,0,0,630000,,,,False,,False,
31430,ANTHIYUR,105,ERODE,Sheik Davood.A.M,IND,IND,NONE,M,62,Bachelor's Degree,0,0,75000,,,,False,,False,
31429,ANTHIYUR,105,ERODE,Veeran.K,IND,IND,NONE,M,42,10th Grade (SSLC),0,0,17500,,,,False,,False,
31417,ANTHIYUR,105,ERODE,Aalangattur Anandhi,NTK,NTK,NTK,F,40,Master's Degree,0,0,1611000,,,,False,,False,
31421,ANTHIYUR,105,ERODE,Ramasamy.S,SMNK,SMNK,,M,39,Bachelor's Degree,0,0,11523,,,,False,,False,
31422,ANTHIYUR,105,ERODE,Easwaramurthi.K,TAVK,TAVK,OTHERS,M,50,Master's Degree,0,0,7821000,,,,False,,False,
31424,ANTHIYUR,105,ERODE,Vijay Venkatesh.M,Tamilaga Vettri Kazhagam,TVK,TVK,M,35,Bachelor's Degree,0,0,6810000,,,,False,,False,
31433,GOBICHETTIPALAYAM,106,TIRUPUR,Prabhu.V.B,AIADMK,AIADMK,,M,43,Diploma / ITI,0,0,107900000,,,,False,,False,
31434,GOBICHETTIPALAYAM,106,TIRUPUR,Ravikumar.R,BSP,BSP,OTHERS,M,42,6th Grade,0,0,324000,,,,False,,False,
31432,GOBICHETTIPALAYAM,106,TIRUPUR,Nallasivam.N,DMK,DMK,INDIA,M,58,Bachelor's Degree,0,0,8600000,,,,False,,False,
31438,GOBICHETTIPALAYAM,106,TIRUPUR,Anandhakumar.M,IND,IND,NONE,M,43,7th Grade,0,0,520000,,,,False,,False,
31446,GOBICHETTIPALAYAM,106,TIRUPUR,Bhuvaneshwari.A,IND,IND,NONE,F,30,9th Grade,0,0,25000,,,,False,,False,
31444,GOBICHETTIPALAYAM,106,TIRUPUR,Dhanapal.K,IND,IND,NONE,M,40,7th Grade,0,0,10100000,,,,False,,False,
31445,GOBICHETTIPALAYAM,106,TIRUPUR,Palanisamyraaj.M,IND,IND,NONE,M,72,Not Specified,0,0,2208000,,,,False,,False,
31447,GOBICHETTIPALAYAM,106,TIRUPUR,Ramesh.P,IND,IND,NONE,M,40,9th Grade,0,0,140000,,,,False,,False,
31439,GOBICHETTIPALAYAM,106,TIRUPUR,Sakthivel.G,IND,IND,NONE,M,51,10th Grade (SSLC),0,0,520000,,,,False,,False,
31441,GOBICHETTIPALAYAM,106,TIRUPUR,Seetha.R,IND,IND,NONE,F,46,10th Grade (SSLC),0,0,1625000,,,,False,,False,
31443,GOBICHETTIPALAYAM,106,TIRUPUR,Selvakumar.R,IND,IND,NONE,M,33,12th Grade (HSC / +2),0,0,65078,,,,False,,False,
31440,GOBICHETTIPALAYAM,106,TIRUPUR,Shanmugam.G,IND,IND,NONE,M,56,7th Grade,0,0,660000,,,,False,,False,
31442,GOBICHETTIPALAYAM,106,TIRUPUR,Sumathi.G,IND,IND,NONE,F,57,10th Grade (SSLC),0,0,1536000,,,,False,,False,
31448,GOBICHETTIPALAYAM,106,TIRUPUR,Venkatachalam,IND,IND,NONE,M,70,Not Specified,0,0,660000,,,,False,,False,
31431,GOBICHETTIPALAYAM,106,TIRUPUR,Seethalakshmi.M.K,NTK,NTK,NTK,F,51,Master's Degree,0,0,3153000,,,,False,,False,
31437,GOBICHETTIPALAYAM,106,TIRUPUR,Malarvizhi,SFRBC,SFRBC,,F,43,Master's Degree,0,0,1541000,,,,False,,False,
31436,GOBICHETTIPALAYAM,106,TIRUPUR,Thiruvengatesh.M,TAVK,TAVK,OTHERS,M,28,Not Specified,0,0,465000,,,,False,,False,
31435,GOBICHETTIPALAYAM,106,TIRUPUR,Sengottaiyan.K.A,Tamilaga Vettri Kazhagam,TVK,TVK,M,78,10th Grade (SSLC),0,0,3582000,,,,False,,False,
31451,BHAVANISAGAR,107,TIRUPUR,A.Bannari,AIADMK,AIADMK,,M,47,Bachelor's Degree,0,0,,,,,False,,False,
31454,BHAVANISAGAR,107,TIRUPUR,Rakki,AIPTMMK,AIPTMMK,,M,65,Not Specified,0,0,50000,,,,False,,False,
31452,BHAVANISAGAR,107,TIRUPUR,B.Palaniswamy,BSP,BSP,OTHERS,M,34,Master's Degree,0,0,206000,,,,False,,False,
31449,BHAVANISAGAR,107,TIRUPUR,P.L.Sundaram,CPI,CPI,INDIA,M,57,9th Grade,0,0,64120,,,,False,,False,
31455,BHAVANISAGAR,107,TIRUPUR,A.Amrish,IND,IND,NONE,M,31,Bachelor's Degree,0,0,,,,,False,,False,
31457,BHAVANISAGAR,107,TIRUPUR,C.Palanichamy,IND,IND,NONE,M,59,Bachelor's Degree,0,0,10000,,,,False,,False,
31460,BHAVANISAGAR,107,TIRUPUR,Dr.Hanumaiah.C,IND,IND,NONE,M,49,Doctorate (Ph.D / MD),0,0,843000,,,,False,,False,
31456,BHAVANISAGAR,107,TIRUPUR,Gopalan.M,IND,IND,NONE,M,60,Not Specified,0,0,1230000,,,,False,,False,
31459,BHAVANISAGAR,107,TIRUPUR,Ramakrishnan,IND,IND,NONE,M,35,10th Grade (SSLC),0,0,10000,,,,False,,False,
31458,BHAVANISAGAR,107,TIRUPUR,S.Palaniswamy,IND,IND,NONE,M,62,Not Specified,0,0,7685000,,,,False,,False,
31450,BHAVANISAGAR,107,TIRUPUR,S.Soundarya,NTK,NTK,NTK,F,26,12th Grade (HSC / +2),0,0,575000,,,,False,,False,
31453,BHAVANISAGAR,107,TIRUPUR,V.P.Tamilselvi,Tamilaga Vettri Kazhagam,TVK,TVK,F,59,Master's Degree,0,0,25200000,,,,False,,False,
31461,UDHAGAMANDALAM,108,TIRUPUR,Bhojarajan.M,BJP,BJP,NDA,M,79,Bachelor's Degree,0,0,,,,,False,,False,
31463,UDHAGAMANDALAM,108,TIRUPUR,Ramachandran.B,INC,INC,INDIA,M,59,Bachelor's Degree,0,0,8513000,,,,False,,False,
31466,UDHAGAMANDALAM,108,TIRUPUR,Manian.R,IND,IND,NONE,M,48,12th Grade (HSC / +2),0,0,2618000,,,,False,,False,
31462,UDHAGAMANDALAM,108,TIRUPUR,Ragupathy.B,NTK,NTK,NTK,M,48,Doctorate (Ph.D / MD),0,0,,,,,False,,False,
31465,UDHAGAMANDALAM,108,TIRUPUR,Saveetha.R,TAVK,TAVK,OTHERS,F,43,Diploma / ITI,0,0,4500000,,,,False,,False,
31464,UDHAGAMANDALAM,108,TIRUPUR,Ibrahim.R,Tamilaga Vettri Kazhagam,TVK,TVK,M,40,12th Grade (HSC / +2),0,0,,,,,False,,False,
31469,GUDALUR,109,TIRUPUR,Pon.Jayaseelan,AIADMK,AIADMK,,M,53,Bachelor's Degree,0,0,7643000,,,,False,,False,
31468,GUDALUR,109,TIRUPUR,Dhravidamani.M,DMK,DMK,INDIA,M,66,Master's Degree,0,0,5548000,,,,False,,False,
31472,GUDALUR,109,TIRUPUR,Thilagaraj.N,IND,IND,NONE,M,45,Not Specified,0,0,150000,,,,False,,False,
31467,GUDALUR,109,TIRUPUR,Karthik.R,NTK,NTK,NTK,M,31,Bachelor's Degree,0,0,784000,,,,False,,False,
31470,GUDALUR,109,TIRUPUR,Deepak Sai Kishore.A,Tamilaga Vettri Kazhagam,TVK,TVK,M,47,Bachelor's Degree,0,0,351000,,,,False,,False,
31471,GUDALUR,109,TIRUPUR,Raj.S.K,VTVTK,VTVTK,,M,58,8th Grade,0,0,1221000,,,,False,,False,
31474,COONOOR,110,TIRUPUR,A.Ramu,AIADMK,AIADMK,,M,62,Master's Degree,0,0,202700000,,,,False,,False,
31475,COONOOR,110,TIRUPUR,M.Raju,DMK,DMK,INDIA,M,60,12th Grade (HSC / +2),0,0,29100000,,,,False,,False,
31477,COONOOR,110,TIRUPUR,C.Dinesh Kumar,IND,IND,NONE,M,34,Bachelor's Degree,0,0,640000,,,,False,,False,
31478,COONOOR,110,TIRUPUR,D.Vidhyasagar,IND,IND,NONE,M,28,Bachelor's Degree,0,0,363000,,,,False,,False,
31473,COONOOR,110,TIRUPUR,K.Deenu,NTK,NTK,NTK,F,37,Bachelor's Degree,0,0,1010000,,,,False,,False,
31476,COONOOR,110,TIRUPUR,C.Thangaraju,Tamilaga Vettri Kazhagam,TVK,TVK,M,58,Bachelor's Degree,0,0,169900000,,,,False,,False,
31481,METTUPALAYAM,111,TIRUPUR,O.K.Chinnaraj,AIADMK,AIADMK,,M,72,12th Grade (HSC / +2),0,0,3943000,,,,False,,False,
31486,METTUPALAYAM,111,TIRUPUR,Dhamotharanv,AIPTMMK,AIPTMMK,,M,33,10th Grade (SSLC),0,0,5527,,,,False,,False,
31484,METTUPALAYAM,111,TIRUPUR,Sivarajr,APTADMK,APTADMK,,M,50,10th Grade (SSLC),0,0,1106000,,,,False,,False,
31479,METTUPALAYAM,111,TIRUPUR,Smt.Kavitha Kalyanasundaram,DMK,DMK,INDIA,F,47,Master's Degree,0,0,1204100000,,,,False,,False,
31492,METTUPALAYAM,111,TIRUPUR,A.Sathiyaleela,IND,IND,NONE,F,67,10th Grade (SSLC),0,0,10500000,,,,False,,False,
31497,METTUPALAYAM,111,TIRUPUR,C.Mahendran,IND,IND,NONE,M,65,10th Grade (SSLC),0,0,50000,,,,False,,False,
31496,METTUPALAYAM,111,TIRUPUR,M.Palanichami,IND,IND,NONE,M,57,5th Grade,0,0,50000,,,,False,,False,
31498,METTUPALAYAM,111,TIRUPUR,Manoharan,IND,IND,NONE,M,65,7th Grade,0,0,50000,,,,False,,False,
31493,METTUPALAYAM,111,TIRUPUR,N.Saravana Kumar,IND,IND,NONE,M,32,10th Grade (SSLC),0,0,42824,,,,False,,False,
31500,METTUPALAYAM,111,TIRUPUR,P.Ravichandran,IND,IND,NONE,M,41,12th Grade (HSC / +2),0,0,11032,,,,False,,False,
31494,METTUPALAYAM,111,TIRUPUR,R.Chinnaraj,IND,IND,NONE,M,60,10th Grade (SSLC),0,0,355000,,,,False,,False,
31499,METTUPALAYAM,111,TIRUPUR,Rangasamyp,IND,IND,NONE,M,83,3rd Grade,0,0,50000,,,,False,,False,
31490,METTUPALAYAM,111,TIRUPUR,S.Kavitha,IND,IND,NONE,F,46,10th Grade (SSLC),0,0,4250000,,,,False,,False,
31488,METTUPALAYAM,111,TIRUPUR,T.Amirthalingam,IND,IND,NONE,M,67,10th Grade (SSLC),0,0,50000,,,,False,,False,
31491,METTUPALAYAM,111,TIRUPUR,T.R.Shanmugasundaram,IND,IND,NONE,M,65,6th Grade,0,0,39500000,,,,False,,False,
31489,METTUPALAYAM,111,TIRUPUR,V.Anandkumar,IND,IND,NONE,M,32,Bachelor's Degree,0,0,50000,,,,False,,False,
31495,METTUPALAYAM,111,TIRUPUR,V.Senthil Kumar,IND,IND,NONE,M,51,Diploma / ITI,0,0,1125000,,,,False,,False,
31483,METTUPALAYAM,111,TIRUPUR,R.Sangeetha,NMK,NMK,OTHERS,F,44,10th Grade (SSLC),0,0,300000,,,,False,,False,
31480,METTUPALAYAM,111,TIRUPUR,S.Gopalakrishnan,NTK,NTK,NTK,M,42,Diploma / ITI,0,0,25900000,,,,False,,False,
31487,METTUPALAYAM,111,TIRUPUR,C.Nagaraj,SFRBC,SFRBC,,M,62,10th Grade (SSLC),0,0,6752000,,,,False,,False,
31485,METTUPALAYAM,111,TIRUPUR,Sunilanand,Tamilaga Vettri Kazhagam,TVK,TVK,M,53,Not Specified,0,0,53500000,,,,False,,False,
31482,METTUPALAYAM,111,TIRUPUR,S.Abdul Rahiman,VTVTK,VTVTK,,M,64,Diploma / ITI,0,0,30000,,,,False,,False,
31503,AVANASHI,112,TIRUPUR,Dr. L.Murugan,BJP,BJP,NDA,M,48,Bachelor's Degree,0,0,7585000,,,,False,,False,
31502,AVANASHI,112,TIRUPUR,Govindan.P,BSP,BSP,OTHERS,M,65,10th Grade (SSLC),0,0,1028000,,,,False,,False,
31501,AVANASHI,112,TIRUPUR,Dr. Gokilamani.V,DMK,DMK,INDIA,F,28,Bachelor's Degree,0,0,3278000,,,,False,,False,
31505,AVANASHI,112,TIRUPUR,Arumugam.R,GPI,GPI,OTHERS,M,62,Not Specified,0,0,531000,,,,False,,False,
31509,AVANASHI,112,TIRUPUR,Anandhi.S,IND,IND,NONE,F,46,Not Specified,0,0,2731000,,,,False,,False,
31508,AVANASHI,112,TIRUPUR,Arumugam. P,IND,IND,NONE,M,50,Not Specified,0,0,,,,,False,,False,
31513,AVANASHI,112,TIRUPUR,Dhanabal.R,IND,IND,NONE,M,45,10th Grade (SSLC),0,0,107000,,,,False,,False,
31510,AVANASHI,112,TIRUPUR,Gokilamani. M,IND,IND,NONE,F,49,7th Grade,0,0,107000,,,,False,,False,
31514,AVANASHI,112,TIRUPUR,Moorthi.R,IND,IND,NONE,M,32,6th Grade,0,0,11000,,,,False,,False,
31511,AVANASHI,112,TIRUPUR,Sathiyarasu. R,IND,IND,NONE,M,38,7th Grade,0,0,134000,,,,False,,False,
31512,AVANASHI,112,TIRUPUR,Subramani.C.K,IND,IND,NONE,M,59,Not Specified,0,0,68622,,,,False,,False,
31504,AVANASHI,112,TIRUPUR,Menaka. V,NTK,NTK,NTK,F,28,Bachelor's Degree,0,0,488000,,,,False,,False,
31507,AVANASHI,112,TIRUPUR,Chinnasamy.V,TAVK,TAVK,OTHERS,M,45,8th Grade,0,0,2540000,,,,False,,False,
31506,AVANASHI,112,TIRUPUR,Kamali.S,Tamilaga Vettri Kazhagam,TVK,TVK,F,28,Master's Degree,0,0,2614000,,,,False,,False,
31516,TIRUPPUR (NORTH),113,TIRUPUR,M.S.M.Anandan,AIADMK,AIADMK,,M,64,10th Grade (SSLC),0,0,2135000,,,,False,,False,
31519,TIRUPPUR (NORTH),113,TIRUPUR,T.Krishnaswamy,APTADMK,APTADMK,,M,65,Not Specified,0,0,1158000,,,,False,,False,
31518,TIRUPPUR (NORTH),113,TIRUPUR,L.James Reynold,BSP,BSP,OTHERS,M,47,9th Grade,0,0,182000,,,,False,,False,
31517,TIRUPPUR (NORTH),113,TIRUPUR,M.Ravi Alias M.Subramanian,CPI,CPI,INDIA,M,70,10th Grade (SSLC),0,0,29900000,,,,False,,False,
31525,TIRUPPUR (NORTH),113,TIRUPUR,G.Balakrishnan,IND,IND,NONE,M,43,9th Grade,0,0,3516000,,,,False,,False,
31524,TIRUPPUR (NORTH),113,TIRUPUR,Ganishkar,IND,IND,NONE,M,28,Bachelor's Degree,0,0,64564,,,,False,,False,
31523,TIRUPPUR (NORTH),113,TIRUPUR,K.Anand,IND,IND,NONE,M,45,Not Specified,0,0,15000,,,,False,,False,
31529,TIRUPPUR (NORTH),113,TIRUPUR,K.Venkadaswamy,IND,IND,NONE,M,68,10th Grade (SSLC),0,0,7439000,,,,False,,False,
31526,TIRUPPUR (NORTH),113,TIRUPUR,M.Rangasamy,IND,IND,NONE,M,55,8th Grade,0,0,760000,,,,False,,False,
31527,TIRUPPUR (NORTH),113,TIRUPUR,P.Ravi,IND,IND,NONE,M,55,7th Grade,0,0,1293000,,,,False,,False,
31528,TIRUPPUR (NORTH),113,TIRUPUR,R.Vishnumoorthy,IND,IND,NONE,M,46,7th Grade,0,0,26700,,,,False,,False,
31522,TIRUPPUR (NORTH),113,TIRUPUR,S.Anandhakumar,IND,IND,NONE,M,44,12th Grade (HSC / +2),0,0,,,,,False,,False,
31515,TIRUPPUR (NORTH),113,TIRUPUR,R.Abinaya,NTK,NTK,NTK,F,29,Bachelor's Degree,0,0,7098000,,,,False,,False,
31521,TIRUPPUR (NORTH),113,TIRUPUR,Py.Dhatchinamurthy,TAVK,TAVK,OTHERS,M,72,10th Grade (SSLC),0,0,130000,,,,False,,False,
31520,TIRUPPUR (NORTH),113,TIRUPUR,V.Sathyabama,Tamilaga Vettri Kazhagam,TVK,TVK,F,54,Master's Degree,0,0,5294000,,,,False,,False,
31534,TIRUPPUR (SOUTH),114,NILGIRIS,Kalimuthu. K,AIFB,AIFB,OTHERS,M,42,9th Grade,0,0,27700000,,,,False,,False,
31538,TIRUPPUR (SOUTH),114,NILGIRIS,Vijayakumar. M,APTADMK,APTADMK,,M,50,12th Grade (HSC / +2),0,0,592000,,,,False,,False,
31530,TIRUPPUR (SOUTH),114,NILGIRIS,Thangaraj. S,BJP,BJP,NDA,M,47,9th Grade,0,0,,,,,False,,False,
31533,TIRUPPUR (SOUTH),114,NILGIRIS,Rangasamy. S,BSP,BSP,OTHERS,M,41,8th Grade,0,0,166000,,,,False,,False,
31532,TIRUPPUR (SOUTH),114,NILGIRIS,Dineshkumar. N,DMK,DMK,INDIA,M,47,Not Specified,0,0,38400000,,,,False,,False,
31537,TIRUPPUR (SOUTH),114,NILGIRIS,Mohamed Mubarak Ali,GPI,GPI,OTHERS,M,42,10th Grade (SSLC),0,0,108000,,,,False,,False,
31536,TIRUPPUR (SOUTH),114,NILGIRIS,Malarvizhi. G,IDMK,IDMK,,F,52,Diploma / ITI,0,0,1054000,,,,False,,False,
31540,TIRUPPUR (SOUTH),114,NILGIRIS,Amuthavel. P,IND,IND,NONE,M,44,Bachelor's Degree,0,0,4851000,,,,False,,False,
31544,TIRUPPUR (SOUTH),114,NILGIRIS,Dhanabal. D,IND,IND,NONE,M,47,Bachelor's Degree,0,0,20500000,,,,False,,False,
31546,TIRUPPUR (SOUTH),114,NILGIRIS,Dineshkumar,IND,IND,NONE,M,28,Bachelor's Degree,0,0,4326,,,,False,,False,
31545,TIRUPPUR (SOUTH),114,NILGIRIS,Dineshkumar,IND,IND,NONE,M,34,12th Grade (HSC / +2),0,0,22693,,,,False,,False,
31547,TIRUPPUR (SOUTH),114,NILGIRIS,Dineshkumar. V,IND,IND,NONE,M,33,10th Grade (SSLC),0,0,148,,,,False,,False,
31541,TIRUPPUR (SOUTH),114,NILGIRIS,Dr. Ramakrishnan. S,IND,IND,NONE,M,43,Doctorate (Ph.D / MD),0,0,966000,,,,False,,False,
31542,TIRUPPUR (SOUTH),114,NILGIRIS,Karthikadevi. K,IND,IND,NONE,F,31,7th Grade,0,0,105000,,,,False,,False,
31543,TIRUPPUR (SOUTH),114,NILGIRIS,Kesavamurthi. N,IND,IND,NONE,M,43,10th Grade (SSLC),0,0,10400000,,,,False,,False,
31548,TIRUPPUR (SOUTH),114,NILGIRIS,Mahalingam. V,IND,IND,NONE,M,59,Not Specified,0,0,216000,,,,False,,False,
31550,TIRUPPUR (SOUTH),114,NILGIRIS,Ramesh. S,IND,IND,NONE,M,48,10th Grade (SSLC),0,0,1137000,,,,False,,False,
31549,TIRUPPUR (SOUTH),114,NILGIRIS,Rathinavel. M,IND,IND,NONE,M,51,12th Grade (HSC / +2),0,0,1761000,,,,False,,False,
31551,TIRUPPUR (SOUTH),114,NILGIRIS,Vasanthamani. K,IND,IND,NONE,F,56,Not Specified,0,0,852000,,,,False,,False,
31552,TIRUPPUR (SOUTH),114,NILGIRIS,Venkadasamy. K,IND,IND,NONE,M,68,10th Grade (SSLC),0,0,1739000,,,,False,,False,
31553,TIRUPPUR (SOUTH),114,NILGIRIS,Venkatachalam. G,IND,IND,NONE,M,63,10th Grade (SSLC),0,0,760000,,,,False,,False,
31531,TIRUPPUR (SOUTH),114,NILGIRIS,Dinesh. P.N,NTK,NTK,NTK,M,38,Master's Degree,0,0,1586000,,,,False,,False,
31539,TIRUPPUR (SOUTH),114,NILGIRIS,John Basha. A,TAVK,TAVK,OTHERS,M,40,12th Grade (HSC / +2),0,0,1550000,,,,False,,False,
31535,TIRUPPUR (SOUTH),114,NILGIRIS,Balamurugan. S,Tamilaga Vettri Kazhagam,TVK,TVK,M,49,12th Grade (HSC / +2),0,0,23400000,,,,False,,False,
31556,PALLADAM,115,NILGIRIS,K.P.Paramasivam,AIADMK,AIADMK,,M,70,9th Grade,0,0,164100000,,,,False,,False,
31558,PALLADAM,115,NILGIRIS,K.Sakthivel,APTADMK,APTADMK,,M,46,10th Grade (SSLC),0,0,1106000,,,,False,,False,
31557,PALLADAM,115,NILGIRIS,K.Rathinasamy,BSP,BSP,OTHERS,M,48,5th Grade,0,0,467000,,,,False,,False,
31554,PALLADAM,115,NILGIRIS,K.Selvaraj,DMK,DMK,INDIA,M,70,5th Grade,0,0,13700000,,,,False,,False,
31561,PALLADAM,115,NILGIRIS,A.Annadurai,IND,IND,NONE,M,53,10th Grade (SSLC),0,0,308,,,,False,,False,
31568,PALLADAM,115,NILGIRIS,A.Ramesh,IND,IND,NONE,M,43,12th Grade (HSC / +2),0,0,172000,,,,False,,False,
31564,PALLADAM,115,NILGIRIS,A.Saravanan,IND,IND,NONE,M,52,Not Specified,0,0,335000,,,,False,,False,
31562,PALLADAM,115,NILGIRIS,Annadurai.R,IND,IND,NONE,M,53,Not Specified,0,0,525,,,,False,,False,
31565,PALLADAM,115,NILGIRIS,G.Selvaraj,IND,IND,NONE,M,65,7th Grade,0,0,178,,,,False,,False,
31566,PALLADAM,115,NILGIRIS,M.Selvaraj,IND,IND,NONE,M,51,6th Grade,0,0,28020,,,,False,,False,
31563,PALLADAM,115,NILGIRIS,S.Arumugam,IND,IND,NONE,M,42,Bachelor's Degree,0,0,335000,,,,False,,False,
31567,PALLADAM,115,NILGIRIS,V.Mohanraj,IND,IND,NONE,M,27,Diploma / ITI,0,0,831000,,,,False,,False,
31555,PALLADAM,115,NILGIRIS,K.V.Thamiliniyan,NTK,NTK,NTK,M,28,Bachelor's Degree,0,0,2670000,,,,False,,False,
31559,PALLADAM,115,NILGIRIS,S.Dharmaraj,TAMNK,TAMNK,,M,69,8th Grade,0,0,500,,,,False,,False,
31560,PALLADAM,115,NILGIRIS,K.Ramkumar,Tamilaga Vettri Kazhagam,TVK,TVK,M,37,9th Grade,0,0,1235000,,,,False,,False,
31569,SULUR,116,NILGIRIS,V.P.Kandasamy,AIADMK,AIADMK,,M,66,Bachelor's Degree,0,0,18900000,,,,False,,False,
31578,SULUR,116,NILGIRIS,Pappa Muthulakshmi.P,AIPTMMK,AIPTMMK,,F,45,Master's Degree,0,0,8602000,,,,False,,False,
31572,SULUR,116,NILGIRIS,Kanthasamy.K,APTADMK,APTADMK,,M,46,10th Grade (SSLC),0,0,225000,,,,False,,False,
31570,SULUR,116,NILGIRIS,Thalapathy Murugesan,DMK,DMK,INDIA,M,64,10th Grade (SSLC),0,0,10900000,,,,False,,False,
31575,SULUR,116,NILGIRIS,Nagaraj.K,GPI,GPI,OTHERS,M,62,Not Specified,0,0,679000,,,,False,,False,
31579,SULUR,116,NILGIRIS,Kandasamy.A,IND,IND,NONE,M,55,10th Grade (SSLC),0,0,798,,,,False,,False,
31580,SULUR,116,NILGIRIS,Kandasamy.R,IND,IND,NONE,M,53,Diploma / ITI,0,0,403,,,,False,,False,
31581,SULUR,116,NILGIRIS,Kandasamy.V,IND,IND,NONE,M,58,12th Grade (HSC / +2),0,0,8740,,,,False,,False,
31582,SULUR,116,NILGIRIS,Murugesan.N,IND,IND,NONE,M,42,8th Grade,0,0,151000,,,,False,,False,
31583,SULUR,116,NILGIRIS,Murugesh.R,IND,IND,NONE,M,51,5th Grade,0,0,90000,,,,False,,False,
31571,SULUR,116,NILGIRIS,Dr.S.Rajasekaran,NTK,NTK,NTK,M,53,Doctorate (Ph.D / MD),0,0,76800000,,,,False,,False,
31577,SULUR,116,NILGIRIS,Palanisamy.M,SFRBC,SFRBC,,M,68,Master's Degree,0,0,10300000,,,,False,,False,
31576,SULUR,116,NILGIRIS,Nelson.W,TAMNK,TAMNK,,M,62,6th Grade,0,0,,,,,False,,False,
31574,SULUR,116,NILGIRIS,Suman Singh.R,TAVK,TAVK,OTHERS,M,29,Bachelor's Degree,0,0,10400000,,,,False,,False,
31573,SULUR,116,NILGIRIS,Nm.Sukumar,Tamilaga Vettri Kazhagam,TVK,TVK,M,56,Diploma / ITI,0,0,17000000,,,,False,,False,
31584,KAVUNDAMPALAYAM,117,COIMBATORE,Arunkumar Prg,AIADMK,AIADMK,,M,64,10th Grade (SSLC),0,0,,,,,False,,False,
31592,KAVUNDAMPALAYAM,117,COIMBATORE,Malliga.M,AIPTMMK,AIPTMMK,,F,44,Master's Degree,0,0,556000,,,,False,,False,
31587,KAVUNDAMPALAYAM,117,COIMBATORE,K.Velmurugan,BSP,BSP,OTHERS,M,62,Master's Degree,0,0,11000000,,,,False,,False,
31586,KAVUNDAMPALAYAM,117,COIMBATORE,Surya Prakash K.P,INC,INC,INDIA,M,29,Bachelor's Degree,0,0,827000,,,,False,,False,
31595,KAVUNDAMPALAYAM,117,COIMBATORE,A.Balamurugan,IND,IND,NONE,M,40,Primary (Up to 4th),0,0,10700000,,,,False,,False,
31593,KAVUNDAMPALAYAM,117,COIMBATORE,Kanimozhi.K,IND,IND,NONE,F,37,10th Grade (SSLC),0,0,802000,,,,False,,False,
31597,KAVUNDAMPALAYAM,117,COIMBATORE,M.John Bosco,IND,IND,NONE,M,54,Bachelor's Degree,0,0,,,,,False,,False,
31596,KAVUNDAMPALAYAM,117,COIMBATORE,M.Rajalingam,IND,IND,NONE,M,43,Master's Degree,0,0,397000,,,,False,,False,
31594,KAVUNDAMPALAYAM,117,COIMBATORE,Suriyakumar.K,IND,IND,NONE,M,37,Master's Degree,0,0,3981000,,,,False,,False,
31585,KAVUNDAMPALAYAM,117,COIMBATORE,Kalamani Jaganathan,NTK,NTK,NTK,F,38,Bachelor's Degree,0,0,28000000,,,,False,,False,
31590,KAVUNDAMPALAYAM,117,COIMBATORE,S.Thamarai Kannan,SFRBC,SFRBC,,M,42,Bachelor's Degree,0,0,1512000,,,,False,,False,
31588,KAVUNDAMPALAYAM,117,COIMBATORE,Thozhar.N.Arunkumar,TAVK,TAVK,OTHERS,M,40,Diploma / ITI,0,0,4533000,,,,False,,False,
31591,KAVUNDAMPALAYAM,117,COIMBATORE,V.Pushpanantham,TMMK,TMMK,OTHERS,M,57,Bachelor's Degree,0,0,52000,,,,False,,False,
31589,KAVUNDAMPALAYAM,117,COIMBATORE,Kanimozhi Santhosh,Tamilaga Vettri Kazhagam,TVK,TVK,F,37,Bachelor's Degree,0,0,160300000,,,,False,,False,
31606,COIMBATORE NORTH,118,COIMBATORE,K.Raghul Gandhi,AIPTMMK,AIPTMMK,,M,37,10th Grade (SSLC),0,0,205000,,,,False,,False,
31601,COIMBATORE NORTH,118,COIMBATORE,Vanathi Srinivasan,BJP,BJP,NDA,F,55,Master's Degree,0,0,,,,,False,,False,
31598,COIMBATORE NORTH,118,COIMBATORE,P.Krishnasamy,BSP,BSP,OTHERS,M,59,6th Grade,0,0,1990000,,,,False,,False,
31599,COIMBATORE NORTH,118,COIMBATORE,Durai. Senthamil Selvan B.E,DMK,DMK,INDIA,M,38,Bachelor's Degree,0,0,5521000,,,,False,,False,
31615,COIMBATORE NORTH,118,COIMBATORE,A.K.Senthamizh Selvan,IND,IND,NONE,M,42,Master's Degree,0,0,3831000,,,,False,,False,
31621,COIMBATORE NORTH,118,COIMBATORE,A.Marimuthu,IND,IND,NONE,M,45,8th Grade,0,0,9426,,,,False,,False,
31622,COIMBATORE NORTH,118,COIMBATORE,A.Ramesh,IND,IND,NONE,M,48,Bachelor's Degree,0,0,75017,,,,False,,False,
31619,COIMBATORE NORTH,118,COIMBATORE,Balu. P.M,IND,IND,NONE,M,41,Master's Degree,0,0,325000,,,,False,,False,
31608,COIMBATORE NORTH,118,COIMBATORE,G.D.Krishnakumar,IND,IND,NONE,M,49,8th Grade,0,0,7863000,,,,False,,False,
31624,COIMBATORE NORTH,118,COIMBATORE,G.Rajkumar,IND,IND,NONE,M,63,12th Grade (HSC / +2),0,0,4024,,,,False,,False,
31611,COIMBATORE NORTH,118,COIMBATORE,K.Sampath Kumar,IND,IND,NONE,M,53,10th Grade (SSLC),0,0,2139,,,,False,,False,
31614,COIMBATORE NORTH,118,COIMBATORE,P.Saravanan,IND,IND,NONE,M,40,Not Specified,0,0,1559000,,,,False,,False,
31618,COIMBATORE NORTH,118,COIMBATORE,Palanikumar. V,IND,IND,NONE,M,40,Diploma / ITI,0,0,1796000,,,,False,,False,
31620,COIMBATORE NORTH,118,COIMBATORE,R.Manian,IND,IND,NONE,M,51,8th Grade,0,0,7426,,,,False,,False,
31613,COIMBATORE NORTH,118,COIMBATORE,R.Sampath Kumar,IND,IND,NONE,M,40,10th Grade (SSLC),0,0,715,,,,False,,False,
31610,COIMBATORE NORTH,118,COIMBATORE,R.Sathish Kumar,IND,IND,NONE,M,47,10th Grade (SSLC),0,0,428000,,,,False,,False,
31616,COIMBATORE NORTH,118,COIMBATORE,R.Sethuragunathan,IND,IND,NONE,M,53,12th Grade (HSC / +2),0,0,43000,,,,False,,False,
31623,COIMBATORE NORTH,118,COIMBATORE,Ravi. V,IND,IND,NONE,M,63,10th Grade (SSLC),0,0,61000,,,,False,,False,
31617,COIMBATORE NORTH,118,COIMBATORE,S.Dhana Raj,IND,IND,NONE,M,43,Bachelor's Degree,0,0,650000,,,,False,,False,
31612,COIMBATORE NORTH,118,COIMBATORE,S.Sampathkumar,IND,IND,NONE,M,57,8th Grade,0,0,5945000,,,,False,,False,
31609,COIMBATORE NORTH,118,COIMBATORE,V.Krishnan,IND,IND,NONE,M,55,8th Grade,0,0,20100000,,,,False,,False,
31625,COIMBATORE NORTH,118,COIMBATORE,V.Lingaraja,IND,IND,NONE,M,39,Bachelor's Degree,0,0,331000,,,,False,,False,
31600,COIMBATORE NORTH,118,COIMBATORE,Narmadha. G,NTK,NTK,NTK,F,44,Master's Degree,0,0,7092000,,,,False,,False,
31604,COIMBATORE NORTH,118,COIMBATORE,S.Senthilkumar,SMNK,SMNK,,M,49,12th Grade (HSC / +2),0,0,44000,,,,False,,False,
31607,COIMBATORE NORTH,118,COIMBATORE,Rajasekaran. B,TAVK,TAVK,OTHERS,M,47,10th Grade (SSLC),0,0,87000,,,,False,,False,
31605,COIMBATORE NORTH,118,COIMBATORE,S.Meenakshi Sundaram,TMMK,TMMK,OTHERS,M,39,Bachelor's Degree,0,0,52800,,,,False,,False,
31602,COIMBATORE NORTH,118,COIMBATORE,K.Udhayakumar,TPMK,TPMK,,M,56,9th Grade,0,0,122000,,,,False,,False,
31603,COIMBATORE NORTH,118,COIMBATORE,V.Sampathkumar,Tamilaga Vettri Kazhagam,TVK,TVK,M,47,Master's Degree,0,0,10900000,,,,False,,False,
31628,THONDAMUTHUR,119,COIMBATORE,S.P.Velumani,AIADMK,AIADMK,,M,56,Not Specified,0,0,69500000,,,,False,,False,
31626,THONDAMUTHUR,119,COIMBATORE,N.R.Karthikeyan,DMK,DMK,INDIA,M,57,Bachelor's Degree,0,0,3327000,,,,False,,False,
31631,THONDAMUTHUR,119,COIMBATORE,Arulkumar.P,IND,IND,NONE,M,33,Bachelor's Degree,0,0,1390000,,,,False,,False,
31642,THONDAMUTHUR,119,COIMBATORE,Balamani.V,IND,IND,NONE,F,40,5th Grade,0,0,22000,,,,False,,False,
31639,THONDAMUTHUR,119,COIMBATORE,Deepa.G.S,IND,IND,NONE,F,48,12th Grade (HSC / +2),0,0,514000,,,,False,,False,
31640,THONDAMUTHUR,119,COIMBATORE,Devadass.K,IND,IND,NONE,M,58,Not Specified,0,0,163000,,,,False,,False,
31632,THONDAMUTHUR,119,COIMBATORE,Kalaivani.S,IND,IND,NONE,F,33,Diploma / ITI,0,0,2725000,,,,False,,False,
31633,THONDAMUTHUR,119,COIMBATORE,Karthikeyan.M,IND,IND,NONE,M,30,Bachelor's Degree,0,0,14500,,,,False,,False,
31634,THONDAMUTHUR,119,COIMBATORE,Karthikeyan.R,IND,IND,NONE,M,49,12th Grade (HSC / +2),0,0,2346,,,,False,,False,
31636,THONDAMUTHUR,119,COIMBATORE,Karthikeyan.R-Pooluvapatti,IND,IND,NONE,M,48,5th Grade,0,0,1449000,,,,False,,False,
31635,THONDAMUTHUR,119,COIMBATORE,Karthikeyan.R-Thondamuthur,IND,IND,NONE,M,44,6th Grade,0,0,304000,,,,False,,False,
31637,THONDAMUTHUR,119,COIMBATORE,Kowsalya.V,IND,IND,NONE,F,27,12th Grade (HSC / +2),0,0,15000,,,,False,,False,
31643,THONDAMUTHUR,119,COIMBATORE,Manokaran.K,IND,IND,NONE,M,49,5th Grade,0,0,15500,,,,False,,False,
31641,THONDAMUTHUR,119,COIMBATORE,Nirmalkumar.R,IND,IND,NONE,M,28,10th Grade (SSLC),0,0,134000,,,,False,,False,
31644,THONDAMUTHUR,119,COIMBATORE,Rafeeq.A.M,IND,IND,NONE,M,56,10th Grade (SSLC),0,0,25600,,,,False,,False,
31638,THONDAMUTHUR,119,COIMBATORE,Sivaraman.C,IND,IND,NONE,M,43,Bachelor's Degree,0,0,,,,,False,,False,
31645,THONDAMUTHUR,119,COIMBATORE,Vijaya.K,IND,IND,NONE,F,39,Not Specified,0,0,,,,,False,,False,
31646,THONDAMUTHUR,119,COIMBATORE,Viswanathan.M,IND,IND,NONE,M,42,7th Grade,0,0,30001,,,,False,,False,
31627,THONDAMUTHUR,119,COIMBATORE,Rajabu Nisha.Z,NTK,NTK,NTK,F,25,12th Grade (HSC / +2),0,0,7914000,,,,False,,False,
31630,THONDAMUTHUR,119,COIMBATORE,Shajahan.S,TAVK,TAVK,OTHERS,M,47,Bachelor's Degree,0,0,1176000,,,,False,,False,
31629,THONDAMUTHUR,119,COIMBATORE,Sathish Raju (Alias) K.P.R.Sathish,Tamilaga Vettri Kazhagam,TVK,TVK,M,44,Master's Degree,0,0,,,,,False,,False,
31647,COIMBATORE SOUTH,120,COIMBATORE,Amman K.Arjunan,AIADMK,AIADMK,,M,68,10th Grade (SSLC),0,0,85100000,,,,False,,False,
31648,COIMBATORE SOUTH,120,COIMBATORE,V Senthilbalaji,DMK,DMK,INDIA,M,50,Bachelor's Degree,0,0,24700000,,,,False,,False,
31667,COIMBATORE SOUTH,120,COIMBATORE,B.Yuvaraj,IND,IND,NONE,M,28,Bachelor's Degree,0,0,1258000,,,,False,,False,
31672,COIMBATORE SOUTH,120,COIMBATORE,D.Vigneshwaran,IND,IND,NONE,M,34,Bachelor's Degree,0,0,1653000,,,,False,,False,
31657,COIMBATORE SOUTH,120,COIMBATORE,Gopalakrishnan,IND,IND,NONE,M,46,Bachelor's Degree,0,0,1312000,,,,False,,False,
31655,COIMBATORE SOUTH,120,COIMBATORE,Imthiyas,IND,IND,NONE,M,36,10th Grade (SSLC),0,0,195000,,,,False,,False,
31664,COIMBATORE SOUTH,120,COIMBATORE,J.Praveenkumar,IND,IND,NONE,M,28,Bachelor's Degree,0,0,578000000,,,,False,,False,
31659,COIMBATORE SOUTH,120,COIMBATORE,J.Suriyakumar,IND,IND,NONE,M,31,Master's Degree,0,0,1420000,,,,False,,False,
31662,COIMBATORE SOUTH,120,COIMBATORE,K.Dinesh Kumar,IND,IND,NONE,M,28,Bachelor's Degree,0,0,578000000,,,,False,,False,
31671,COIMBATORE SOUTH,120,COIMBATORE,K.Rajapandian,IND,IND,NONE,M,30,Bachelor's Degree,0,0,680000,,,,False,,False,
31670,COIMBATORE SOUTH,120,COIMBATORE,K.S.Rajagopal,IND,IND,NONE,M,38,Bachelor's Degree,0,0,1065000,,,,False,,False,
31673,COIMBATORE SOUTH,120,COIMBATORE,K.Vijayan,IND,IND,NONE,M,40,10th Grade (SSLC),0,0,2331000,,,,False,,False,
31677,COIMBATORE SOUTH,120,COIMBATORE,L.Hakkim,IND,IND,NONE,M,26,10th Grade (SSLC),0,0,999000,,,,False,,False,
31676,COIMBATORE SOUTH,120,COIMBATORE,M.John Bosco,IND,IND,NONE,M,54,Bachelor's Degree,0,0,21300000,,,,False,,False,
31669,COIMBATORE SOUTH,120,COIMBATORE,M.Ravichandran,IND,IND,NONE,M,57,Bachelor's Degree,0,0,41000,,,,False,,False,
31660,COIMBATORE SOUTH,120,COIMBATORE,M.Senthilkumar,IND,IND,NONE,M,55,10th Grade (SSLC),0,0,239,,,,False,,False,
31654,COIMBATORE SOUTH,120,COIMBATORE,N.Abilazan,IND,IND,NONE,M,37,Bachelor's Degree,0,0,708000,,,,False,,False,
31656,COIMBATORE SOUTH,120,COIMBATORE,P.Kathiravan,IND,IND,NONE,M,32,Bachelor's Degree,0,0,313000,,,,False,,False,
31666,COIMBATORE SOUTH,120,COIMBATORE,P.Manoj,IND,IND,NONE,M,32,10th Grade (SSLC),0,0,1830000,,,,False,,False,
31663,COIMBATORE SOUTH,120,COIMBATORE,P.Palanivel,IND,IND,NONE,M,45,Bachelor's Degree,0,0,612000,,,,False,,False,
31658,COIMBATORE SOUTH,120,COIMBATORE,P.Sangararaj,IND,IND,NONE,M,44,10th Grade (SSLC),0,0,,,,,False,,False,
31668,COIMBATORE SOUTH,120,COIMBATORE,S.Rangaraj,IND,IND,NONE,M,64,Bachelor's Degree,0,0,6269000,,,,False,,False,
31665,COIMBATORE SOUTH,120,COIMBATORE,T.Magizhan,IND,IND,NONE,M,29,Bachelor's Degree,0,0,1008000,,,,False,,False,
31661,COIMBATORE SOUTH,120,COIMBATORE,V.Senthilkumar,IND,IND,NONE,M,42,Bachelor's Degree,0,0,147,,,,False,,False,
31675,COIMBATORE SOUTH,120,COIMBATORE,V.Velmurugan,IND,IND,NONE,M,45,5th Grade,0,0,10000,,,,False,,False,
31674,COIMBATORE SOUTH,120,COIMBATORE,Venkatachalam Paramasivam,IND,IND,NONE,M,46,Bachelor's Degree,0,0,227000,,,,False,,False,
31652,COIMBATORE SOUTH,120,COIMBATORE,B.Dhandapani,NGPP,NGPP,,M,53,6th Grade,0,0,5025000,,,,False,,False,
31649,COIMBATORE SOUTH,120,COIMBATORE,Perarivalan. V,NTK,NTK,NTK,M,25,10th Grade (SSLC),0,0,58134,,,,False,,False,
31650,COIMBATORE SOUTH,120,COIMBATORE,Gokula Krishnan.S,TAVK,TAVK,OTHERS,M,26,Bachelor's Degree,0,0,44700000,,,,False,,False,
31653,COIMBATORE SOUTH,120,COIMBATORE,G.Maheshwaran,TMMK,TMMK,OTHERS,M,41,Master's Degree,0,0,12000,,,,False,,False,
31651,COIMBATORE SOUTH,120,COIMBATORE,V.Senthilkumar,Tamilaga Vettri Kazhagam,TVK,TVK,M,47,9th Grade,0,0,144000,,,,False,,False,
31680,SINGANALLUR,121,COIMBATORE,K.R.Jayaram,AIADMK,AIADMK,,M,53,10th Grade (SSLC),0,0,878600000,,,,False,,False,
31682,SINGANALLUR,121,COIMBATORE,N.R.Appathurai,AIPTMMK,AIPTMMK,,M,75,Bachelor's Degree,0,0,51200000,,,,False,,False,
31678,SINGANALLUR,121,COIMBATORE,Sivaji Perumal,BSP,BSP,OTHERS,M,51,7th Grade,0,0,95500,,,,False,,False,
31685,SINGANALLUR,121,COIMBATORE,Murugan.O,GPI,GPI,OTHERS,M,50,Not Specified,0,0,1233000,,,,False,,False,
31681,SINGANALLUR,121,COIMBATORE,V.Srinidhi,INC,INC,INDIA,F,37,Bachelor's Degree,0,0,16100000,,,,False,,False,
31700,SINGANALLUR,121,COIMBATORE,A.Mounakumar,IND,IND,NONE,M,26,Bachelor's Degree,0,0,110000,,,,False,,False,
31687,SINGANALLUR,121,COIMBATORE,Akbar Ali,IND,IND,NONE,M,58,8th Grade,0,0,14500,,,,False,,False,
31689,SINGANALLUR,121,COIMBATORE,Ayoob Riyas,IND,IND,NONE,M,36,Master's Degree,0,0,11525,,,,False,,False,
31701,SINGANALLUR,121,COIMBATORE,Dr.K.Rajkumar,IND,IND,NONE,M,45,Doctorate (Ph.D / MD),0,0,215,,,,False,,False,
31705,SINGANALLUR,121,COIMBATORE,Janani.D,IND,IND,NONE,F,26,Master's Degree,0,0,543000,,,,False,,False,
31693,SINGANALLUR,121,COIMBATORE,K.Kumar Babu,IND,IND,NONE,M,64,9th Grade,0,0,,,,,False,,False,
31692,SINGANALLUR,121,COIMBATORE,Karthik,IND,IND,NONE,M,37,10th Grade (SSLC),0,0,852000,,,,False,,False,
31688,SINGANALLUR,121,COIMBATORE,M.Ashok Kumar,IND,IND,NONE,M,33,Bachelor's Degree,0,0,287000,,,,False,,False,
31690,SINGANALLUR,121,COIMBATORE,N.Rajasekaran,IND,IND,NONE,M,50,Bachelor's Degree,0,0,770000,,,,False,,False,
31696,SINGANALLUR,121,COIMBATORE,P.Tamilselvi,IND,IND,NONE,F,66,10th Grade (SSLC),0,0,665000,,,,False,,False,
31699,SINGANALLUR,121,COIMBATORE,R.Manikandabrabhu,IND,IND,NONE,M,38,10th Grade (SSLC),0,0,373000,,,,False,,False,
31702,SINGANALLUR,121,COIMBATORE,Rajkumar.M,IND,IND,NONE,M,45,10th Grade (SSLC),0,0,90000,,,,False,,False,
31694,SINGANALLUR,121,COIMBATORE,S.Satheesh,IND,IND,NONE,M,54,8th Grade,0,0,508000,,,,False,,False,
31695,SINGANALLUR,121,COIMBATORE,Subaramanian.N,IND,IND,NONE,M,74,9th Grade,0,0,37000,,,,False,,False,
31697,SINGANALLUR,121,COIMBATORE,Thahir Hussain,IND,IND,NONE,M,29,Bachelor's Degree,0,0,3211000,,,,False,,False,
31691,SINGANALLUR,121,COIMBATORE,Uma Paramasivam,IND,IND,NONE,F,33,Master's Degree,0,0,,,,,False,,False,
31698,SINGANALLUR,121,COIMBATORE,V.Balamurugan,IND,IND,NONE,M,50,Master's Degree,0,0,403000,,,,False,,False,
31703,SINGANALLUR,121,COIMBATORE,Vasanthi,IND,IND,NONE,F,45,10th Grade (SSLC),0,0,430000,,,,False,,False,
31704,SINGANALLUR,121,COIMBATORE,Vijayakumar,IND,IND,NONE,M,61,8th Grade,0,0,16000,,,,False,,False,
31679,SINGANALLUR,121,COIMBATORE,Nehruji Gunasekaran,NTK,NTK,NTK,M,32,Bachelor's Degree,0,0,8855000,,,,False,,False,
31684,SINGANALLUR,121,COIMBATORE,S.S.Sundharam,RSD (R),RSD (R),,M,54,Bachelor's Degree,0,0,641000,,,,False,,False,
31683,SINGANALLUR,121,COIMBATORE,Sarveswaran,SFRBC,SFRBC,,M,58,Bachelor's Degree,0,0,18400000,,,,False,,False,
31686,SINGANALLUR,121,COIMBATORE,K.S.Sri Giri Prasath,Tamilaga Vettri Kazhagam,TVK,TVK,M,43,Bachelor's Degree,0,0,48000000,,,,False,,False,
31707,KINATHUKADAVU,122,COIMBATORE,Damodaran S,AIADMK,AIADMK,,M,75,10th Grade (SSLC),0,0,10400000,,,,False,,False,
31706,KINATHUKADAVU,122,COIMBATORE,Sabari Karthikeyan K.V.K.S,DMK,DMK,INDIA,M,46,Master's Degree,0,0,625800000,,,,False,,False,
31709,KINATHUKADAVU,122,COIMBATORE,Mariyappan R,GPI,GPI,OTHERS,M,48,Not Specified,0,0,24720,,,,False,,False,
31708,KINATHUKADAVU,122,COIMBATORE,Banupriya M,NTK,NTK,NTK,F,42,Bachelor's Degree,0,0,1677000,,,,False,,False,
31710,KINATHUKADAVU,122,COIMBATORE,Vignesh K,Tamilaga Vettri Kazhagam,TVK,TVK,M,38,Bachelor's Degree,0,0,38600000,,,,False,,False,
31714,POLLACHI,123,COIMBATORE,Pollachi V.Jayaraman,AIADMK,AIADMK,,M,72,Not Specified,0,0,851100000,,,,False,,False,
31711,POLLACHI,123,COIMBATORE,C.M.Aruchamy,BSP,BSP,OTHERS,M,60,6th Grade,0,0,1540000,,,,False,,False,
31713,POLLACHI,123,COIMBATORE,K.Nithyanandhan,DMK,DMK,INDIA,M,54,Bachelor's Degree,0,0,167000000,,,,False,,False,
31719,POLLACHI,123,COIMBATORE,K.Nithyanandan,IND,IND,NONE,M,51,Not Specified,0,0,,,,,False,,False,
31720,POLLACHI,123,COIMBATORE,M.Jayaprathap,IND,IND,NONE,M,32,Bachelor's Degree,0,0,480000,,,,False,,False,
31722,POLLACHI,123,COIMBATORE,M.Jayaram,IND,IND,NONE,M,44,12th Grade (HSC / +2),0,0,769000,,,,False,,False,
31723,POLLACHI,123,COIMBATORE,M.Jayaraman,IND,IND,NONE,M,32,Bachelor's Degree,0,0,480000,,,,False,,False,
31717,POLLACHI,123,COIMBATORE,P.Nagaraj,IND,IND,NONE,M,70,10th Grade (SSLC),0,0,215000,,,,False,,False,
31721,POLLACHI,123,COIMBATORE,S.Jeyaram,IND,IND,NONE,M,38,12th Grade (HSC / +2),0,0,286000,,,,False,,False,
31718,POLLACHI,123,COIMBATORE,T.Nithyanantham,IND,IND,NONE,M,34,10th Grade (SSLC),0,0,820000,,,,False,,False,
31716,POLLACHI,123,COIMBATORE,V.Karthikeyan,IND,IND,NONE,M,30,Bachelor's Degree,0,0,82018,,,,False,,False,
31712,POLLACHI,123,COIMBATORE,N.Senthil Kumar,NTK,NTK,NTK,M,51,Master's Degree,0,0,76500000,,,,False,,False,
31715,POLLACHI,123,COIMBATORE,G.Ramanathan,Tamilaga Vettri Kazhagam,TVK,TVK,M,33,Bachelor's Degree,0,0,13500000,,,,False,,False,
31726,VALPARAI,124,COIMBATORE,Lekshmana Singh. D,AIADMK,AIADMK,,M,57,12th Grade (HSC / +2),0,0,10500000,,,,False,,False,
31725,VALPARAI,124,COIMBATORE,Kutty (Alias) Sudhakar. A,DMK,DMK,INDIA,M,49,12th Grade (HSC / +2),0,0,1408000,,,,False,,False,
31729,VALPARAI,124,COIMBATORE,Lakshmi. N,IND,IND,NONE,F,44,Not Specified,0,0,124000,,,,False,,False,
31728,VALPARAI,124,COIMBATORE,Perumal. K,IND,IND,NONE,M,30,Not Specified,0,0,137000,,,,False,,False,
31724,VALPARAI,124,COIMBATORE,Umadevi. P,NTK,NTK,NTK,F,29,Master's Degree,0,0,629000,,,,False,,False,
31727,VALPARAI,124,COIMBATORE,Dr. Sridharan. A,Tamilaga Vettri Kazhagam,TVK,TVK,M,69,Doctorate (Ph.D / MD),0,0,100800000,,,,False,,False,
31730,UDUMALPET,125,COIMBATORE,Radhakrishnan K,AIADMK,AIADMK,,M,60,Bachelor's Degree,0,0,3521000,,,,False,,False,
31732,UDUMALPET,125,COIMBATORE,Jayakumar M,DMK,DMK,INDIA,M,50,Master's Degree,0,0,6313000,,,,False,,False,
31735,UDUMALPET,125,COIMBATORE,Elsy C,IND,IND,NONE,F,66,Diploma / ITI,0,0,237000,,,,False,,False,
31736,UDUMALPET,125,COIMBATORE,Ganesh S,IND,IND,NONE,M,31,8th Grade,0,0,11001,,,,False,,False,
31737,UDUMALPET,125,COIMBATORE,Kalimuthu S,IND,IND,NONE,M,37,Diploma / ITI,0,0,3302000,,,,False,,False,
31739,UDUMALPET,125,COIMBATORE,Mahendran A,IND,IND,NONE,M,34,8th Grade,0,0,11009,,,,False,,False,
31738,UDUMALPET,125,COIMBATORE,Padmendraprakash A,IND,IND,NONE,M,48,8th Grade,0,0,67950,,,,False,,False,
31740,UDUMALPET,125,COIMBATORE,Ramasamy S,IND,IND,NONE,M,67,12th Grade (HSC / +2),0,0,2850000,,,,False,,False,
31734,UDUMALPET,125,COIMBATORE,Umar Ali D,IND,IND,NONE,M,58,Not Specified,0,0,2040000,,,,False,,False,
31731,UDUMALPET,125,COIMBATORE,Ram Kumar M,NTK,NTK,NTK,M,30,Bachelor's Degree,0,0,463000,,,,False,,False,
31733,UDUMALPET,125,COIMBATORE,Sankar K,Tamilaga Vettri Kazhagam,TVK,TVK,M,50,Primary (Up to 4th),0,0,2629000,,,,False,,False,
31743,MADATHUKULAM,126,COIMBATORE,C Shanmugavelu,AMMK,AMMK,OTHERS,M,76,Master's Degree,0,0,8746000,,,,False,,False,
31742,MADATHUKULAM,126,COIMBATORE,R Jayaramakrishnan,DMK,DMK,INDIA,M,59,Bachelor's Degree,0,0,26400000,,,,False,,False,
31747,MADATHUKULAM,126,COIMBATORE,A Shanmugavel,IND,IND,NONE,M,60,6th Grade,0,0,1391,,,,False,,False,
31748,MADATHUKULAM,126,COIMBATORE,K Shanmugavel,IND,IND,NONE,M,37,10th Grade (SSLC),0,0,6959,,,,False,,False,
31753,MADATHUKULAM,126,COIMBATORE,K Vadivazhagan Balaji,IND,IND,NONE,M,38,Master's Degree,0,0,,,,,False,,False,
31746,MADATHUKULAM,126,COIMBATORE,M Ahamed Ali,IND,IND,NONE,M,46,Diploma / ITI,0,0,535000,,,,False,,False,
31750,MADATHUKULAM,126,COIMBATORE,M Shanugavel,IND,IND,NONE,M,45,9th Grade,0,0,784000,,,,False,,False,
31751,MADATHUKULAM,126,COIMBATORE,P Thangaraj,IND,IND,NONE,M,51,Primary (Up to 4th),0,0,,,,,False,,False,
31749,MADATHUKULAM,126,COIMBATORE,S Shanmugavel,IND,IND,NONE,M,52,Not Specified,0,0,512,,,,False,,False,
31752,MADATHUKULAM,126,COIMBATORE,Sp Mahendran,IND,IND,NONE,M,39,Master's Degree,0,0,1991000,,,,False,,False,
31741,MADATHUKULAM,126,COIMBATORE,M Radhamani,NTK,NTK,NTK,F,38,Bachelor's Degree,0,0,5539000,,,,False,,False,
31744,MADATHUKULAM,126,COIMBATORE,Ak Senthilkumar,PT,PT,OTHERS,M,54,Bachelor's Degree,0,0,49743,,,,False,,False,
31745,MADATHUKULAM,126,COIMBATORE,R Thirumalai,Tamilaga Vettri Kazhagam,TVK,TVK,M,33,Bachelor's Degree,0,0,1465000,,,,False,,False,
31757,PALANI,127,DINDIGUL,Ravimanoharan. K,AIADMK,AIADMK,,M,57,Diploma / ITI,0,0,,,,,False,,False,
31754,PALANI,127,DINDIGUL,Nachimuthu. S,BSP,BSP,OTHERS,M,50,10th Grade (SSLC),0,0,2342000,,,,False,,False,
31755,PALANI,127,DINDIGUL,Pandi. N,CPI(M),CPI(M),,M,68,10th Grade (SSLC),0,0,143000,,,,False,,False,
31762,PALANI,127,DINDIGUL,Anbarasu. R,IND,IND,NONE,M,46,10th Grade (SSLC),0,0,401000,,,,False,,False,
31761,PALANI,127,DINDIGUL,Ashokkumar. G,IND,IND,NONE,M,32,Bachelor's Degree,0,0,21900000,,,,False,,False,
31765,PALANI,127,DINDIGUL,Balachandran. M,IND,IND,NONE,M,47,Diploma / ITI,0,0,1924000,,,,False,,False,
31768,PALANI,127,DINDIGUL,Jayakumar. T,IND,IND,NONE,M,29,Bachelor's Degree,0,0,120000,,,,False,,False,
31767,PALANI,127,DINDIGUL,Madheswari. R,IND,IND,NONE,F,45,5th Grade,0,0,1691000,,,,False,,False,
31766,PALANI,127,DINDIGUL,Praveenkumar. R,IND,IND,NONE,M,29,Bachelor's Degree,0,0,54020,,,,False,,False,
31763,PALANI,127,DINDIGUL,Thannasiappan. P,IND,IND,NONE,M,64,Not Specified,0,0,550000,,,,False,,False,
31764,PALANI,127,DINDIGUL,Thirumalaisamy. B,IND,IND,NONE,M,51,10th Grade (SSLC),0,0,1798000,,,,False,,False,
31756,PALANI,127,DINDIGUL,Murugeswari. B,NTK,NTK,NTK,F,27,Not Specified,0,0,,,,,False,,False,
31760,PALANI,127,DINDIGUL,Vaykkaldurai. K,PT,PT,OTHERS,M,47,10th Grade (SSLC),0,0,1871000,,,,False,,False,
31759,PALANI,127,DINDIGUL,Ramamoorthi. G,RSD (R),RSD (R),,M,50,Diploma / ITI,0,0,67600000,,,,False,,False,
31758,PALANI,127,DINDIGUL,Dr. Praveen Kumar. M,Tamilaga Vettri Kazhagam,TVK,TVK,M,40,Doctorate (Ph.D / MD),0,0,18000000,,,,False,,False,
31772,ODDANCHATRAM,128,DINDIGUL,Vidiyal S.Sekar,BJP,BJP,NDA,M,59,Master's Degree,0,0,9997000,,,,False,,False,
31770,ODDANCHATRAM,128,DINDIGUL,Murugaraj. P,BSP,BSP,OTHERS,M,41,10th Grade (SSLC),0,0,30803,,,,False,,False,
31769,ODDANCHATRAM,128,DINDIGUL,Sakkarapani. R,DMK,DMK,INDIA,M,64,Bachelor's Degree,0,0,54100000,,,,False,,False,
31774,ODDANCHATRAM,128,DINDIGUL,Alagiyannan. A,IND,IND,NONE,M,60,8th Grade,0,0,13200000,,,,False,,False,
31776,ODDANCHATRAM,128,DINDIGUL,Ananthraj. T,IND,IND,NONE,M,40,12th Grade (HSC / +2),0,0,378000,,,,False,,False,
31775,ODDANCHATRAM,128,DINDIGUL,Arumugam. M,IND,IND,NONE,M,59,6th Grade,0,0,66000,,,,False,,False,
31778,ODDANCHATRAM,128,DINDIGUL,Chellamuthu. K,IND,IND,NONE,M,61,Bachelor's Degree,0,0,3205000,,,,False,,False,
31777,ODDANCHATRAM,128,DINDIGUL,Kumarrathinam. M,IND,IND,NONE,M,55,Master's Degree,0,0,11826,,,,False,,False,
31781,ODDANCHATRAM,128,DINDIGUL,Manikannan. A,IND,IND,NONE,M,26,Bachelor's Degree,0,0,142000,,,,False,,False,
31779,ODDANCHATRAM,128,DINDIGUL,Nagul Prakash. A,IND,IND,NONE,M,32,Bachelor's Degree,0,0,370000,,,,False,,False,
31780,ODDANCHATRAM,128,DINDIGUL,Prabaharan. M,IND,IND,NONE,M,35,Bachelor's Degree,0,0,2345000,,,,False,,False,
31782,ODDANCHATRAM,128,DINDIGUL,Raghunath. K,IND,IND,NONE,M,29,Bachelor's Degree,0,0,450000,,,,False,,False,
31771,ODDANCHATRAM,128,DINDIGUL,Ragupathi. P,NTK,NTK,NTK,M,56,Master's Degree,0,0,3541000,,,,False,,False,
31773,ODDANCHATRAM,128,DINDIGUL,Mohan. S,Tamilaga Vettri Kazhagam,TVK,TVK,M,46,Diploma / ITI,0,0,15900000,,,,False,,False,
31786,ATHOOR,129,DINDIGUL,A.Viswanathan,AIADMK,AIADMK,,M,72,Bachelor's Degree,0,0,19900000,,,,False,,False,
31789,ATHOOR,129,DINDIGUL,M.K.Nagendran,AJPK,AJPK,,M,56,7th Grade,0,0,44400000,,,,False,,False,
31783,ATHOOR,129,DINDIGUL,S.Karthigaiselvan,BSP,BSP,OTHERS,M,30,Bachelor's Degree,0,0,41000,,,,False,,False,
31785,ATHOOR,129,DINDIGUL,I.Periasamy,DMK,DMK,INDIA,M,73,Bachelor's Degree,0,0,28100000,,,,False,,False,
31793,ATHOOR,129,DINDIGUL,D.Nagaraj,IND,IND,NONE,M,46,Not Specified,0,0,37760,,,,False,,False,
31792,ATHOOR,129,DINDIGUL,K.Kathiresan,IND,IND,NONE,M,48,Master's Degree,0,0,4020000,,,,False,,False,
31797,ATHOOR,129,DINDIGUL,K.Velmurugan,IND,IND,NONE,M,47,Not Specified,0,0,34750,,,,False,,False,
31796,ATHOOR,129,DINDIGUL,K.Visvanathan,IND,IND,NONE,M,62,Not Specified,0,0,29810,,,,False,,False,
31794,ATHOOR,129,DINDIGUL,M.Periyasamy,IND,IND,NONE,M,47,10th Grade (SSLC),0,0,3000,,,,False,,False,
31795,ATHOOR,129,DINDIGUL,P.Manivel,IND,IND,NONE,M,44,Master's Degree,0,0,10000,,,,False,,False,
31788,ATHOOR,129,DINDIGUL,D.Sankar,NMK,NMK,OTHERS,M,42,10th Grade (SSLC),0,0,1425000,,,,False,,False,
31784,ATHOOR,129,DINDIGUL,Dr. A.Simon Justin,NTK,NTK,NTK,M,44,Doctorate (Ph.D / MD),0,0,57764,,,,False,,False,
31791,ATHOOR,129,DINDIGUL,K.Jayaprakash,PT,PT,OTHERS,M,41,10th Grade (SSLC),0,0,985000,,,,False,,False,
31790,ATHOOR,129,DINDIGUL,S.Bala Murugan,TAVK,TAVK,OTHERS,M,35,8th Grade,0,0,1197000,,,,False,,False,
31787,ATHOOR,129,DINDIGUL,N.Kalaiselvi,Tamilaga Vettri Kazhagam,TVK,TVK,F,50,Not Specified,0,0,8352000,,,,False,,False,
31799,NILAKOTTAI,130,DINDIGUL,S.Thenmozhi,AIADMK,AIADMK,,F,64,12th Grade (HSC / +2),0,0,32200000,,,,False,,False,
31803,NILAKOTTAI,130,DINDIGUL,G.Anbalagan,AIPTMMK,AIPTMMK,,M,74,Doctorate (Ph.D / MD),0,0,9100000,,,,False,,False,
31801,NILAKOTTAI,130,DINDIGUL,Rajalakshmi.M,BSP,BSP,OTHERS,F,34,Not Specified,0,0,2421000,,,,False,,False,
31800,NILAKOTTAI,130,DINDIGUL,S.Nagajothi,DMK,DMK,INDIA,F,42,Bachelor's Degree,0,0,17800000,,,,False,,False,
31806,NILAKOTTAI,130,DINDIGUL,A.Alappan,IND,IND,NONE,M,44,Master's Degree,0,0,50000,,,,False,,False,
31808,NILAKOTTAI,130,DINDIGUL,Chellam,IND,IND,NONE,M,71,Not Specified,0,0,1310000,,,,False,,False,
31811,NILAKOTTAI,130,DINDIGUL,M.Manoharan,IND,IND,NONE,M,61,Not Specified,0,0,5169000,,,,False,,False,
31812,NILAKOTTAI,130,DINDIGUL,M.Vijayapandian,IND,IND,NONE,M,26,10th Grade (SSLC),0,0,55000,,,,False,,False,
31809,NILAKOTTAI,130,DINDIGUL,N.Perumal,IND,IND,NONE,M,73,10th Grade (SSLC),0,0,994000,,,,False,,False,
31810,NILAKOTTAI,130,DINDIGUL,P.Manikandan,IND,IND,NONE,M,46,Not Specified,0,0,32744,,,,False,,False,
31807,NILAKOTTAI,130,DINDIGUL,S.Karuppaiah,IND,IND,NONE,M,45,Bachelor's Degree,0,0,246000,,,,False,,False,
31798,NILAKOTTAI,130,DINDIGUL,D.Kailai Rajan,NTK,NTK,NTK,M,74,Not Specified,0,0,5216000,,,,False,,False,
31804,NILAKOTTAI,130,DINDIGUL,P.Sankar,PT,PT,OTHERS,M,46,Master's Degree,0,0,332000,,,,False,,False,
31805,NILAKOTTAI,130,DINDIGUL,P.Selvam,RPI(A),RPI(A),OTHERS,M,45,Bachelor's Degree,0,0,700000,,,,False,,False,
31802,NILAKOTTAI,130,DINDIGUL,R.Ayyanar,Tamilaga Vettri Kazhagam,TVK,TVK,M,38,Master's Degree,0,0,367000,,,,False,,False,
31815,NATHAM,131,DINDIGUL,Natham R Viswanathan,AIADMK,AIADMK,,M,76,Bachelor's Degree,0,0,,,,,False,,False,
31818,NATHAM,131,DINDIGUL,Rajasekaran P,AJPK,AJPK,,M,27,Diploma / ITI,0,0,131000,,,,False,,False,
31814,NATHAM,131,DINDIGUL,Selvakumar K,DMK,DMK,INDIA,M,46,Bachelor's Degree,0,0,,,,,False,,False,
31823,NATHAM,131,DINDIGUL,Dhandabani K,IND,IND,NONE,M,54,10th Grade (SSLC),0,0,385000,,,,False,,False,
31820,NATHAM,131,DINDIGUL,Gopal R,IND,IND,NONE,M,49,10th Grade (SSLC),0,0,40000,,,,False,,False,
31825,NATHAM,131,DINDIGUL,Manikandan V,IND,IND,NONE,M,49,10th Grade (SSLC),0,0,2057,,,,False,,False,
31826,NATHAM,131,DINDIGUL,Maria Arockiam S,IND,IND,NONE,M,57,6th Grade,0,0,84288,,,,False,,False,
31827,NATHAM,131,DINDIGUL,Murugan K,IND,IND,NONE,M,44,10th Grade (SSLC),0,0,885000,,,,False,,False,
31828,NATHAM,131,DINDIGUL,Murugesan C,IND,IND,NONE,M,48,Bachelor's Degree,0,0,280000,,,,False,,False,
31829,NATHAM,131,DINDIGUL,Rama Janarthanan S,IND,IND,NONE,M,45,Master's Degree,0,0,3271000,,,,False,,False,
31821,NATHAM,131,DINDIGUL,Satham Usain M,IND,IND,NONE,M,30,12th Grade (HSC / +2),0,0,48883,,,,False,,False,
31822,NATHAM,131,DINDIGUL,Sundar C,IND,IND,NONE,M,45,12th Grade (HSC / +2),0,0,440000,,,,False,,False,
31824,NATHAM,131,DINDIGUL,Tamilselvan C,IND,IND,NONE,M,43,Bachelor's Degree,0,0,100000,,,,False,,False,
31830,NATHAM,131,DINDIGUL,Vadivel K,IND,IND,NONE,M,46,10th Grade (SSLC),0,0,778000,,,,False,,False,
31832,NATHAM,131,DINDIGUL,Venkatesan G,IND,IND,NONE,M,54,Not Specified,0,0,1446000,,,,False,,False,
31833,NATHAM,131,DINDIGUL,Venkatesh P,IND,IND,NONE,M,34,10th Grade (SSLC),0,0,34000,,,,False,,False,
31831,NATHAM,131,DINDIGUL,Vijayakumar S,IND,IND,NONE,M,31,Bachelor's Degree,0,0,435000,,,,False,,False,
31813,NATHAM,131,DINDIGUL,Alagammal A,NTK,NTK,NTK,F,36,Bachelor's Degree,0,0,308000,,,,False,,False,
31819,NATHAM,131,DINDIGUL,Vijayakumar S,PT,PT,OTHERS,M,31,Bachelor's Degree,0,0,435000,,,,False,,False,
31816,NATHAM,131,DINDIGUL,Alex S,TAVK,TAVK,OTHERS,M,43,6th Grade,0,0,30000,,,,False,,False,
31817,NATHAM,131,DINDIGUL,Ramesh L N,Tamilaga Vettri Kazhagam,TVK,TVK,M,47,Master's Degree,0,0,14500000,,,,False,,False,
31834,DINDIGUL,132,DINDIGUL,Sreenivasan. C,AIADMK,AIADMK,,M,78,Master's Degree,0,0,4607000,,,,False,,False,
31841,DINDIGUL,132,DINDIGUL,Ramuthevar. P,AIPTMMK,AIPTMMK,,M,69,5th Grade,0,0,22100000,,,,False,,False,
31835,DINDIGUL,132,DINDIGUL,Senthilkumar. I.P,DMK,DMK,INDIA,M,47,Master's Degree,0,0,60500000,,,,False,,False,
31842,DINDIGUL,132,DINDIGUL,Anis Babu. M,IND,IND,NONE,M,42,9th Grade,0,0,30000,,,,False,,False,
31843,DINDIGUL,132,DINDIGUL,Arockia Dass. J,IND,IND,NONE,M,42,Master's Degree,0,0,875000,,,,False,,False,
31851,DINDIGUL,132,DINDIGUL,Babu. S,IND,IND,NONE,M,60,Bachelor's Degree,0,0,4152000,,,,False,,False,
31845,DINDIGUL,132,DINDIGUL,Ganesh Perumal. D,IND,IND,NONE,M,27,Bachelor's Degree,0,0,5080,,,,False,,False,
31846,DINDIGUL,132,DINDIGUL,Karmegam. R,IND,IND,NONE,M,52,Diploma / ITI,0,0,5677000,,,,False,,False,
31852,DINDIGUL,132,DINDIGUL,Muniyappan. M,IND,IND,NONE,M,40,8th Grade,0,0,964000,,,,False,,False,
31850,DINDIGUL,132,DINDIGUL,Nagaraj. N,IND,IND,NONE,M,41,Master's Degree,0,0,926000,,,,False,,False,
31853,DINDIGUL,132,DINDIGUL,Rajendran. G,IND,IND,NONE,M,61,Master's Degree,0,0,961000,,,,False,,False,
31847,DINDIGUL,132,DINDIGUL,Saranya. M,IND,IND,NONE,F,33,Master's Degree,0,0,4956000,,,,False,,False,
31848,DINDIGUL,132,DINDIGUL,Seenivasan. P,IND,IND,NONE,M,35,6th Grade,0,0,,,,,False,,False,
31849,DINDIGUL,132,DINDIGUL,Selvadhayanithi. M,IND,IND,NONE,M,29,12th Grade (HSC / +2),0,0,29960,,,,False,,False,
31844,DINDIGUL,132,DINDIGUL,Umar Ali. R,IND,IND,NONE,M,36,7th Grade,0,0,21801,,,,False,,False,
31836,DINDIGUL,132,DINDIGUL,Mutharasi. S,NTK,NTK,NTK,F,35,Master's Degree,0,0,458000,,,,False,,False,
31840,DINDIGUL,132,DINDIGUL,Pradeep. M,PT,PT,OTHERS,M,34,10th Grade (SSLC),0,0,3695000,,,,False,,False,
31837,DINDIGUL,132,DINDIGUL,Gopi Krishnan Pillai. S,RSD (R),RSD (R),,M,58,5th Grade,0,0,280000,,,,False,,False,
31838,DINDIGUL,132,DINDIGUL,Sheik Bareeth.B,TAVK,TAVK,OTHERS,M,38,9th Grade,0,0,1657000,,,,False,,False,
31839,DINDIGUL,132,DINDIGUL,Nazeer Raja. G,Tamilaga Vettri Kazhagam,TVK,TVK,M,49,10th Grade (SSLC),0,0,11600000,,,,False,,False,
31856,VEDASANDUR,133,DINDIGUL,Paramasivam. V.P.B,AIADMK,AIADMK,,M,45,Doctorate (Ph.D / MD),0,0,7341000,,,,False,,False,
31860,VEDASANDUR,133,DINDIGUL,Ravi. R,CPI(ML),CPI(ML),,M,44,10th Grade (SSLC),0,0,127000,,,,False,,False,
31855,VEDASANDUR,133,DINDIGUL,Saminathan. T,DMK,DMK,INDIA,M,56,Bachelor's Degree,0,0,82700000,,,,False,,False,
31863,VEDASANDUR,133,DINDIGUL,Dhivakar. A,IND,IND,NONE,M,27,Bachelor's Degree,0,0,582000,,,,False,,False,
31866,VEDASANDUR,133,DINDIGUL,Maneeshankar. M.G,IND,IND,NONE,M,51,Not Specified,0,0,,,,,False,,False,
31865,VEDASANDUR,133,DINDIGUL,Manikandaprabhu. N C,IND,IND,NONE,M,25,Master's Degree,0,0,718000,,,,False,,False,
31867,VEDASANDUR,133,DINDIGUL,Marimuthu. S,IND,IND,NONE,M,31,Diploma / ITI,0,0,552000,,,,False,,False,
31868,VEDASANDUR,133,DINDIGUL,Murugan. V,IND,IND,NONE,M,53,Doctorate (Ph.D / MD),0,0,1392000,,,,False,,False,
31864,VEDASANDUR,133,DINDIGUL,Natchimuthu. R,IND,IND,NONE,M,40,10th Grade (SSLC),0,0,1050000,,,,False,,False,
31862,VEDASANDUR,133,DINDIGUL,Selvaraj. V,IND,IND,NONE,M,55,10th Grade (SSLC),0,0,25000,,,,False,,False,
31861,VEDASANDUR,133,DINDIGUL,Suresh. B,IND,IND,NONE,M,32,Bachelor's Degree,0,0,99279,,,,False,,False,
31854,VEDASANDUR,133,DINDIGUL,Khaja Hussain Ahamed. A,NTK,NTK,NTK,M,27,Master's Degree,0,0,,,,,False,,False,
31858,VEDASANDUR,133,DINDIGUL,Boomiraj. K,SMNK,SMNK,,M,30,Bachelor's Degree,0,0,25000,,,,False,,False,
31859,VEDASANDUR,133,DINDIGUL,Ramesh. T,TAVK,TAVK,OTHERS,M,33,9th Grade,0,0,602000,,,,False,,False,
31857,VEDASANDUR,133,DINDIGUL,Dr.Nakajothi. N,Tamilaga Vettri Kazhagam,TVK,TVK,F,49,Master's Degree,0,0,6473000,,,,False,,False,
31871,ARAVAKURICHI,134,KARUR,Selvakumar K,AIADMK,AIADMK,,M,41,Bachelor's Degree,0,0,6313000,,,,False,,False,
31873,ARAVAKURICHI,134,KARUR,Asiya Begum,AIPTMMK,AIPTMMK,,F,55,Not Specified,0,0,485000,,,,False,,False,
31870,ARAVAKURICHI,134,KARUR,Suganya S,BSP,BSP,OTHERS,F,32,Master's Degree,0,0,528000,,,,False,,False,
31869,ARAVAKURICHI,134,KARUR,Elango R,DMK,DMK,INDIA,M,55,Bachelor's Degree,0,0,8793000,,,,False,,False,
31877,ARAVAKURICHI,134,KARUR,Arasumani G,IND,IND,NONE,M,37,Bachelor's Degree,0,0,128000,,,,False,,False,
31878,ARAVAKURICHI,134,KARUR,Arivalagan M,IND,IND,NONE,M,67,Not Specified,0,0,,,,,False,,False,
31890,ARAVAKURICHI,134,KARUR,Boopathy S,IND,IND,NONE,M,33,Bachelor's Degree,0,0,978000,,,,False,,False,
31879,ARAVAKURICHI,134,KARUR,Kathiresan M,IND,IND,NONE,M,29,Bachelor's Degree,0,0,286000,,,,False,,False,
31880,ARAVAKURICHI,134,KARUR,Kaviyarasu T,IND,IND,NONE,M,29,Bachelor's Degree,0,0,565000,,,,False,,False,
31881,ARAVAKURICHI,134,KARUR,Kirubananth S,IND,IND,NONE,M,36,Bachelor's Degree,0,0,599000,,,,False,,False,
31891,ARAVAKURICHI,134,KARUR,Manikandan T,IND,IND,NONE,M,35,Bachelor's Degree,0,0,92791,,,,False,,False,
31892,ARAVAKURICHI,134,KARUR,Mathiyalagan P,IND,IND,NONE,M,33,Bachelor's Degree,0,0,198000,,,,False,,False,
31894,ARAVAKURICHI,134,KARUR,Mohankumar K,IND,IND,NONE,M,28,12th Grade (HSC / +2),0,0,306000,,,,False,,False,
31893,ARAVAKURICHI,134,KARUR,Murugesan R,IND,IND,NONE,M,34,12th Grade (HSC / +2),0,0,121000,,,,False,,False,
31887,ARAVAKURICHI,134,KARUR,Narendrakumar G,IND,IND,NONE,M,30,Bachelor's Degree,0,0,38000,,,,False,,False,
31886,ARAVAKURICHI,134,KARUR,Natarajan P,IND,IND,NONE,M,54,10th Grade (SSLC),0,0,534000,,,,False,,False,
31888,ARAVAKURICHI,134,KARUR,Natchimuthu V,IND,IND,NONE,M,54,Not Specified,0,0,5566,,,,False,,False,
31889,ARAVAKURICHI,134,KARUR,Praveen S,IND,IND,NONE,M,27,Master's Degree,0,0,867000,,,,False,,False,
31895,ARAVAKURICHI,134,KARUR,Ragupathi S,IND,IND,NONE,M,39,Master's Degree,0,0,602000,,,,False,,False,
31897,ARAVAKURICHI,134,KARUR,Rajasekaran N,IND,IND,NONE,M,48,Bachelor's Degree,0,0,103000,,,,False,,False,
31898,ARAVAKURICHI,134,KARUR,Rajendaran N,IND,IND,NONE,M,48,10th Grade (SSLC),0,0,721000,,,,False,,False,
31896,ARAVAKURICHI,134,KARUR,Ramalingam V,IND,IND,NONE,M,31,10th Grade (SSLC),0,0,322000,,,,False,,False,
31882,ARAVAKURICHI,134,KARUR,Silambarasan P,IND,IND,NONE,M,39,Master's Degree,0,0,1060000,,,,False,,False,
31883,ARAVAKURICHI,134,KARUR,Sivalingam T,IND,IND,NONE,M,37,Bachelor's Degree,0,0,1655000,,,,False,,False,
31884,ARAVAKURICHI,134,KARUR,Sowmiya R,IND,IND,NONE,F,43,Bachelor's Degree,0,0,864000,,,,False,,False,
31885,ARAVAKURICHI,134,KARUR,Tamilarasan M,IND,IND,NONE,M,26,Bachelor's Degree,0,0,68222,,,,False,,False,
31872,ARAVAKURICHI,134,KARUR,Naren S,NTK,NTK,NTK,M,28,Not Specified,0,0,2115000,,,,False,,False,
31876,ARAVAKURICHI,134,KARUR,Ravi Ag,TAVK,TAVK,OTHERS,M,56,12th Grade (HSC / +2),0,0,1511000,,,,False,,False,
31874,ARAVAKURICHI,134,KARUR,Karthikeyan P,Tamilaga Vettri Kazhagam,TVK,TVK,M,57,9th Grade,0,0,14600000,,,,False,,False,
31875,ARAVAKURICHI,134,KARUR,Sakthivel R,VKK,VKK,,M,43,10th Grade (SSLC),0,0,5749000,,,,False,,False,
31901,KARUR,135,KARUR,M.R.Vijayabhaskar,AIADMK,AIADMK,,M,62,Not Specified,0,0,56400000,,,,False,,False,
31902,KARUR,135,KARUR,Jayagopal. P,BSP,BSP,OTHERS,M,61,Diploma / ITI,0,0,6783000,,,,False,,False,
31900,KARUR,135,KARUR,Aasee.M.Thiagarajan,DMK,DMK,INDIA,M,64,Bachelor's Degree,0,0,67400000,,,,False,,False,
31906,KARUR,135,KARUR,Ramachandran. A,GPI,GPI,OTHERS,M,50,Not Specified,0,0,167000,,,,False,,False,
31909,KARUR,135,KARUR,Anbarasan. N,IND,IND,NONE,M,32,Bachelor's Degree,0,0,1264000,,,,False,,False,
31910,KARUR,135,KARUR,Anbazhagan. T,IND,IND,NONE,M,37,Bachelor's Degree,0,0,345000,,,,False,,False,
31908,KARUR,135,KARUR,Arulmaniyarasu. P,IND,IND,NONE,M,37,Bachelor's Degree,0,0,550000,,,,False,,False,
31907,KARUR,135,KARUR,Asarudheen. A,IND,IND,NONE,M,29,Master's Degree,0,0,148000,,,,False,,False,
31952,KARUR,135,KARUR,Babu. G,IND,IND,NONE,M,40,Bachelor's Degree,0,0,1751000,,,,False,,False,
31954,KARUR,135,KARUR,Baskar. P,IND,IND,NONE,M,55,Master's Degree,0,0,361000,,,,False,,False,
31953,KARUR,135,KARUR,Bharathi. P,IND,IND,NONE,M,41,Master's Degree,0,0,4220000,,,,False,,False,
31938,KARUR,135,KARUR,Daniya. P,IND,IND,NONE,F,47,Bachelor's Degree,0,0,2668000,,,,False,,False,
31946,KARUR,135,KARUR,Devastin Augustin. G,IND,IND,NONE,M,43,Bachelor's Degree,0,0,1141000,,,,False,,False,
31944,KARUR,135,KARUR,Dinesh Kumar. K,IND,IND,NONE,M,26,Bachelor's Degree,0,0,826000,,,,False,,False,
31943,KARUR,135,KARUR,Dinesh. B,IND,IND,NONE,M,36,Not Specified,0,0,360000,,,,False,,False,
31945,KARUR,135,KARUR,Duraisamy. J,IND,IND,NONE,M,42,Bachelor's Degree,0,0,295000,,,,False,,False,
31911,KARUR,135,KARUR,Elamathi. S,IND,IND,NONE,F,34,Bachelor's Degree,0,0,254000,,,,False,,False,
31922,KARUR,135,KARUR,Gopala Krishnan. A,IND,IND,NONE,M,40,Bachelor's Degree,0,0,382000,,,,False,,False,
31976,KARUR,135,KARUR,Hari Raaj. B,IND,IND,NONE,M,26,Bachelor's Degree,0,0,1683000,,,,False,,False,
31977,KARUR,135,KARUR,Hariharan. S,IND,IND,NONE,M,39,Bachelor's Degree,0,0,2696000,,,,False,,False,
31916,KARUR,135,KARUR,Kalairaj. K,IND,IND,NONE,M,35,Bachelor's Degree,0,0,142000,,,,False,,False,
31920,KARUR,135,KARUR,Kalimuthu. R,IND,IND,NONE,M,40,Bachelor's Degree,0,0,2945000,,,,False,,False,
31918,KARUR,135,KARUR,Kanagaraj. P,IND,IND,NONE,M,36,Bachelor's Degree,0,0,2571,,,,False,,False,
31917,KARUR,135,KARUR,Kanagaraj. S,IND,IND,NONE,M,41,Bachelor's Degree,0,0,1238,,,,False,,False,
31914,KARUR,135,KARUR,Kandasamy. P,IND,IND,NONE,M,46,Master's Degree,0,0,395000,,,,False,,False,
31919,KARUR,135,KARUR,Karthikperumal. R,IND,IND,NONE,M,33,Bachelor's Degree,0,0,1964000,,,,False,,False,
31915,KARUR,135,KARUR,Karunamoorthy. S,IND,IND,NONE,M,36,Bachelor's Degree,0,0,88500,,,,False,,False,
31912,KARUR,135,KARUR,Kathiravan. P,IND,IND,NONE,M,32,Bachelor's Degree,0,0,298000,,,,False,,False,
31913,KARUR,135,KARUR,Kathirvel. K,IND,IND,NONE,M,45,Bachelor's Degree,0,0,5723000,,,,False,,False,
31921,KARUR,135,KARUR,Krishnakumar. K,IND,IND,NONE,M,34,Bachelor's Degree,0,0,1147000,,,,False,,False,
31960,KARUR,135,KARUR,Mailvaganan. B,IND,IND,NONE,M,49,Bachelor's Degree,0,0,196000,,,,False,,False,
31958,KARUR,135,KARUR,Manikandan,IND,IND,NONE,M,43,Bachelor's Degree,0,0,2339000,,,,False,,False,
31961,KARUR,135,KARUR,Manoj. P,IND,IND,NONE,M,32,10th Grade (SSLC),0,0,1130000,,,,False,,False,
31962,KARUR,135,KARUR,Mariammal. P.M,IND,IND,NONE,F,35,Bachelor's Degree,0,0,524000,,,,False,,False,
31959,KARUR,135,KARUR,Mathanraj. P,IND,IND,NONE,M,29,Bachelor's Degree,0,0,264000,,,,False,,False,
31963,KARUR,135,KARUR,Mohamad Ismail. M,IND,IND,NONE,M,27,Bachelor's Degree,0,0,1278000,,,,False,,False,
31965,KARUR,135,KARUR,Murali. M,IND,IND,NONE,M,39,Bachelor's Degree,0,0,,,,,False,,False,
31964,KARUR,135,KARUR,Muthu. K.R,IND,IND,NONE,M,38,Bachelor's Degree,0,0,,,,,False,,False,
31947,KARUR,135,KARUR,Nandhakumar. A,IND,IND,NONE,M,26,Bachelor's Degree,0,0,627000,,,,False,,False,
31949,KARUR,135,KARUR,Palamuthir Selvan. O,IND,IND,NONE,M,50,Bachelor's Degree,0,0,2635000,,,,False,,False,
31950,KARUR,135,KARUR,Palanirajan. K,IND,IND,NONE,M,47,Bachelor's Degree,0,0,40800,,,,False,,False,
31951,KARUR,135,KARUR,Palanivel. P,IND,IND,NONE,M,45,Bachelor's Degree,0,0,597000,,,,False,,False,
31948,KARUR,135,KARUR,Parameswari,IND,IND,NONE,F,34,Bachelor's Degree,0,0,552000,,,,False,,False,
31955,KARUR,135,KARUR,Prakash. N,IND,IND,NONE,M,46,Bachelor's Degree,0,0,1767000,,,,False,,False,
31956,KARUR,135,KARUR,Prasanth. S,IND,IND,NONE,M,34,Bachelor's Degree,0,0,802000,,,,False,,False,
31957,KARUR,135,KARUR,Praveenkumar. J,IND,IND,NONE,M,28,Bachelor's Degree,0,0,96500000,,,,False,,False,
31967,KARUR,135,KARUR,Raguraman Muruganantham,IND,IND,NONE,M,35,Bachelor's Degree,0,0,26000,,,,False,,False,
31968,KARUR,135,KARUR,Rajapandian. K,IND,IND,NONE,M,30,Bachelor's Degree,0,0,685000,,,,False,,False,
31925,KARUR,135,KARUR,Sampath. S,IND,IND,NONE,M,49,Bachelor's Degree,0,0,222000,,,,False,,False,
31926,KARUR,135,KARUR,Saravanan. R,IND,IND,NONE,M,53,Bachelor's Degree,0,0,716000,,,,False,,False,
31923,KARUR,135,KARUR,Sathish Kumar. S,IND,IND,NONE,M,35,Bachelor's Degree,0,0,2132000,,,,False,,False,
31924,KARUR,135,KARUR,Sathish. P,IND,IND,NONE,M,37,Bachelor's Degree,0,0,3317000,,,,False,,False,
31930,KARUR,135,KARUR,Seetha Lakshmi. D,IND,IND,NONE,F,33,Master's Degree,0,0,1593000,,,,False,,False,
31933,KARUR,135,KARUR,Senbagakumar. L,IND,IND,NONE,M,31,Bachelor's Degree,0,0,279000,,,,False,,False,
31934,KARUR,135,KARUR,Senthilkumar. G,IND,IND,NONE,M,47,Not Specified,0,0,2234,,,,False,,False,
31935,KARUR,135,KARUR,Senthilkumar. M,IND,IND,NONE,M,35,Bachelor's Degree,0,0,1178,,,,False,,False,
31927,KARUR,135,KARUR,Sivakumar. A,IND,IND,NONE,M,46,Bachelor's Degree,0,0,115,,,,False,,False,
31928,KARUR,135,KARUR,Sivakumar. N,IND,IND,NONE,M,59,Bachelor's Degree,0,0,11876,,,,False,,False,
31929,KARUR,135,KARUR,Sivakumar. V,IND,IND,NONE,M,45,Bachelor's Degree,0,0,395,,,,False,,False,
31936,KARUR,135,KARUR,Soundara Rajan. R,IND,IND,NONE,M,63,12th Grade (HSC / +2),0,0,219000,,,,False,,False,
31937,KARUR,135,KARUR,Soundaryan. K,IND,IND,NONE,M,27,Bachelor's Degree,0,0,262000,,,,False,,False,
31975,KARUR,135,KARUR,Stephenraj. L,IND,IND,NONE,M,31,Bachelor's Degree,0,0,2379000,,,,False,,False,
31931,KARUR,135,KARUR,Subash Malayalam. T,IND,IND,NONE,M,30,Bachelor's Degree,0,0,175000,,,,False,,False,
31932,KARUR,135,KARUR,Suriyakumar. J,IND,IND,NONE,M,31,Master's Degree,0,0,5405000,,,,False,,False,
31940,KARUR,135,KARUR,Thamilalagan. A,IND,IND,NONE,M,40,Bachelor's Degree,0,0,927000,,,,False,,False,
31939,KARUR,135,KARUR,Thangavelraj. S,IND,IND,NONE,M,60,Bachelor's Degree,0,0,2612000,,,,False,,False,
31942,KARUR,135,KARUR,Thirugnanam. M,IND,IND,NONE,M,30,Bachelor's Degree,0,0,969000,,,,False,,False,
31941,KARUR,135,KARUR,Thiyagarajan. M,IND,IND,NONE,M,69,10th Grade (SSLC),0,0,604000,,,,False,,False,
31969,KARUR,135,KARUR,Vanitha. K.M,IND,IND,NONE,F,42,Bachelor's Degree,0,0,648000,,,,False,,False,
31970,KARUR,135,KARUR,Vigneshwaran. D,IND,IND,NONE,M,34,Bachelor's Degree,0,0,1438000,,,,False,,False,
31973,KARUR,135,KARUR,Vijaya Baskar. R.V,IND,IND,NONE,M,55,Master's Degree,0,0,361000,,,,False,,False,
31974,KARUR,135,KARUR,Vijayan. K,IND,IND,NONE,M,40,10th Grade (SSLC),0,0,2275000,,,,False,,False,
31971,KARUR,135,KARUR,Vineeth. B,IND,IND,NONE,M,27,Bachelor's Degree,0,0,4426000,,,,False,,False,
31972,KARUR,135,KARUR,Vinothkumar. N,IND,IND,NONE,M,44,Master's Degree,0,0,2283000,,,,False,,False,
31966,KARUR,135,KARUR,Yoonus Ali. R,IND,IND,NONE,M,37,10th Grade (SSLC),0,0,442000,,,,False,,False,
31899,KARUR,135,KARUR,Karuppaiya. R,NTK,NTK,NTK,M,60,Not Specified,0,0,,,,,False,,False,
31903,KARUR,135,KARUR,Kalimuthu. V,SMNK,SMNK,,M,34,7th Grade,0,0,52500,,,,False,,False,
31904,KARUR,135,KARUR,Gunasekaran. K,TAVK,TAVK,OTHERS,M,62,9th Grade,0,0,936000,,,,False,,False,
31905,KARUR,135,KARUR,Mathiyalagan V.P,Tamilaga Vettri Kazhagam,TVK,TVK,M,50,8th Grade,0,0,11400000,,,,False,,False,
31980,KRISHNARAYAPURAM,136,KARUR,Dr. Dhivya. S,AIADMK,AIADMK,,F,38,Not Specified,0,0,,,,,False,,False,
31978,KRISHNARAYAPURAM,136,KARUR,Gomathi. M,BSP,BSP,OTHERS,F,40,Not Specified,0,0,226000,,,,False,,False,
31981,KRISHNARAYAPURAM,136,KARUR,Raja. C.K,DMK,DMK,INDIA,M,38,10th Grade (SSLC),0,0,10900000,,,,False,,False,
31984,KRISHNARAYAPURAM,136,KARUR,Soundrapandian. S,GPI,GPI,OTHERS,M,56,10th Grade (SSLC),0,0,1000,,,,False,,False,
31999,KRISHNARAYAPURAM,136,KARUR,Baby. P,IND,IND,NONE,F,45,9th Grade,0,0,1525000,,,,False,,False,
31992,KRISHNARAYAPURAM,136,KARUR,Chelladurai. M,IND,IND,NONE,M,51,Diploma / ITI,0,0,111000,,,,False,,False,
31995,KRISHNARAYAPURAM,136,KARUR,Dinesh Kumar. N,IND,IND,NONE,M,35,Master's Degree,0,0,875,,,,False,,False,
31994,KRISHNARAYAPURAM,136,KARUR,Dinesh Kumar.A,IND,IND,NONE,M,34,Bachelor's Degree,0,0,914,,,,False,,False,
31988,KRISHNARAYAPURAM,136,KARUR,Ganesan. P,IND,IND,NONE,M,43,10th Grade (SSLC),0,0,65789,,,,False,,False,
31987,KRISHNARAYAPURAM,136,KARUR,Indragandhi. P,IND,IND,NONE,F,41,Master's Degree,0,0,431000,,,,False,,False,
32001,KRISHNARAYAPURAM,136,KARUR,Mahamuni. A,IND,IND,NONE,M,42,Bachelor's Degree,0,0,85000,,,,False,,False,
32002,KRISHNARAYAPURAM,136,KARUR,Manickavel. R,IND,IND,NONE,M,43,Bachelor's Degree,0,0,590000,,,,False,,False,
32003,KRISHNARAYAPURAM,136,KARUR,Murugan. S,IND,IND,NONE,M,36,Bachelor's Degree,0,0,,,,,False,,False,
32004,KRISHNARAYAPURAM,136,KARUR,Muruganandham. P.K,IND,IND,NONE,M,44,10th Grade (SSLC),0,0,236000,,,,False,,False,
31996,KRISHNARAYAPURAM,136,KARUR,Naveenth. M,IND,IND,NONE,M,28,Bachelor's Degree,0,0,837000,,,,False,,False,
31997,KRISHNARAYAPURAM,136,KARUR,Parameswaran. M,IND,IND,NONE,M,51,Bachelor's Degree,0,0,5538000,,,,False,,False,
32000,KRISHNARAYAPURAM,136,KARUR,Porselvan. B.S,IND,IND,NONE,M,41,Master's Degree,0,0,688000,,,,False,,False,
31998,KRISHNARAYAPURAM,136,KARUR,Prasanth. D,IND,IND,NONE,M,32,Bachelor's Degree,0,0,518000,,,,False,,False,
31989,KRISHNARAYAPURAM,136,KARUR,Sakthivel. A,IND,IND,NONE,M,41,Bachelor's Degree,0,0,2024000,,,,False,,False,
31990,KRISHNARAYAPURAM,136,KARUR,Sasikumar. M,IND,IND,NONE,M,35,Bachelor's Degree,0,0,,,,,False,,False,
31993,KRISHNARAYAPURAM,136,KARUR,Selvakumar. S,IND,IND,NONE,M,52,Bachelor's Degree,0,0,537000,,,,False,,False,
31991,KRISHNARAYAPURAM,136,KARUR,Senthil. P.M,IND,IND,NONE,M,42,Bachelor's Degree,0,0,452000,,,,False,,False,
32005,KRISHNARAYAPURAM,136,KARUR,Vimalraj. S,IND,IND,NONE,M,33,Bachelor's Degree,0,0,935000,,,,False,,False,
31985,KRISHNARAYAPURAM,136,KARUR,Balsamy. B,NMK,NMK,OTHERS,M,36,10th Grade (SSLC),0,0,,,,,False,,False,
31979,KRISHNARAYAPURAM,136,KARUR,Sathiya. V,NTK,NTK,NTK,F,32,Master's Degree,0,0,331000,,,,False,,False,
31986,KRISHNARAYAPURAM,136,KARUR,Rajaguru.M,SMNK,SMNK,,M,42,Bachelor's Degree,0,0,1742000,,,,False,,False,
31983,KRISHNARAYAPURAM,136,KARUR,Saravanan. V,TAVK,TAVK,OTHERS,M,49,Diploma / ITI,0,0,2250000,,,,False,,False,
31982,KRISHNARAYAPURAM,136,KARUR,Sathya. M,Tamilaga Vettri Kazhagam,TVK,TVK,F,39,Master's Degree,0,0,1185000,,,,False,,False,
32006,KULITHALAI,137,KARUR,S.Karunakaran,AIADMK,AIADMK,,M,65,Diploma / ITI,0,0,32500000,,,,False,,False,
32007,KULITHALAI,137,KARUR,Suriyanur A Chandran,DMK,DMK,INDIA,M,59,Master's Degree,0,0,,,,,False,,False,
32010,KULITHALAI,137,KARUR,P.Murugan,GPI,GPI,OTHERS,M,41,Bachelor's Degree,0,0,109000,,,,False,,False,
32016,KULITHALAI,137,KARUR,B.Kajaa Mohideen,IND,IND,NONE,M,53,Bachelor's Degree,0,0,309000,,,,False,,False,
32019,KULITHALAI,137,KARUR,B.Sampathkumar,IND,IND,NONE,M,39,Bachelor's Degree,0,0,645000,,,,False,,False,
32017,KULITHALAI,137,KARUR,Chandrasekar.P,IND,IND,NONE,M,45,Bachelor's Degree,0,0,992000,,,,False,,False,
32020,KULITHALAI,137,KARUR,D.Saravanan,IND,IND,NONE,M,40,Bachelor's Degree,0,0,527000,,,,False,,False,
32029,KULITHALAI,137,KARUR,J.Madhavan,IND,IND,NONE,M,35,Bachelor's Degree,0,0,722000,,,,False,,False,
32027,KULITHALAI,137,KARUR,J.Prathap,IND,IND,NONE,M,32,Diploma / ITI,0,0,1056000,,,,False,,False,
32018,KULITHALAI,137,KARUR,J.Santhosh Kumar,IND,IND,NONE,M,26,Bachelor's Degree,0,0,810000,,,,False,,False,
32034,KULITHALAI,137,KARUR,K.Hakkim,IND,IND,NONE,M,36,Bachelor's Degree,0,0,105000,,,,False,,False,
32025,KULITHALAI,137,KARUR,K.Sheik Anwardeen,IND,IND,NONE,M,44,Bachelor's Degree,0,0,965000,,,,False,,False,
32033,KULITHALAI,137,KARUR,K.Veeramalai,IND,IND,NONE,M,48,Bachelor's Degree,0,0,797000,,,,False,,False,
32011,KULITHALAI,137,KARUR,M.Arunkumar,IND,IND,NONE,M,37,Bachelor's Degree,0,0,211,,,,False,,False,
32015,KULITHALAI,137,KARUR,M.Gayathiri,IND,IND,NONE,F,27,Bachelor's Degree,0,0,231000,,,,False,,False,
32028,KULITHALAI,137,KARUR,M.Mayilvaganan,IND,IND,NONE,M,50,Not Specified,0,0,937000,,,,False,,False,
32026,KULITHALAI,137,KARUR,M.Tamilselvan,IND,IND,NONE,M,49,Bachelor's Degree,0,0,1628000,,,,False,,False,
32032,KULITHALAI,137,KARUR,M.Vadivelan,IND,IND,NONE,M,34,Bachelor's Degree,0,0,231000,,,,False,,False,
32031,KULITHALAI,137,KARUR,N.Ramakrishnan,IND,IND,NONE,M,36,Diploma / ITI,0,0,2239000,,,,False,,False,
32014,KULITHALAI,137,KARUR,O.Kathalingam,IND,IND,NONE,M,44,Bachelor's Degree,0,0,40000,,,,False,,False,
32023,KULITHALAI,137,KARUR,P.Selvakumar,IND,IND,NONE,M,40,Bachelor's Degree,0,0,816000,,,,False,,False,
32012,KULITHALAI,137,KARUR,R.Arunkumar,IND,IND,NONE,M,32,5th Grade,0,0,490,,,,False,,False,
32013,KULITHALAI,137,KARUR,S.Imrankhan,IND,IND,NONE,M,43,Bachelor's Degree,0,0,4208000,,,,False,,False,
32022,KULITHALAI,137,KARUR,S.Senthil Kumar,IND,IND,NONE,M,46,Bachelor's Degree,0,0,3235000,,,,False,,False,
32030,KULITHALAI,137,KARUR,T.Murugantham,IND,IND,NONE,M,42,Bachelor's Degree,0,0,776000,,,,False,,False,
32024,KULITHALAI,137,KARUR,T.Selvaraj,IND,IND,NONE,M,70,10th Grade (SSLC),0,0,,,,,False,,False,
32021,KULITHALAI,137,KARUR,V.Chinnasamy,IND,IND,NONE,M,63,Master's Degree,0,0,61842,,,,False,,False,
32008,KULITHALAI,137,KARUR,Selva.Nanmaaran,NTK,NTK,NTK,M,43,Bachelor's Degree,0,0,,,,,False,,False,
32009,KULITHALAI,137,KARUR,Balasubramani G,Tamilaga Vettri Kazhagam,TVK,TVK,M,49,8th Grade,0,0,85800000,,,,False,,False,
32037,MANAPPARAI,138,TIRUCHIRAPPALLI,Dr. Pl. Vijayakumar,AIADMK,AIADMK,,M,48,Not Specified,0,0,95900000,,,,False,,False,
32035,MANAPPARAI,138,TIRUCHIRAPPALLI,P.Abdul Samed,DMK,DMK,INDIA,M,57,10th Grade (SSLC),0,0,550000,,,,False,,False,
32042,MANAPPARAI,138,TIRUCHIRAPPALLI,A.Raman,IND,IND,NONE,M,56,10th Grade (SSLC),0,0,76846,,,,False,,False,
32048,MANAPPARAI,138,TIRUCHIRAPPALLI,A.Senthil Kumar,IND,IND,NONE,M,41,10th Grade (SSLC),0,0,1042000,,,,False,,False,
32043,MANAPPARAI,138,TIRUCHIRAPPALLI,Kathiravan .M,IND,IND,NONE,M,39,Not Specified,0,0,3200000,,,,False,,False,
32045,MANAPPARAI,138,TIRUCHIRAPPALLI,Kuttaian,IND,IND,NONE,M,61,Not Specified,0,0,5000,,,,False,,False,
32044,MANAPPARAI,138,TIRUCHIRAPPALLI,M.Karuppan,IND,IND,NONE,M,31,10th Grade (SSLC),0,0,1052000,,,,False,,False,
32052,MANAPPARAI,138,TIRUCHIRAPPALLI,M.Vijaya Kumar,IND,IND,NONE,M,63,10th Grade (SSLC),0,0,6000,,,,False,,False,
32047,MANAPPARAI,138,TIRUCHIRAPPALLI,P.Chinnan,IND,IND,NONE,M,51,5th Grade,0,0,4980000,,,,False,,False,
32051,MANAPPARAI,138,TIRUCHIRAPPALLI,P.Vijayakumar,IND,IND,NONE,M,42,10th Grade (SSLC),0,0,5000,,,,False,,False,
32049,MANAPPARAI,138,TIRUCHIRAPPALLI,Periyakka,IND,IND,NONE,F,53,5th Grade,0,0,105000,,,,False,,False,
32050,MANAPPARAI,138,TIRUCHIRAPPALLI,Rajesh .M,IND,IND,NONE,M,27,Bachelor's Degree,0,0,913000,,,,False,,False,
32046,MANAPPARAI,138,TIRUCHIRAPPALLI,Sarphudin,IND,IND,NONE,M,67,Primary (Up to 4th),0,0,100000,,,,False,,False,
32036,MANAPPARAI,138,TIRUCHIRAPPALLI,M.Arunagiri,NTK,NTK,NTK,M,36,Bachelor's Degree,0,0,1021000,,,,False,,False,
32040,MANAPPARAI,138,TIRUCHIRAPPALLI,P.Meena,PT,PT,OTHERS,F,35,8th Grade,0,0,3370000,,,,False,,False,
32038,MANAPPARAI,138,TIRUCHIRAPPALLI,Arockiaraj .A,SMNK,SMNK,,M,47,8th Grade,0,0,9593000,,,,False,,False,
32041,MANAPPARAI,138,TIRUCHIRAPPALLI,Rajavarman .R,TAVK,TAVK,OTHERS,M,29,10th Grade (SSLC),0,0,270000,,,,False,,False,
32039,MANAPPARAI,138,TIRUCHIRAPPALLI,R.Kathiravan,Tamilaga Vettri Kazhagam,TVK,TVK,M,33,Bachelor's Degree,0,0,5037000,,,,False,,False,
32056,SRIRANGAM,139,TIRUCHIRAPPALLI,R.Manoharan,AIADMK,AIADMK,,M,70,Bachelor's Degree,0,0,28600000,,,,False,,False,
32058,SRIRANGAM,139,TIRUCHIRAPPALLI,Kumar. P,AIMMK,AIMMK,,M,48,Not Specified,0,0,111000,,,,False,,False,
32063,SRIRANGAM,139,TIRUCHIRAPPALLI,Vijay .A,AIPTMMK,AIPTMMK,,M,43,Bachelor's Degree,0,0,1560000,,,,False,,False,
32059,SRIRANGAM,139,TIRUCHIRAPPALLI,K.Sakthivel,APTADMK,APTADMK,,M,47,12th Grade (HSC / +2),0,0,3600000,,,,False,,False,
32053,SRIRANGAM,139,TIRUCHIRAPPALLI,Allimuthu.M,BSP,BSP,OTHERS,M,60,12th Grade (HSC / +2),0,0,2356000,,,,False,,False,
32055,SRIRANGAM,139,TIRUCHIRAPPALLI,S.Durairaj,DMK,DMK,INDIA,M,49,Master's Degree,0,0,8291000,,,,False,,False,
32064,SRIRANGAM,139,TIRUCHIRAPPALLI,Anbarasan.M,IND,IND,NONE,M,55,Bachelor's Degree,0,0,2059000,,,,False,,False,
32065,SRIRANGAM,139,TIRUCHIRAPPALLI,Karthick.S,IND,IND,NONE,M,31,Diploma / ITI,0,0,162000,,,,False,,False,
32066,SRIRANGAM,139,TIRUCHIRAPPALLI,Krishnakumar.A,IND,IND,NONE,M,33,Diploma / ITI,0,0,136000,,,,False,,False,
32070,SRIRANGAM,139,TIRUCHIRAPPALLI,Mohamed Musthafa. M,IND,IND,NONE,M,51,Primary (Up to 4th),0,0,11000,,,,False,,False,
32071,SRIRANGAM,139,TIRUCHIRAPPALLI,Muthukumar.P,IND,IND,NONE,M,50,Bachelor's Degree,0,0,136000,,,,False,,False,
32069,SRIRANGAM,139,TIRUCHIRAPPALLI,Paramasivam,IND,IND,NONE,M,55,6th Grade,0,0,137000,,,,False,,False,
32072,SRIRANGAM,139,TIRUCHIRAPPALLI,Ramesh.R,IND,IND,NONE,M,46,10th Grade (SSLC),0,0,601000,,,,False,,False,
32073,SRIRANGAM,139,TIRUCHIRAPPALLI,Ravichandiran.N,IND,IND,NONE,M,60,9th Grade,0,0,753000,,,,False,,False,
32068,SRIRANGAM,139,TIRUCHIRAPPALLI,S.Durairaj,IND,IND,NONE,M,45,Bachelor's Degree,0,0,741000,,,,False,,False,
32067,SRIRANGAM,139,TIRUCHIRAPPALLI,Shashi Kiran .K .N,IND,IND,NONE,M,32,Master's Degree,0,0,325000,,,,False,,False,
32054,SRIRANGAM,139,TIRUCHIRAPPALLI,Dharmaraj. M,NTK,NTK,NTK,M,25,Master's Degree,0,0,1016000,,,,False,,False,
32060,SRIRANGAM,139,TIRUCHIRAPPALLI,Newton.A,PT,PT,OTHERS,M,36,Bachelor's Degree,0,0,51000,,,,False,,False,
32057,SRIRANGAM,139,TIRUCHIRAPPALLI,Kamaraj.K,SMNK,SMNK,,M,59,10th Grade (SSLC),0,0,241000,,,,False,,False,
32061,SRIRANGAM,139,TIRUCHIRAPPALLI,Murali .N,TAVK,TAVK,OTHERS,M,43,8th Grade,0,0,362000,,,,False,,False,
32062,SRIRANGAM,139,TIRUCHIRAPPALLI,Ramesh,Tamilaga Vettri Kazhagam,TVK,TVK,M,31,Bachelor's Degree,0,0,2417000,,,,False,,False,
32077,TIRUCHIRAPALLI (WEST),140,TIRUCHIRAPPALLI,M.Rajasekaran,AMMK,AMMK,OTHERS,M,66,Master's Degree,0,0,20500000,,,,False,,False,
32074,TIRUCHIRAPALLI (WEST),140,TIRUCHIRAPPALLI,Chinnaiyan Poosari,BSP,BSP,OTHERS,M,41,8th Grade,0,0,135000,,,,False,,False,
32075,TIRUCHIRAPALLI (WEST),140,TIRUCHIRAPPALLI,K.N.Nehru,DMK,DMK,INDIA,M,73,12th Grade (HSC / +2),0,0,,,,,False,,False,
32086,TIRUCHIRAPALLI (WEST),140,TIRUCHIRAPPALLI,A.Vasudevan,IND,IND,NONE,M,62,Master's Degree,0,0,50000,,,,False,,False,
32087,TIRUCHIRAPALLI (WEST),140,TIRUCHIRAPPALLI,Jeevanantham.M,IND,IND,NONE,M,49,Master's Degree,0,0,14100000,,,,False,,False,
32082,TIRUCHIRAPALLI (WEST),140,TIRUCHIRAPPALLI,M.Chandrasekaran,IND,IND,NONE,M,66,Bachelor's Degree,0,0,,,,,False,,False,
32081,TIRUCHIRAPALLI (WEST),140,TIRUCHIRAPPALLI,M.Kalaimani,IND,IND,NONE,M,46,10th Grade (SSLC),0,0,65000,,,,False,,False,
32085,TIRUCHIRAPALLI (WEST),140,TIRUCHIRAPPALLI,P.Rajendran,IND,IND,NONE,M,70,10th Grade (SSLC),0,0,11000,,,,False,,False,
32083,TIRUCHIRAPALLI (WEST),140,TIRUCHIRAPPALLI,Sampath,IND,IND,NONE,M,59,10th Grade (SSLC),0,0,23137,,,,False,,False,
32084,TIRUCHIRAPALLI (WEST),140,TIRUCHIRAPPALLI,Sundarapandiyaraja,IND,IND,NONE,M,36,Not Specified,0,0,,,,,False,,False,
32076,TIRUCHIRAPALLI (WEST),140,TIRUCHIRAPPALLI,K.Bhuvaneswari,NTK,NTK,NTK,F,40,Bachelor's Degree,0,0,99000,,,,False,,False,
32080,TIRUCHIRAPALLI (WEST),140,TIRUCHIRAPPALLI,A.Veeramani,SMNK,SMNK,,M,69,10th Grade (SSLC),0,0,301000,,,,False,,False,
32078,TIRUCHIRAPALLI (WEST),140,TIRUCHIRAPPALLI,R.Prabu,TAVK,TAVK,OTHERS,M,46,Bachelor's Degree,0,0,25300000,,,,False,,False,
32079,TIRUCHIRAPALLI (WEST),140,TIRUCHIRAPPALLI,G.Ramamoorthi,Tamilaga Vettri Kazhagam,TVK,TVK,M,70,Not Specified,0,0,10100000,,,,False,,False,
32091,TIRUCHIRAPALLI (EAST),141,TIRUCHIRAPPALLI,G.Rajasekaran,AIADMK,AIADMK,,M,53,Bachelor's Degree,0,0,434800000,,,,False,,False,
32098,TIRUCHIRAPALLI (EAST),141,TIRUCHIRAPPALLI,Vijay .K,AIJMK,AIJMK,OTHERS,M,46,Bachelor's Degree,0,0,113000,,,,False,,False,
32095,TIRUCHIRAPALLI (EAST),141,TIRUCHIRAPPALLI,C.Nanda Kumar,AIPTMMK,AIPTMMK,,M,30,Master's Degree,0,0,40200000,,,,False,,False,
32088,TIRUCHIRAPALLI (EAST),141,TIRUCHIRAPPALLI,R.Elangovan,BSP,BSP,OTHERS,M,60,10th Grade (SSLC),0,0,26000,,,,False,,False,
32089,TIRUCHIRAPALLI (EAST),141,TIRUCHIRAPPALLI,S.Inigo Irudayaraj,DMK,DMK,INDIA,M,53,Doctorate (Ph.D / MD),0,0,110500000,,,,False,,False,
32104,TIRUCHIRAPALLI (EAST),141,TIRUCHIRAPPALLI,G.Sebastian Anand,IND,IND,NONE,M,37,Bachelor's Degree,0,0,831000,,,,False,,False,
32106,TIRUCHIRAPALLI (EAST),141,TIRUCHIRAPPALLI,J.Robert Christy,IND,IND,NONE,M,62,10th Grade (SSLC),0,0,1851000,,,,False,,False,
32102,TIRUCHIRAPALLI (EAST),141,TIRUCHIRAPPALLI,Kannan .S,IND,IND,NONE,M,31,12th Grade (HSC / +2),0,0,711000,,,,False,,False,
32103,TIRUCHIRAPALLI (EAST),141,TIRUCHIRAPPALLI,P.Charles Sagayaraj,IND,IND,NONE,M,49,Master's Degree,0,0,1455000,,,,False,,False,
32107,TIRUCHIRAPALLI (EAST),141,TIRUCHIRAPPALLI,P.Rajendran,IND,IND,NONE,M,70,10th Grade (SSLC),0,0,11000,,,,False,,False,
32105,TIRUCHIRAPALLI (EAST),141,TIRUCHIRAPPALLI,S.Panneer Selvam,IND,IND,NONE,M,59,6th Grade,0,0,375000,,,,False,,False,
32101,TIRUCHIRAPALLI (EAST),141,TIRUCHIRAPPALLI,T.Gangai Ulaganathan,IND,IND,NONE,M,47,10th Grade (SSLC),0,0,15000,,,,False,,False,
32092,TIRUCHIRAPALLI (EAST),141,TIRUCHIRAPPALLI,Anand Selvaraj,NMSP,NMSP,,M,37,Diploma / ITI,0,0,1438000,,,,False,,False,
32090,TIRUCHIRAPALLI (EAST),141,TIRUCHIRAPPALLI,Dr.Krishnasamy .V,NTK,NTK,NTK,M,38,Not Specified,0,0,42000000,,,,False,,False,
32093,TIRUCHIRAPALLI (EAST),141,TIRUCHIRAPPALLI,N.Gobinath,PT,PT,OTHERS,M,46,Bachelor's Degree,0,0,51000,,,,False,,False,
32096,TIRUCHIRAPALLI (EAST),141,TIRUCHIRAPPALLI,R.Muthukumar,SMNK,SMNK,,M,61,9th Grade,0,0,242000,,,,False,,False,
32097,TIRUCHIRAPALLI (EAST),141,TIRUCHIRAPPALLI,Royal Raja,TAVK,TAVK,OTHERS,M,42,Bachelor's Degree,0,0,795000,,,,False,,False,
32094,TIRUCHIRAPALLI (EAST),141,TIRUCHIRAPPALLI,Sukumar .S,TPMK,TPMK,,M,63,10th Grade (SSLC),0,0,10000,,,,False,,False,
32100,TIRUCHIRAPALLI (EAST),141,TIRUCHIRAPPALLI,C.Joseph Vijay,Tamilaga Vettri Kazhagam,TVK,TVK,M,51,Bachelor's Degree,0,0,6029100000,,,,False,,False,
32099,TIRUCHIRAPALLI (EAST),141,TIRUCHIRAPPALLI,Vijaia Mohanaaji .Ma,VVP,VVP,,M,73,Bachelor's Degree,0,0,46000000,,,,False,,False,
32109,THIRUVERAMBUR,142,TIRUCHIRAPPALLI,Kumar. P,AIADMK,AIADMK,,M,62,Diploma / ITI,0,0,3903000,,,,False,,False,
32111,THIRUVERAMBUR,142,TIRUCHIRAPPALLI,Visithra. S,BSP,BSP,OTHERS,F,31,Bachelor's Degree,0,0,135000,,,,False,,False,
32108,THIRUVERAMBUR,142,TIRUCHIRAPPALLI,Anbil Mahesh Poyyamozhi,DMK,DMK,INDIA,M,48,Not Specified,0,0,50500000,,,,False,,False,
32120,THIRUVERAMBUR,142,TIRUCHIRAPPALLI,Charles. S,IND,IND,NONE,M,71,12th Grade (HSC / +2),0,0,240000,,,,False,,False,
32122,THIRUVERAMBUR,142,TIRUCHIRAPPALLI,Deepak. P,IND,IND,NONE,M,44,Doctorate (Ph.D / MD),0,0,2954000,,,,False,,False,
32125,THIRUVERAMBUR,142,TIRUCHIRAPPALLI,Dr. Mohana Chelvan. P,IND,IND,NONE,M,52,Not Specified,0,0,152000,,,,False,,False,
32133,THIRUVERAMBUR,142,TIRUCHIRAPPALLI,Habeeb Rahaman. H,IND,IND,NONE,M,29,Diploma / ITI,0,0,25800,,,,False,,False,
32131,THIRUVERAMBUR,142,TIRUCHIRAPPALLI,Jayachandran. P,IND,IND,NONE,M,55,10th Grade (SSLC),0,0,2029000,,,,False,,False,
32118,THIRUVERAMBUR,142,TIRUCHIRAPPALLI,Kumar. K,IND,IND,NONE,M,74,10th Grade (SSLC),0,0,51200,,,,False,,False,
32119,THIRUVERAMBUR,142,TIRUCHIRAPPALLI,Kumar. P,IND,IND,NONE,M,62,Diploma / ITI,0,0,3903,,,,False,,False,
32124,THIRUVERAMBUR,142,TIRUCHIRAPPALLI,Muruganantham. G,IND,IND,NONE,M,46,Bachelor's Degree,0,0,11600000,,,,False,,False,
32123,THIRUVERAMBUR,142,TIRUCHIRAPPALLI,Poulosh. D,IND,IND,NONE,M,49,Diploma / ITI,0,0,6325000,,,,False,,False,
32126,THIRUVERAMBUR,142,TIRUCHIRAPPALLI,Ramachandran. V,IND,IND,NONE,M,69,5th Grade,0,0,1898000,,,,False,,False,
32132,THIRUVERAMBUR,142,TIRUCHIRAPPALLI,Shajagan. A,IND,IND,NONE,M,54,6th Grade,0,0,26000,,,,False,,False,
32121,THIRUVERAMBUR,142,TIRUCHIRAPPALLI,Subbulakshmi. R,IND,IND,NONE,F,43,Diploma / ITI,0,0,655000,,,,False,,False,
32130,THIRUVERAMBUR,142,TIRUCHIRAPPALLI,Vetrivel Kanna. P,IND,IND,NONE,M,28,Diploma / ITI,0,0,467000,,,,False,,False,
32128,THIRUVERAMBUR,142,TIRUCHIRAPPALLI,Vijayakumar. C,IND,IND,NONE,M,45,Bachelor's Degree,0,0,709,,,,False,,False,
32129,THIRUVERAMBUR,142,TIRUCHIRAPPALLI,Vijayakumar. N,IND,IND,NONE,M,64,Not Specified,0,0,103,,,,False,,False,
32127,THIRUVERAMBUR,142,TIRUCHIRAPPALLI,Vincentraj. A,IND,IND,NONE,M,48,10th Grade (SSLC),0,0,521000,,,,False,,False,
32117,THIRUVERAMBUR,142,TIRUCHIRAPPALLI,Yesuraj. I,IND,IND,NONE,M,66,Not Specified,0,0,20000,,,,False,,False,
32110,THIRUVERAMBUR,142,TIRUCHIRAPPALLI,Rajessh. T,NTK,NTK,NTK,M,46,Bachelor's Degree,0,0,3388000,,,,False,,False,
32113,THIRUVERAMBUR,142,TIRUCHIRAPPALLI,Pitchaimuthu. A,PT,PT,OTHERS,M,52,Master's Degree,0,0,877000,,,,False,,False,
32116,THIRUVERAMBUR,142,TIRUCHIRAPPALLI,Joseph. L,SMNK,SMNK,,M,53,5th Grade,0,0,1657000,,,,False,,False,
32114,THIRUVERAMBUR,142,TIRUCHIRAPPALLI,Ranjith. S,TAVK,TAVK,OTHERS,M,39,Diploma / ITI,0,0,15600,,,,False,,False,
32112,THIRUVERAMBUR,142,TIRUCHIRAPPALLI,Kumaravel. T,TPMK,TPMK,,M,51,10th Grade (SSLC),0,0,3315000,,,,False,,False,
32115,THIRUVERAMBUR,142,TIRUCHIRAPPALLI,Vijayakumar (A) Navalpattu S.Viji,Tamilaga Vettri Kazhagam,TVK,TVK,M,56,10th Grade (SSLC),0,0,71000,,,,False,,False,
32137,LALGUDI,143,TIRUCHIRAPPALLI,Leemarose Martin,AIADMK,AIADMK,,F,58,10th Grade (SSLC),0,0,10495700000,,,,False,,False,
32143,LALGUDI,143,TIRUCHIRAPPALLI,Josephin,AIPTMMK,AIPTMMK,,F,50,10th Grade (SSLC),0,0,408000,,,,False,,False,
32135,LALGUDI,143,TIRUCHIRAPPALLI,Pratheeba,BSP,BSP,OTHERS,F,44,Diploma / ITI,0,0,567000,,,,False,,False,
32134,LALGUDI,143,TIRUCHIRAPPALLI,T.Parivallal,DMK,DMK,INDIA,M,50,12th Grade (HSC / +2),0,0,,,,,False,,False,
32144,LALGUDI,143,TIRUCHIRAPPALLI,A.Amalan Savarimuthu,IND,IND,NONE,M,76,Not Specified,0,0,183000,,,,False,,False,
32157,LALGUDI,143,TIRUCHIRAPPALLI,A.Jegan Salamondoss,IND,IND,NONE,M,47,8th Grade,0,0,,,,,False,,False,
32149,LALGUDI,143,TIRUCHIRAPPALLI,Dhanamoorthy .R,IND,IND,NONE,M,42,9th Grade,0,0,5070000,,,,False,,False,
32156,LALGUDI,143,TIRUCHIRAPPALLI,Jinnah Jakeer Hussain,IND,IND,NONE,M,50,Bachelor's Degree,0,0,27200000,,,,False,,False,
32148,LALGUDI,143,TIRUCHIRAPPALLI,K.Dharmaraj,IND,IND,NONE,M,54,8th Grade,0,0,390000,,,,False,,False,
32146,LALGUDI,143,TIRUCHIRAPPALLI,K.Senthilkumar,IND,IND,NONE,M,47,9th Grade,0,0,13500,,,,False,,False,
32145,LALGUDI,143,TIRUCHIRAPPALLI,M.Krishnan,IND,IND,NONE,M,56,10th Grade (SSLC),0,0,685000,,,,False,,False,
32155,LALGUDI,143,TIRUCHIRAPPALLI,M.Rameshkumar,IND,IND,NONE,M,39,9th Grade,0,0,660000,,,,False,,False,
32152,LALGUDI,143,TIRUCHIRAPPALLI,Mansoor Alikhan,IND,IND,NONE,M,63,10th Grade (SSLC),0,0,913000,,,,False,,False,
32154,LALGUDI,143,TIRUCHIRAPPALLI,Mohamed Abubakkar Siddiq,IND,IND,NONE,M,53,8th Grade,0,0,18500,,,,False,,False,
32150,LALGUDI,143,TIRUCHIRAPPALLI,R.Dineshkumar,IND,IND,NONE,M,36,Bachelor's Degree,0,0,2110000,,,,False,,False,
32151,LALGUDI,143,TIRUCHIRAPPALLI,R.Ponsilambu,IND,IND,NONE,F,36,Master's Degree,0,0,1330000,,,,False,,False,
32147,LALGUDI,143,TIRUCHIRAPPALLI,R.Tamilarasan,IND,IND,NONE,M,53,10th Grade (SSLC),0,0,872000,,,,False,,False,
32153,LALGUDI,143,TIRUCHIRAPPALLI,V.Muthusamy,IND,IND,NONE,M,75,10th Grade (SSLC),0,0,1974000,,,,False,,False,
32136,LALGUDI,143,TIRUCHIRAPPALLI,N.Madhan,NTK,NTK,NTK,M,30,Bachelor's Degree,0,0,20700000,,,,False,,False,
32139,LALGUDI,143,TIRUCHIRAPPALLI,P.Elanchezhiyan,PT,PT,OTHERS,M,43,Bachelor's Degree,0,0,612000,,,,False,,False,
32138,LALGUDI,143,TIRUCHIRAPPALLI,K.Immaculate Mary,SMNK,SMNK,,F,49,10th Grade (SSLC),0,0,345000,,,,False,,False,
32140,LALGUDI,143,TIRUCHIRAPPALLI,E.Yesudoss,TAMNK,TAMNK,,M,59,Diploma / ITI,0,0,1516000,,,,False,,False,
32142,LALGUDI,143,TIRUCHIRAPPALLI,P.Saravanan,TAVK,TAVK,OTHERS,M,49,10th Grade (SSLC),0,0,51500,,,,False,,False,
32141,LALGUDI,143,TIRUCHIRAPPALLI,Ku Pa Krishnan,Tamilaga Vettri Kazhagam,TVK,TVK,M,76,Bachelor's Degree,0,0,49300000,,,,False,,False,
32160,MANACHANALLUR,144,TIRUCHIRAPPALLI,R.V.Bharathan,AIADMK,AIADMK,,M,44,Bachelor's Degree,0,0,146200000,,,,False,,False,
32165,MANACHANALLUR,144,TIRUCHIRAPPALLI,Revathi. S,AIMMK,AIMMK,,F,42,10th Grade (SSLC),0,0,148000,,,,False,,False,
32161,MANACHANALLUR,144,TIRUCHIRAPPALLI,Balakrishnan (A) Amoor Balu,BSP,BSP,OTHERS,M,60,12th Grade (HSC / +2),0,0,31000,,,,False,,False,
32158,MANACHANALLUR,144,TIRUCHIRAPPALLI,Kathiravan. S,DMK,DMK,INDIA,M,51,Bachelor's Degree,0,0,406900000,,,,False,,False,
32172,MANACHANALLUR,144,TIRUCHIRAPPALLI,Divesh. S,IND,IND,NONE,M,40,Not Specified,0,0,345000,,,,False,,False,
32168,MANACHANALLUR,144,TIRUCHIRAPPALLI,Gopalakrishnan. V,IND,IND,NONE,M,54,Master's Degree,0,0,302000,,,,False,,False,
32179,MANACHANALLUR,144,TIRUCHIRAPPALLI,Jayaraman. M,IND,IND,NONE,M,51,Bachelor's Degree,0,0,2310000,,,,False,,False,
32167,MANACHANALLUR,144,TIRUCHIRAPPALLI,Karthikeyan. P,IND,IND,NONE,M,47,Bachelor's Degree,0,0,5780000,,,,False,,False,
32173,MANACHANALLUR,144,TIRUCHIRAPPALLI,Nagarajan. V,IND,IND,NONE,M,39,Bachelor's Degree,0,0,460000,,,,False,,False,
32175,MANACHANALLUR,144,TIRUCHIRAPPALLI,Radhakrishnan. S,IND,IND,NONE,M,36,9th Grade,0,0,7000,,,,False,,False,
32177,MANACHANALLUR,144,TIRUCHIRAPPALLI,Rajasehar. R,IND,IND,NONE,M,54,Master's Degree,0,0,26000000,,,,False,,False,
32178,MANACHANALLUR,144,TIRUCHIRAPPALLI,Raju. V,IND,IND,NONE,M,53,Master's Degree,0,0,4370000,,,,False,,False,
32174,MANACHANALLUR,144,TIRUCHIRAPPALLI,Ramesh Kumar. G,IND,IND,NONE,M,48,Bachelor's Degree,0,0,71496,,,,False,,False,
32176,MANACHANALLUR,144,TIRUCHIRAPPALLI,Ramprasad. N,IND,IND,NONE,M,39,Not Specified,0,0,,,,,False,,False,
32171,MANACHANALLUR,144,TIRUCHIRAPPALLI,Saravanakumar. S,IND,IND,NONE,M,38,10th Grade (SSLC),0,0,25971,,,,False,,False,
32170,MANACHANALLUR,144,TIRUCHIRAPPALLI,Satheeskumar. K,IND,IND,NONE,M,47,9th Grade,0,0,13500,,,,False,,False,
32169,MANACHANALLUR,144,TIRUCHIRAPPALLI,Shanmugam. V.T,IND,IND,NONE,M,52,Bachelor's Degree,0,0,718000,,,,False,,False,
32159,MANACHANALLUR,144,TIRUCHIRAPPALLI,Thenmozhi. R,NTK,NTK,NTK,F,31,Master's Degree,0,0,326000,,,,False,,False,
32164,MANACHANALLUR,144,TIRUCHIRAPPALLI,Balu. M,PT,PT,OTHERS,M,46,10th Grade (SSLC),0,0,51000,,,,False,,False,
32163,MANACHANALLUR,144,TIRUCHIRAPPALLI,K.Senthilkumar,SMNK,SMNK,,M,47,9th Grade,0,0,13500,,,,False,,False,
32166,MANACHANALLUR,144,TIRUCHIRAPPALLI,Veeraiya. C,TAVK,TAVK,OTHERS,M,57,12th Grade (HSC / +2),0,0,1291000,,,,False,,False,
32162,MANACHANALLUR,144,TIRUCHIRAPPALLI,V.Saravanan,Tamilaga Vettri Kazhagam,TVK,TVK,M,42,10th Grade (SSLC),0,0,13800000,,,,False,,False,
32188,MUSIRI,145,TIRUCHIRAPPALLI,S.Venkateshwaran,ACDP,ACDP,,M,42,10th Grade (SSLC),0,0,586000,,,,False,,False,
32182,MUSIRI,145,TIRUCHIRAPPALLI,N.Yoganathan,AIADMK,AIADMK,,M,56,8th Grade,0,0,13200000,,,,False,,False,
32180,MUSIRI,145,TIRUCHIRAPPALLI,N.S.Karunairaaja,DMK,DMK,INDIA,M,51,Bachelor's Degree,0,0,12600000,,,,False,,False,
32190,MUSIRI,145,TIRUCHIRAPPALLI,P.Loganathan M.Sc.M.Phil,IND,IND,NONE,M,32,Master's Degree,0,0,563000,,,,False,,False,
32189,MUSIRI,145,TIRUCHIRAPPALLI,Senthilkumar,IND,IND,NONE,M,53,6th Grade,0,0,350000,,,,False,,False,
32181,MUSIRI,145,TIRUCHIRAPPALLI,G.Bakiyalakshmi,NTK,NTK,NTK,F,37,Bachelor's Degree,0,0,1028000,,,,False,,False,
32183,MUSIRI,145,TIRUCHIRAPPALLI,M.Chinnaiyan,PT,PT,OTHERS,M,52,10th Grade (SSLC),0,0,272000,,,,False,,False,
32184,MUSIRI,145,TIRUCHIRAPPALLI,K.Dhivya,RSD (R),RSD (R),,F,35,9th Grade,0,0,1025000,,,,False,,False,
32186,MUSIRI,145,TIRUCHIRAPPALLI,Malarmannan.M,SMNK,SMNK,,M,37,12th Grade (HSC / +2),0,0,261000,,,,False,,False,
32185,MUSIRI,145,TIRUCHIRAPPALLI,C.Palanisamy,TAVK,TAVK,OTHERS,M,42,Bachelor's Degree,0,0,10000,,,,False,,False,
32187,MUSIRI,145,TIRUCHIRAPPALLI,M.Vignesh,Tamilaga Vettri Kazhagam,TVK,TVK,M,34,12th Grade (HSC / +2),0,0,7000000,,,,False,,False,
32192,THURAIYUR,146,TIRUCHIRAPPALLI,E.Saroja,AIADMK,AIADMK,,F,51,9th Grade,0,0,28000000,,,,False,,False,
32193,THURAIYUR,146,TIRUCHIRAPPALLI,P.Srinivasan,BSP,BSP,OTHERS,M,71,Not Specified,0,0,12000,,,,False,,False,
32194,THURAIYUR,146,TIRUCHIRAPPALLI,M.Lenin Prasath,INC,INC,INDIA,M,37,Bachelor's Degree,0,0,711000,,,,False,,False,
32198,THURAIYUR,146,TIRUCHIRAPPALLI,E.Saroja,IND,IND,NONE,F,45,8th Grade,0,0,664,,,,False,,False,
32203,THURAIYUR,146,TIRUCHIRAPPALLI,G.Dhineshkumar,IND,IND,NONE,M,44,Bachelor's Degree,0,0,56000,,,,False,,False,
32199,THURAIYUR,146,TIRUCHIRAPPALLI,K.Saroja,IND,IND,NONE,F,65,8th Grade,0,0,118,,,,False,,False,
32201,THURAIYUR,146,TIRUCHIRAPPALLI,K.Selvam,IND,IND,NONE,M,50,Not Specified,0,0,25000,,,,False,,False,
32205,THURAIYUR,146,TIRUCHIRAPPALLI,M.Ravichandran,IND,IND,NONE,M,59,10th Grade (SSLC),0,0,1400000,,,,False,,False,
32204,THURAIYUR,146,TIRUCHIRAPPALLI,N.Muthazhagu,IND,IND,NONE,M,65,6th Grade,0,0,510000,,,,False,,False,
32200,THURAIYUR,146,TIRUCHIRAPPALLI,P.Saroja,IND,IND,NONE,F,54,Master's Degree,0,0,3443,,,,False,,False,
32202,THURAIYUR,146,TIRUCHIRAPPALLI,Selvam .G,IND,IND,NONE,M,51,Master's Degree,0,0,607,,,,False,,False,
32191,THURAIYUR,146,TIRUCHIRAPPALLI,S Kowsalya,NTK,NTK,NTK,F,34,Not Specified,0,0,,,,,False,,False,
32197,THURAIYUR,146,TIRUCHIRAPPALLI,T.Rajamanickam,PT,PT,OTHERS,M,38,10th Grade (SSLC),0,0,100000,,,,False,,False,
32195,THURAIYUR,146,TIRUCHIRAPPALLI,Gnanavettiyan Sivaperumal .K,TAVK,TAVK,OTHERS,M,42,Bachelor's Degree,0,0,46500,,,,False,,False,
32196,THURAIYUR,146,TIRUCHIRAPPALLI,Ravisankar.M,Tamilaga Vettri Kazhagam,TVK,TVK,M,41,Not Specified,0,0,500000,,,,False,,False,
32208,PERAMBALUR,147,PERAMBALUR,Thamizhselvan. R,AIADMK,AIADMK,,M,52,Bachelor's Degree,0,0,9086000,,,,False,,False,
32206,PERAMBALUR,147,PERAMBALUR,Arivazhagan. D,BSP,BSP,OTHERS,M,40,12th Grade (HSC / +2),0,0,692000,,,,False,,False,
32209,PERAMBALUR,147,PERAMBALUR,Dr. Jayalakshmi. S.T,DMK,DMK,INDIA,F,49,Bachelor's Degree,0,0,162500000,,,,False,,False,
32212,PERAMBALUR,147,PERAMBALUR,Anandajothi Paramasivam,IND,IND,NONE,M,47,10th Grade (SSLC),0,0,754000,,,,False,,False,
32213,PERAMBALUR,147,PERAMBALUR,Chandrakumar. P,IND,IND,NONE,M,39,Bachelor's Degree,0,0,403000,,,,False,,False,
32216,PERAMBALUR,147,PERAMBALUR,Jayachandran. B,IND,IND,NONE,M,41,Master's Degree,0,0,328000,,,,False,,False,
32214,PERAMBALUR,147,PERAMBALUR,Shiyamala. M,IND,IND,NONE,F,42,Master's Degree,0,0,491000,,,,False,,False,
32215,PERAMBALUR,147,PERAMBALUR,Subramanian. R,IND,IND,NONE,M,37,9th Grade,0,0,285000,,,,False,,False,
32207,PERAMBALUR,147,PERAMBALUR,Suganya. J,NTK,NTK,NTK,F,37,Bachelor's Degree,0,0,808000,,,,False,,False,
32211,PERAMBALUR,147,PERAMBALUR,Dhamodharan. S,TAVK,TAVK,OTHERS,M,43,Master's Degree,0,0,815000,,,,False,,False,
32210,PERAMBALUR,147,PERAMBALUR,Sivakumar. K,Tamilaga Vettri Kazhagam,TVK,TVK,M,48,12th Grade (HSC / +2),0,0,116000,,,,False,,False,
32218,KUNNAM,148,PERAMBALUR,Saranya. A,AIADMK,AIADMK,,F,36,Master's Degree,0,0,20900000,,,,False,,False,
32220,KUNNAM,148,PERAMBALUR,Nallusamy. K.M,BSP,BSP,OTHERS,M,42,12th Grade (HSC / +2),0,0,6500,,,,False,,False,
32219,KUNNAM,148,PERAMBALUR,Sivasankar. S.S,DMK,DMK,INDIA,M,56,Bachelor's Degree,0,0,63600000,,,,False,,False,
32227,KUNNAM,148,PERAMBALUR,Chandrasekar. P,IND,IND,NONE,M,37,Master's Degree,0,0,733000,,,,False,,False,
32226,KUNNAM,148,PERAMBALUR,Kathiravan. A.C,IND,IND,NONE,M,55,Bachelor's Degree,0,0,276000,,,,False,,False,
32232,KUNNAM,148,PERAMBALUR,Muthamilselvan. D,IND,IND,NONE,M,41,10th Grade (SSLC),0,0,211000,,,,False,,False,
32231,KUNNAM,148,PERAMBALUR,Nallathambi. P,IND,IND,NONE,M,54,12th Grade (HSC / +2),0,0,177000,,,,False,,False,
32228,KUNNAM,148,PERAMBALUR,Saminathan. C,IND,IND,NONE,M,74,Not Specified,0,0,390000,,,,False,,False,
32235,KUNNAM,148,PERAMBALUR,Shajahan,IND,IND,NONE,M,41,7th Grade,0,0,4550000,,,,False,,False,
32229,KUNNAM,148,PERAMBALUR,Sivasankaran. P,IND,IND,NONE,M,47,Bachelor's Degree,0,0,,,,,False,,False,
32230,KUNNAM,148,PERAMBALUR,Thanasekar. R,IND,IND,NONE,M,38,Diploma / ITI,0,0,6954000,,,,False,,False,
32225,KUNNAM,148,PERAMBALUR,Udhayasuriyan. T,IND,IND,NONE,M,37,12th Grade (HSC / +2),0,0,142000,,,,False,,False,
32234,KUNNAM,148,PERAMBALUR,Vinothkumar. M,IND,IND,NONE,M,33,Not Specified,0,0,173000,,,,False,,False,
32233,KUNNAM,148,PERAMBALUR,Vivek. T,IND,IND,NONE,M,36,12th Grade (HSC / +2),0,0,737000,,,,False,,False,
32223,KUNNAM,148,PERAMBALUR,Elangovan. K,NMK,NMK,OTHERS,M,49,9th Grade,0,0,12000,,,,False,,False,
32217,KUNNAM,148,PERAMBALUR,Keerthivasan. R,NTK,NTK,NTK,M,26,Bachelor's Degree,0,0,462000,,,,False,,False,
32222,KUNNAM,148,PERAMBALUR,Raja. S.P,TAVK,TAVK,OTHERS,M,55,12th Grade (HSC / +2),0,0,12200,,,,False,,False,
32221,KUNNAM,148,PERAMBALUR,Anbuthamizhan. T,TPK,TPK,,M,34,Bachelor's Degree,0,0,156000,,,,False,,False,
32224,KUNNAM,148,PERAMBALUR,Revathi Muthamilselvan,Tamilaga Vettri Kazhagam,TVK,TVK,F,42,Bachelor's Degree,0,0,14600000,,,,False,,False,
32237,ARIYALUR,149,ARIYALUR,Rajendran S,AIADMK,AIADMK,,M,66,9th Grade,0,0,14300000,,,,False,,False,
32243,ARIYALUR,149,ARIYALUR,Rajkumar S,AIPTMMK,AIPTMMK,,M,50,Not Specified,0,0,800000,,,,False,,False,
32239,ARIYALUR,149,ARIYALUR,Stalin V,BSP,BSP,OTHERS,M,36,Bachelor's Degree,0,0,14000000,,,,False,,False,
32238,ARIYALUR,149,ARIYALUR,Latha Balu,DMK,DMK,INDIA,F,49,Master's Degree,0,0,,,,,False,,False,
32244,ARIYALUR,149,ARIYALUR,Elaiyaraja C,IND,IND,NONE,M,35,Bachelor's Degree,0,0,651000,,,,False,,False,
32250,ARIYALUR,149,ARIYALUR,Jothibasu K,IND,IND,NONE,M,42,Doctorate (Ph.D / MD),0,0,500000,,,,False,,False,
32245,ARIYALUR,149,ARIYALUR,Krishnamoorthy C,IND,IND,NONE,M,43,Not Specified,0,0,734000,,,,False,,False,
32246,ARIYALUR,149,ARIYALUR,Kumar K,IND,IND,NONE,M,40,Not Specified,0,0,25650,,,,False,,False,
32248,ARIYALUR,149,ARIYALUR,Rajkumar K,IND,IND,NONE,M,53,Bachelor's Degree,0,0,11100000,,,,False,,False,
32247,ARIYALUR,149,ARIYALUR,Semmalai T,IND,IND,NONE,M,51,10th Grade (SSLC),0,0,933000,,,,False,,False,
32249,ARIYALUR,149,ARIYALUR,Vetrivel G,IND,IND,NONE,M,48,Bachelor's Degree,0,0,502000,,,,False,,False,
32240,ARIYALUR,149,ARIYALUR,Thanga. Shanmuga Sundaram,NMK,NMK,OTHERS,M,48,Bachelor's Degree,0,0,10500000,,,,False,,False,
32236,ARIYALUR,149,ARIYALUR,Pugazhendhi D,NTK,NTK,NTK,M,26,Diploma / ITI,0,0,186000,,,,False,,False,
32242,ARIYALUR,149,ARIYALUR,Sudhakar M,TAVK,TAVK,OTHERS,M,42,10th Grade (SSLC),0,0,6911000,,,,False,,False,
32241,ARIYALUR,149,ARIYALUR,Sivakumar M,Tamilaga Vettri Kazhagam,TVK,TVK,M,48,Bachelor's Degree,0,0,3968000,,,,False,,False,
32259,JAYANKONDAM,150,ARIYALUR,Ravisankar N,AJPK,AJPK,,M,54,12th Grade (HSC / +2),0,0,2785000,,,,False,,False,
32252,JAYANKONDAM,150,ARIYALUR,Chinnadurai S,BSP,BSP,OTHERS,M,53,12th Grade (HSC / +2),0,0,623000,,,,False,,False,
32251,JAYANKONDAM,150,ARIYALUR,Kannan Ka.So.Ka,DMK,DMK,INDIA,M,47,Master's Degree,0,0,97400000,,,,False,,False,
32254,JAYANKONDAM,150,ARIYALUR,Azhagesan V.R,DMSK,DMSK,OTHERS,M,66,Master's Degree,0,0,1855000,,,,False,,False,
32262,JAYANKONDAM,150,ARIYALUR,Anandhakumar R,IND,IND,NONE,M,56,Diploma / ITI,0,0,125000,,,,False,,False,
32266,JAYANKONDAM,150,ARIYALUR,Chanthirasekar S,IND,IND,NONE,M,45,Not Specified,0,0,192000,,,,False,,False,
32265,JAYANKONDAM,150,ARIYALUR,Gurunathan N,IND,IND,NONE,M,53,Not Specified,0,0,3000,,,,False,,False,
32263,JAYANKONDAM,150,ARIYALUR,Isac Newtan J,IND,IND,NONE,M,30,Diploma / ITI,0,0,,,,,False,,False,
32264,JAYANKONDAM,150,ARIYALUR,Kannan K,IND,IND,NONE,M,39,Bachelor's Degree,0,0,12000,,,,False,,False,
32268,JAYANKONDAM,150,ARIYALUR,Venkatajalapathi R,IND,IND,NONE,M,59,8th Grade,0,0,566000,,,,False,,False,
32269,JAYANKONDAM,150,ARIYALUR,Vezhaventhan D,IND,IND,NONE,M,40,Doctorate (Ph.D / MD),0,0,2153000,,,,False,,False,
32267,JAYANKONDAM,150,ARIYALUR,Vinothsavariremijeas C,IND,IND,NONE,M,36,10th Grade (SSLC),0,0,4578000,,,,False,,False,
32255,JAYANKONDAM,150,ARIYALUR,Ravanan M,NMK,NMK,OTHERS,M,59,Diploma / ITI,0,0,14300,,,,False,,False,
32253,JAYANKONDAM,150,ARIYALUR,Revathi K,NTK,NTK,NTK,F,37,Master's Degree,0,0,282000,,,,False,,False,
32260,JAYANKONDAM,150,ARIYALUR,Vaithilingam G,PMK,PMK,NDA,M,52,12th Grade (HSC / +2),0,0,18300000,,,,False,,False,
32257,JAYANKONDAM,150,ARIYALUR,Sankar M,RSD (R),RSD (R),,M,42,5th Grade,0,0,101000,,,,False,,False,
32258,JAYANKONDAM,150,ARIYALUR,Pagutharivalan A,TAVK,TAVK,OTHERS,M,35,Bachelor's Degree,0,0,1387000,,,,False,,False,
32256,JAYANKONDAM,150,ARIYALUR,Kavitha Rajendran G,Tamilaga Vettri Kazhagam,TVK,TVK,M,65,10th Grade (SSLC),0,0,2903000,,,,False,,False,
32261,JAYANKONDAM,150,ARIYALUR,Jayabalan G,VTNMK,VTNMK,,M,66,Bachelor's Degree,0,0,8964000,,,,False,,False,
32273,TITTAKUDI,151,CUDDALORE,Murugumaran N,AIADMK,AIADMK,,M,54,Bachelor's Degree,0,0,31400000,,,,False,,False,
32275,TITTAKUDI,151,CUDDALORE,Palanivel R,AIPTMMK,AIPTMMK,,M,56,Not Specified,0,0,27900000,,,,False,,False,
32274,TITTAKUDI,151,CUDDALORE,Sathya M,AJPK,AJPK,,F,31,Bachelor's Degree,0,0,11200000,,,,False,,False,
32277,TITTAKUDI,151,CUDDALORE,Jayaraman N,BDP,BDP,,M,35,8th Grade,0,0,10000,,,,False,,False,
32270,TITTAKUDI,151,CUDDALORE,Ravichandran K.P,BSP,BSP,OTHERS,M,59,Primary (Up to 4th),0,0,800000,,,,False,,False,
32271,TITTAKUDI,151,CUDDALORE,Ganesan C.V,DMK,DMK,INDIA,M,67,Master's Degree,0,0,5995000,,,,False,,False,
32282,TITTAKUDI,151,CUDDALORE,Murugan A,IND,IND,NONE,M,51,12th Grade (HSC / +2),0,0,2303000,,,,False,,False,
32280,TITTAKUDI,151,CUDDALORE,Padmanathan V,IND,IND,NONE,M,54,Bachelor's Degree,0,0,25000,,,,False,,False,
32281,TITTAKUDI,151,CUDDALORE,Perinbam D,IND,IND,NONE,M,39,12th Grade (HSC / +2),0,0,382000,,,,False,,False,
32279,TITTAKUDI,151,CUDDALORE,Silambarasan J,IND,IND,NONE,M,41,Not Specified,0,0,526000,,,,False,,False,
32283,TITTAKUDI,151,CUDDALORE,Velmurugan G,IND,IND,NONE,M,31,Bachelor's Degree,0,0,287000,,,,False,,False,
32272,TITTAKUDI,151,CUDDALORE,Mahalakshmi V,NTK,NTK,NTK,F,27,Bachelor's Degree,0,0,319000,,,,False,,False,
32278,TITTAKUDI,151,CUDDALORE,Jaya K,TAVK,TAVK,OTHERS,F,47,10th Grade (SSLC),0,0,501000,,,,False,,False,
32276,TITTAKUDI,151,CUDDALORE,Rajasekar A,Tamilaga Vettri Kazhagam,TVK,TVK,M,46,10th Grade (SSLC),0,0,849000,,,,False,,False,
32288,VRIDDHACHALAM,152,CUDDALORE,Arivudainambi.S,ACDP,ACDP,,M,56,Bachelor's Degree,0,0,6913000,,,,False,,False,
32291,VRIDDHACHALAM,152,CUDDALORE,Gnanasundari.M,AJPK,AJPK,,F,40,Bachelor's Degree,0,0,1684000,,,,False,,False,
32289,VRIDDHACHALAM,152,CUDDALORE,Sathiya.B,AMK,AMK,,F,36,Bachelor's Degree,0,0,7906000,,,,False,,False,
32285,VRIDDHACHALAM,152,CUDDALORE,Sivaprakasam.V,BSP,BSP,OTHERS,M,68,9th Grade,0,0,556000,,,,False,,False,
32286,VRIDDHACHALAM,152,CUDDALORE,Premallatha Vijayakant,DMDK,DMDK,NDA,F,60,Bachelor's Degree,0,0,,,,,False,,False,
32290,VRIDDHACHALAM,152,CUDDALORE,Sidharthan.S,DMSK,DMSK,OTHERS,M,62,Master's Degree,0,0,5000,,,,False,,False,
32299,VRIDDHACHALAM,152,CUDDALORE,Balu.P,IND,IND,NONE,M,39,12th Grade (HSC / +2),0,0,312000,,,,False,,False,
32298,VRIDDHACHALAM,152,CUDDALORE,Deiveegadass.M,IND,IND,NONE,M,46,10th Grade (SSLC),0,0,1183000,,,,False,,False,
32297,VRIDDHACHALAM,152,CUDDALORE,Durai.K,IND,IND,NONE,M,49,Master's Degree,0,0,1205000,,,,False,,False,
32294,VRIDDHACHALAM,152,CUDDALORE,Ezhilkumar.K,IND,IND,NONE,M,43,10th Grade (SSLC),0,0,26000,,,,False,,False,
32301,VRIDDHACHALAM,152,CUDDALORE,Jayaprakash.S,IND,IND,NONE,M,37,12th Grade (HSC / +2),0,0,713000,,,,False,,False,
32300,VRIDDHACHALAM,152,CUDDALORE,Prabakaran.T,IND,IND,NONE,M,35,10th Grade (SSLC),0,0,2070000,,,,False,,False,
32295,VRIDDHACHALAM,152,CUDDALORE,Sivasankaran.K,IND,IND,NONE,M,38,Bachelor's Degree,0,0,394000,,,,False,,False,
32296,VRIDDHACHALAM,152,CUDDALORE,Srinivasan.R,IND,IND,NONE,M,53,10th Grade (SSLC),0,0,15000,,,,False,,False,
32284,VRIDDHACHALAM,152,CUDDALORE,Ananthi Dhandapani,NTK,NTK,NTK,F,37,Bachelor's Degree,0,0,,,,,False,,False,
32292,VRIDDHACHALAM,152,CUDDALORE,Dr.Tamizharasi.P,PMK,PMK,NDA,F,71,Bachelor's Degree,0,0,33700000,,,,False,,False,
32287,VRIDDHACHALAM,152,CUDDALORE,Arivazhagan.E.N,TAVK,TAVK,OTHERS,M,50,Diploma / ITI,0,0,3545000,,,,False,,False,
32293,VRIDDHACHALAM,152,CUDDALORE,Vijay.S,Tamilaga Vettri Kazhagam,TVK,TVK,M,40,Bachelor's Degree,0,0,3799000,,,,False,,False,
32303,NEYVELI,153,CUDDALORE,Rajendran.R,AIADMK,AIADMK,,M,65,Bachelor's Degree,0,0,7590000,,,,False,,False,
32305,NEYVELI,153,CUDDALORE,Jothimurugan.V,BSP,BSP,OTHERS,M,42,12th Grade (HSC / +2),0,0,341000,,,,False,,False,
32302,NEYVELI,153,CUDDALORE,Saba.Rajendran,DMK,DMK,INDIA,M,64,Bachelor's Degree,0,0,23800000,,,,False,,False,
32311,NEYVELI,153,CUDDALORE,Chezhiyan.G,IND,IND,NONE,M,39,Master's Degree,0,0,27535,,,,False,,False,
32309,NEYVELI,153,CUDDALORE,Karthikeyan.C.M,IND,IND,NONE,M,34,Bachelor's Degree,0,0,1824000,,,,False,,False,
32312,NEYVELI,153,CUDDALORE,Manimaran.P,IND,IND,NONE,M,45,10th Grade (SSLC),0,0,10000,,,,False,,False,
32310,NEYVELI,153,CUDDALORE,Sathiyaseelan.M,IND,IND,NONE,M,44,Bachelor's Degree,0,0,33500,,,,False,,False,
32304,NEYVELI,153,CUDDALORE,Veeramani.B,NTK,NTK,NTK,M,43,Not Specified,0,0,4471000,,,,False,,False,
32307,NEYVELI,153,CUDDALORE,Thirumalvalavan.T,TAVK,TAVK,OTHERS,M,56,Master's Degree,0,0,98900000,,,,False,,False,
32306,NEYVELI,153,CUDDALORE,Anand.K,Tamilaga Vettri Kazhagam,TVK,TVK,M,40,Bachelor's Degree,0,0,4053000,,,,False,,False,
32308,NEYVELI,153,CUDDALORE,Mayakrishnan.K,VTVTK,VTVTK,,M,53,Not Specified,0,0,,,,,False,,False,
32315,PANRUTI,154,CUDDALORE,Mohan. K,AIADMK,AIADMK,,M,43,9th Grade,0,0,22100000,,,,False,,False,
32316,PANRUTI,154,CUDDALORE,Srikanthu. S,BSP,BSP,OTHERS,M,42,10th Grade (SSLC),0,0,805000,,,,False,,False,
32320,PANRUTI,154,CUDDALORE,Mohammed Safi. A,IND,IND,NONE,M,25,Bachelor's Degree,0,0,1531000,,,,False,,False,
32321,PANRUTI,154,CUDDALORE,Ramalingam. A,IND,IND,NONE,M,76,10th Grade (SSLC),0,0,5000,,,,False,,False,
32314,PANRUTI,154,CUDDALORE,Banupriya. M,NTK,NTK,NTK,F,32,Master's Degree,0,0,1157000,,,,False,,False,
32317,PANRUTI,154,CUDDALORE,Surendar. R,TAVK,TAVK,OTHERS,M,42,Master's Degree,0,0,1346000,,,,False,,False,
32318,PANRUTI,154,CUDDALORE,Prakash. R,TPMK,TPMK,,M,41,Not Specified,0,0,3567000,,,,False,,False,
32319,PANRUTI,154,CUDDALORE,Manikandan. M,Tamilaga Vettri Kazhagam,TVK,TVK,M,35,Bachelor's Degree,0,0,1670000,,,,False,,False,
32313,PANRUTI,154,CUDDALORE,Abdur Rahman. A.R,VCK,VCK,INDIA,M,62,12th Grade (HSC / +2),0,0,1671000,,,,False,,False,
32323,CUDDALORE,155,CUDDALORE,M.C.Sampath,AIADMK,AIADMK,,M,67,Bachelor's Degree,0,0,6632000,,,,False,,False,
32326,CUDDALORE,155,CUDDALORE,S.Ramasamy,AIPTMMK,AIPTMMK,,M,70,10th Grade (SSLC),0,0,955000,,,,False,,False,
32325,CUDDALORE,155,CUDDALORE,P.Natarajan,BSP,BSP,OTHERS,M,43,Bachelor's Degree,0,0,881000,,,,False,,False,
32322,CUDDALORE,155,CUDDALORE,A.S.Chandarasekaran,INC,INC,INDIA,M,58,Bachelor's Degree,0,0,81800000,,,,False,,False,
32333,CUDDALORE,155,CUDDALORE,E.Farook Ali,IND,IND,NONE,M,57,10th Grade (SSLC),0,0,1196000,,,,False,,False,
32330,CUDDALORE,155,CUDDALORE,E.Gurubaran,IND,IND,NONE,M,34,Bachelor's Degree,0,0,701000,,,,False,,False,
32332,CUDDALORE,155,CUDDALORE,P.Nagasundaram,IND,IND,NONE,M,43,Doctorate (Ph.D / MD),0,0,,,,,False,,False,
32334,CUDDALORE,155,CUDDALORE,R.Mayavan,IND,IND,NONE,M,52,10th Grade (SSLC),0,0,3891000,,,,False,,False,
32335,CUDDALORE,155,CUDDALORE,R.Ramachandran,IND,IND,NONE,M,41,Bachelor's Degree,0,0,1659000,,,,False,,False,
32336,CUDDALORE,155,CUDDALORE,R.Veeramani,IND,IND,NONE,F,30,9th Grade,0,0,359000,,,,False,,False,
32329,CUDDALORE,155,CUDDALORE,S.Rajamohan,IND,IND,NONE,M,72,Master's Degree,0,0,7050000,,,,False,,False,
32331,CUDDALORE,155,CUDDALORE,V.Suganthi,IND,IND,NONE,F,30,12th Grade (HSC / +2),0,0,572000,,,,False,,False,
32324,CUDDALORE,155,CUDDALORE,S.Sarasu,NTK,NTK,NTK,F,40,Master's Degree,0,0,,,,,False,,False,
32328,CUDDALORE,155,CUDDALORE,K.Lenin,TAVK,TAVK,OTHERS,M,48,Bachelor's Degree,0,0,4086000,,,,False,,False,
32327,CUDDALORE,155,CUDDALORE,B.Rajkumar,Tamilaga Vettri Kazhagam,TVK,TVK,M,46,Diploma / ITI,0,0,933000,,,,False,,False,
32340,KURINJIPADI,156,CUDDALORE,A Bhuvanenthiran,AIADMK,AIADMK,,M,60,12th Grade (HSC / +2),0,0,,,,,False,,False,
32338,KURINJIPADI,156,CUDDALORE,M Kanagaraj,BSP,BSP,OTHERS,M,36,Bachelor's Degree,0,0,2060000,,,,False,,False,
32339,KURINJIPADI,156,CUDDALORE,M.R.K.Panneerselvam,DMK,DMK,INDIA,M,68,Bachelor's Degree,0,0,40000000,,,,False,,False,
32344,KURINJIPADI,156,CUDDALORE,Arumugam R,IND,IND,NONE,M,50,Diploma / ITI,0,0,500000,,,,False,,False,
32345,KURINJIPADI,156,CUDDALORE,Dhanakesavamoorthy A.C.T,IND,IND,NONE,M,57,Master's Degree,0,0,400000,,,,False,,False,
32346,KURINJIPADI,156,CUDDALORE,Manimala R,IND,IND,NONE,F,48,7th Grade,0,0,235000,,,,False,,False,
32347,KURINJIPADI,156,CUDDALORE,Muthazhagan N,IND,IND,NONE,M,55,Bachelor's Degree,0,0,,,,,False,,False,
32337,KURINJIPADI,156,CUDDALORE,Kavitha Renganathan,NTK,NTK,NTK,F,48,Bachelor's Degree,0,0,9755000,,,,False,,False,
32341,KURINJIPADI,156,CUDDALORE,T Kannan,TAVK,TAVK,OTHERS,M,49,10th Grade (SSLC),0,0,116800000,,,,False,,False,
32342,KURINJIPADI,156,CUDDALORE,R Srinivasan,TTNP,TTNP,,M,52,Diploma / ITI,0,0,315000,,,,False,,False,
32343,KURINJIPADI,156,CUDDALORE,Rajkumar D,Tamilaga Vettri Kazhagam,TVK,TVK,M,40,Diploma / ITI,0,0,25800000,,,,False,,False,
32348,BHUVANAGIRI,157,CUDDALORE,Arunmozhithevan . A,AIADMK,AIADMK,,M,57,Bachelor's Degree,0,0,25200000,,,,False,,False,
32349,BHUVANAGIRI,157,CUDDALORE,Kumaravelu . M,BSP,BSP,OTHERS,M,51,Diploma / ITI,0,0,146000,,,,False,,False,
32350,BHUVANAGIRI,157,CUDDALORE,Saravanan. Durai . K,DMK,DMK,INDIA,M,59,Not Specified,0,0,23700000,,,,False,,False,
32354,BHUVANAGIRI,157,CUDDALORE,Arunmozhi . V,IND,IND,NONE,M,28,Master's Degree,0,0,204000,,,,False,,False,
32359,BHUVANAGIRI,157,CUDDALORE,Balamurugan . G.C,IND,IND,NONE,M,44,10th Grade (SSLC),0,0,579,,,,False,,False,
32358,BHUVANAGIRI,157,CUDDALORE,Balamurugan . M.R,IND,IND,NONE,M,45,Master's Degree,0,0,260,,,,False,,False,
32355,BHUVANAGIRI,157,CUDDALORE,Ezhilventhan . P,IND,IND,NONE,M,59,12th Grade (HSC / +2),0,0,573000,,,,False,,False,
32356,BHUVANAGIRI,157,CUDDALORE,Iyyappan . S,IND,IND,NONE,M,27,Bachelor's Degree,0,0,11000,,,,False,,False,
32360,BHUVANAGIRI,157,CUDDALORE,Raja Sekar . G,IND,IND,NONE,M,28,Bachelor's Degree,0,0,541000,,,,False,,False,
32357,BHUVANAGIRI,157,CUDDALORE,Saravanan . J,IND,IND,NONE,M,62,Diploma / ITI,0,0,45400000,,,,False,,False,
32351,BHUVANAGIRI,157,CUDDALORE,Sumathi . S,NTK,NTK,NTK,F,52,Master's Degree,0,0,7765000,,,,False,,False,
32353,BHUVANAGIRI,157,CUDDALORE,Muthamizhan . Seva,TAVK,TAVK,OTHERS,M,32,Bachelor's Degree,0,0,643000,,,,False,,False,
32352,BHUVANAGIRI,157,CUDDALORE,Mahalingam . T,Tamilaga Vettri Kazhagam,TVK,TVK,M,48,12th Grade (HSC / +2),0,0,83900000,,,,False,,False,
32363,CHIDAMBARAM,158,CUDDALORE,Pandian. K.A,AIADMK,AIADMK,,M,64,Master's Degree,0,0,26200000,,,,False,,False,
32364,CHIDAMBARAM,158,CUDDALORE,Dhanasekaran. M,AIPTMMK,AIPTMMK,,M,71,Bachelor's Degree,0,0,1228000,,,,False,,False,
32366,CHIDAMBARAM,158,CUDDALORE,Munisankar. K,APTADMK,APTADMK,,M,54,12th Grade (HSC / +2),0,0,,,,,False,,False,
32361,CHIDAMBARAM,158,CUDDALORE,Thamimun Ansari. M,DMK,DMK,INDIA,M,50,Master's Degree,0,0,4195000,,,,False,,False,
32367,CHIDAMBARAM,158,CUDDALORE,Easan Natarajan. T,IND,IND,NONE,M,42,Master's Degree,0,0,,,,,False,,False,
32371,CHIDAMBARAM,158,CUDDALORE,Er. Jayakkumar. R,IND,IND,NONE,M,65,Master's Degree,0,0,,,,,False,,False,
32369,CHIDAMBARAM,158,CUDDALORE,Manimaran. D,IND,IND,NONE,M,38,12th Grade (HSC / +2),0,0,121000,,,,False,,False,
32368,CHIDAMBARAM,158,CUDDALORE,Thirugnanam. K,IND,IND,NONE,M,56,Bachelor's Degree,0,0,736000,,,,False,,False,
32370,CHIDAMBARAM,158,CUDDALORE,Venkatesan. D,IND,IND,NONE,M,54,9th Grade,0,0,25849,,,,False,,False,
32362,CHIDAMBARAM,158,CUDDALORE,Thamizh,NTK,NTK,NTK,M,35,Master's Degree,0,0,1280000,,,,False,,False,
32365,CHIDAMBARAM,158,CUDDALORE,Nedunchezhiyan,Tamilaga Vettri Kazhagam,TVK,TVK,M,75,10th Grade (SSLC),0,0,106000,,,,False,,False,
32376,KATTUMANNARKOIL,159,CUDDALORE,G.Kalyana Sundaram,AIJMK,AIJMK,OTHERS,M,54,Master's Degree,0,0,72000,,,,False,,False,
32380,KATTUMANNARKOIL,159,CUDDALORE,S.Murali,AJPK,AJPK,,M,36,Master's Degree,0,0,429000,,,,False,,False,
32372,KATTUMANNARKOIL,159,CUDDALORE,Satheeshkumar .M,BSP,BSP,OTHERS,M,38,Bachelor's Degree,0,0,385000,,,,False,,False,
32381,KATTUMANNARKOIL,159,CUDDALORE,M.A.T.Archunan,IND,IND,NONE,M,69,Bachelor's Degree,0,0,2682000,,,,False,,False,
32382,KATTUMANNARKOIL,159,CUDDALORE,Sankarkumar .S,IND,IND,NONE,M,47,12th Grade (HSC / +2),0,0,19300,,,,False,,False,
32373,KATTUMANNARKOIL,159,CUDDALORE,Sivajothi .M,NTK,NTK,NTK,M,41,Bachelor's Degree,0,0,3548000,,,,False,,False,
32378,KATTUMANNARKOIL,159,CUDDALORE,A.Sozhan,PMK,PMK,NDA,M,42,Bachelor's Degree,0,0,8201000,,,,False,,False,
32379,KATTUMANNARKOIL,159,CUDDALORE,Babu .B,RSD (R),RSD (R),,M,31,9th Grade,0,0,504000,,,,False,,False,
32375,KATTUMANNARKOIL,159,CUDDALORE,Alavanthar .M,TAVK,TAVK,OTHERS,M,55,12th Grade (HSC / +2),0,0,790000,,,,False,,False,
32377,KATTUMANNARKOIL,159,CUDDALORE,S.Seenuvasan,Tamilaga Vettri Kazhagam,TVK,TVK,M,57,9th Grade,0,0,6160000,,,,False,,False,
32374,KATTUMANNARKOIL,159,CUDDALORE,L.E.Jothimani,VCK,VCK,INDIA,M,71,Bachelor's Degree,0,0,1022000,,,,False,,False,
32384,SIRKALI,160,NAGAPATTINAM,Sakthi.M,AIADMK,AIADMK,,M,51,Master's Degree,0,0,69000000,,,,False,,False,
32391,SIRKALI,160,NAGAPATTINAM,Malathi.A,AIPTMMK,AIPTMMK,,F,48,Not Specified,0,0,,,,,False,,False,
32383,SIRKALI,160,NAGAPATTINAM,Gajendran.Kanaga,BSP,BSP,OTHERS,M,48,Bachelor's Degree,0,0,,,,,False,,False,
32386,SIRKALI,160,NAGAPATTINAM,Senthilselvan.R,DMK,DMK,INDIA,M,58,Master's Degree,0,0,,,,,False,,False,
32388,SIRKALI,160,NAGAPATTINAM,Pandiyan.C.R,IDMK,IDMK,,M,50,10th Grade (SSLC),0,0,452000,,,,False,,False,
32392,SIRKALI,160,NAGAPATTINAM,Tamilventhan.R,IND,IND,NONE,M,33,Diploma / ITI,0,0,7500,,,,False,,False,
32385,SIRKALI,160,NAGAPATTINAM,Subash.R,NTK,NTK,NTK,M,28,Bachelor's Degree,0,0,121000,,,,False,,False,
32389,SIRKALI,160,NAGAPATTINAM,Babusankar.R,OMNP,OMNP,,M,58,9th Grade,0,0,101000,,,,False,,False,
32390,SIRKALI,160,NAGAPATTINAM,Pethaperumal.K,TAVK,TAVK,OTHERS,M,44,Not Specified,0,0,,,,,False,,False,
32387,SIRKALI,160,NAGAPATTINAM,Gopinath.S,Tamilaga Vettri Kazhagam,TVK,TVK,M,36,Bachelor's Degree,0,0,683000,,,,False,,False,
32396,MAYILADUTHURAI,161,NAGAPATTINAM,Aravaazhi. K,AIJMK,AIJMK,OTHERS,M,60,Doctorate (Ph.D / MD),0,0,13100000,,,,False,,False,
32394,MAYILADUTHURAI,161,NAGAPATTINAM,Venkatesan. K,BSP,BSP,OTHERS,M,50,Bachelor's Degree,0,0,,,,,False,,False,
32395,MAYILADUTHURAI,161,NAGAPATTINAM,Jamal Mohamed Younoos. Y.N,INC,INC,INDIA,M,38,10th Grade (SSLC),0,0,82300000,,,,False,,False,
32402,MAYILADUTHURAI,161,NAGAPATTINAM,Ananthakumar. R,IND,IND,NONE,M,34,10th Grade (SSLC),0,0,99000,,,,False,,False,
32409,MAYILADUTHURAI,161,NAGAPATTINAM,Bharathiraja. B,IND,IND,NONE,M,49,10th Grade (SSLC),0,0,118000,,,,False,,False,
32403,MAYILADUTHURAI,161,NAGAPATTINAM,Gangadharan. R,IND,IND,NONE,M,43,12th Grade (HSC / +2),0,0,7000,,,,False,,False,
32404,MAYILADUTHURAI,161,NAGAPATTINAM,Gobala Krishnan. S,IND,IND,NONE,M,41,7th Grade,0,0,310000,,,,False,,False,
32412,MAYILADUTHURAI,161,NAGAPATTINAM,Jamal Mohamed,IND,IND,NONE,M,62,9th Grade,0,0,50000,,,,False,,False,
32407,MAYILADUTHURAI,161,NAGAPATTINAM,Natarajan. R,IND,IND,NONE,M,63,11th Grade,0,0,931000,,,,False,,False,
32408,MAYILADUTHURAI,161,NAGAPATTINAM,Navanitham. S,IND,IND,NONE,F,45,8th Grade,0,0,129000,,,,False,,False,
32410,MAYILADUTHURAI,161,NAGAPATTINAM,Ramkumar. S,IND,IND,NONE,M,34,Bachelor's Degree,0,0,11400000,,,,False,,False,
32405,MAYILADUTHURAI,161,NAGAPATTINAM,Sampath. L,IND,IND,NONE,M,64,12th Grade (HSC / +2),0,0,1500000,,,,False,,False,
32406,MAYILADUTHURAI,161,NAGAPATTINAM,Thimothy. T,IND,IND,NONE,M,63,5th Grade,0,0,166000,,,,False,,False,
32411,MAYILADUTHURAI,161,NAGAPATTINAM,Veerasamy. T,IND,IND,NONE,M,58,9th Grade,0,0,1056000,,,,False,,False,
32393,MAYILADUTHURAI,161,NAGAPATTINAM,Kasiraman. K,NTK,NTK,NTK,M,53,Bachelor's Degree,0,0,32600000,,,,False,,False,
32399,MAYILADUTHURAI,161,NAGAPATTINAM,Palanisamy.A M.Com,PMK,PMK,NDA,M,50,Bachelor's Degree,0,0,2600000,,,,False,,False,
32397,MAYILADUTHURAI,161,NAGAPATTINAM,Karthick. A,SMNK,SMNK,,M,43,9th Grade,0,0,12700,,,,False,,False,
32398,MAYILADUTHURAI,161,NAGAPATTINAM,Saravanank. K,TAVK,TAVK,OTHERS,M,35,Bachelor's Degree,0,0,85700,,,,False,,False,
32401,MAYILADUTHURAI,161,NAGAPATTINAM,Haroon Rasheed. S.S,Tamilaga Vettri Kazhagam,TVK,TVK,M,54,Master's Degree,0,0,,,,,False,,False,
32400,MAYILADUTHURAI,161,NAGAPATTINAM,Manimaran,VTVTK,VTVTK,,M,64,Diploma / ITI,0,0,,,,,False,,False,
32415,POOMPUHAR,162,NAGAPATTINAM,Pavunraj. S,AIADMK,AIADMK,,M,69,Not Specified,0,0,,,,,False,,False,
32417,POOMPUHAR,162,NAGAPATTINAM,Puratchidasan. T,AIADMSK,AIADMSK,,M,40,10th Grade (SSLC),0,0,1000,,,,False,,False,
32416,POOMPUHAR,162,NAGAPATTINAM,Prabakaran. V,BSP,BSP,OTHERS,M,33,10th Grade (SSLC),0,0,475000,,,,False,,False,
32414,POOMPUHAR,162,NAGAPATTINAM,Nivedha M Murugan,DMK,DMK,INDIA,M,61,8th Grade,0,0,58000000,,,,False,,False,
32419,POOMPUHAR,162,NAGAPATTINAM,Anandaraj. D,IND,IND,NONE,M,29,Diploma / ITI,0,0,50700,,,,False,,False,
32420,POOMPUHAR,162,NAGAPATTINAM,Inbaraj. T,IND,IND,NONE,M,46,8th Grade,0,0,880000,,,,False,,False,
32422,POOMPUHAR,162,NAGAPATTINAM,Maya Venkatesan. M,IND,IND,NONE,M,53,9th Grade,0,0,104500000,,,,False,,False,
32424,POOMPUHAR,162,NAGAPATTINAM,Mujibur Rahman. E.M.M,IND,IND,NONE,M,53,10th Grade (SSLC),0,0,730000,,,,False,,False,
32423,POOMPUHAR,162,NAGAPATTINAM,Murugan. S,IND,IND,NONE,M,48,12th Grade (HSC / +2),0,0,37433,,,,False,,False,
32421,POOMPUHAR,162,NAGAPATTINAM,Noor Nisha. M,IND,IND,NONE,F,53,12th Grade (HSC / +2),0,0,3768000,,,,False,,False,
32425,POOMPUHAR,162,NAGAPATTINAM,Shangamiththiran. A,IND,IND,NONE,M,51,Master's Degree,0,0,2715000,,,,False,,False,
32413,POOMPUHAR,162,NAGAPATTINAM,Ilayanagulan. K,NTK,NTK,NTK,M,41,Master's Degree,0,0,190000,,,,False,,False,
32418,POOMPUHAR,162,NAGAPATTINAM,Vijayalaiyan. J,Tamilaga Vettri Kazhagam,TVK,TVK,M,38,8th Grade,0,0,,,,,False,,False,
32426,NAGAPATTINAM,163,NAGAPATTINAM,Thanka.Kathiravan,AIADMK,AIADMK,,M,56,Master's Degree,0,0,19100000,,,,False,,False,
32430,NAGAPATTINAM,163,NAGAPATTINAM,J.V.Durai,AIYDP,AIYDP,,M,48,Not Specified,0,0,79000,,,,False,,False,
32428,NAGAPATTINAM,163,NAGAPATTINAM,M.H.Jawahirullah,DMK,DMK,INDIA,M,66,Doctorate (Ph.D / MD),0,0,,,,,False,,False,
32433,NAGAPATTINAM,163,NAGAPATTINAM,M.Iyyankalai,IND,IND,NONE,M,53,9th Grade,0,0,956000,,,,False,,False,
32436,NAGAPATTINAM,163,NAGAPATTINAM,N P Bhashgaran,IND,IND,NONE,M,56,10th Grade (SSLC),0,0,,,,,False,,False,
32438,NAGAPATTINAM,163,NAGAPATTINAM,N.Vijayaragavan,IND,IND,NONE,M,40,Bachelor's Degree,0,0,1230000,,,,False,,False,
32437,NAGAPATTINAM,163,NAGAPATTINAM,S.Prem,IND,IND,NONE,M,45,10th Grade (SSLC),0,0,58751,,,,False,,False,
32435,NAGAPATTINAM,163,NAGAPATTINAM,Sakthivel,IND,IND,NONE,M,47,5th Grade,0,0,3041000,,,,False,,False,
32434,NAGAPATTINAM,163,NAGAPATTINAM,T.Kathiravan,IND,IND,NONE,M,38,Not Specified,0,0,100000,,,,False,,False,
32427,NAGAPATTINAM,163,NAGAPATTINAM,Fathima Farhana.S,NTK,NTK,NTK,F,31,Master's Degree,0,0,1626000,,,,False,,False,
32431,NAGAPATTINAM,163,NAGAPATTINAM,K.Rajasekar,PT,PT,OTHERS,M,38,8th Grade,0,0,277000,,,,False,,False,
32432,NAGAPATTINAM,163,NAGAPATTINAM,Vallabadas.E,TAVK,TAVK,OTHERS,M,60,Master's Degree,0,0,523000,,,,False,,False,
32429,NAGAPATTINAM,163,NAGAPATTINAM,M.Sugumar,Tamilaga Vettri Kazhagam,TVK,TVK,M,48,7th Grade,0,0,1204000,,,,False,,False,
32444,KILVELUR,164,NAGAPATTINAM,Vedha Mukundhan,AJPK,AJPK,,F,51,Master's Degree,0,0,4390000,,,,False,,False,
32440,KILVELUR,164,NAGAPATTINAM,Latha. T,CPI(M),CPI(M),,F,46,10th Grade (SSLC),0,0,1033000,,,,False,,False,
32445,KILVELUR,164,NAGAPATTINAM,Jaivishnudevi. M,IND,IND,NONE,F,46,Bachelor's Degree,0,0,508000,,,,False,,False,
32439,KILVELUR,164,NAGAPATTINAM,Karthika. M,NTK,NTK,NTK,F,36,Bachelor's Degree,0,0,8801000,,,,False,,False,
32443,KILVELUR,164,NAGAPATTINAM,Vadivel Ravanan. S,PMK,PMK,NDA,M,73,10th Grade (SSLC),0,0,,,,,False,,False,
32441,KILVELUR,164,NAGAPATTINAM,Surenthar. K,PT,PT,OTHERS,M,32,Bachelor's Degree,0,0,87700,,,,False,,False,
32442,KILVELUR,164,NAGAPATTINAM,Senthil Pandian. P,Tamilaga Vettri Kazhagam,TVK,TVK,M,59,Bachelor's Degree,0,0,2840000,,,,False,,False,
32448,VEDARANYAM,165,NAGAPATTINAM,Manian. O.S,AIADMK,AIADMK,,M,72,Diploma / ITI,0,0,22300000,,,,False,,False,
32450,VEDARANYAM,165,NAGAPATTINAM,Lingeswaran. M,AIPTMMK,AIPTMMK,,M,44,Bachelor's Degree,0,0,2844000,,,,False,,False,
32447,VEDARANYAM,165,NAGAPATTINAM,Pugazhendi. M,DMK,DMK,INDIA,M,57,10th Grade (SSLC),0,0,12500000,,,,False,,False,
32452,VEDARANYAM,165,NAGAPATTINAM,Gowthaman. M,IND,IND,NONE,M,35,Diploma / ITI,0,0,440000,,,,False,,False,
32451,VEDARANYAM,165,NAGAPATTINAM,Rajasimman. D,IND,IND,NONE,M,52,Diploma / ITI,0,0,,,,,False,,False,
32453,VEDARANYAM,165,NAGAPATTINAM,Sathiyaseelan. M,IND,IND,NONE,M,35,10th Grade (SSLC),0,0,387000,,,,False,,False,
32454,VEDARANYAM,165,NAGAPATTINAM,Selvakumar. S,IND,IND,NONE,M,40,7th Grade,0,0,191000,,,,False,,False,
32455,VEDARANYAM,165,NAGAPATTINAM,Thivaskar. B,IND,IND,NONE,M,35,Bachelor's Degree,0,0,3292000,,,,False,,False,
32456,VEDARANYAM,165,NAGAPATTINAM,Veerakumar. V,IND,IND,NONE,M,37,6th Grade,0,0,673000,,,,False,,False,
32446,VEDARANYAM,165,NAGAPATTINAM,Karthick. T,NTK,NTK,NTK,M,35,Bachelor's Degree,0,0,51237,,,,False,,False,
32449,VEDARANYAM,165,NAGAPATTINAM,Kingsly Gerald. A,Tamilaga Vettri Kazhagam,TVK,TVK,M,49,Bachelor's Degree,0,0,43700000,,,,False,,False,
32457,THIRUTHURAIPUNDI,166,TIRUVARUR,Balathandayutham.U,AIADMK,AIADMK,,M,51,12th Grade (HSC / +2),0,0,,,,,False,,False,
32459,THIRUTHURAIPUNDI,166,TIRUVARUR,Vimala.A,BSP,BSP,OTHERS,F,41,10th Grade (SSLC),0,0,271000,,,,False,,False,
32458,THIRUTHURAIPUNDI,166,TIRUVARUR,Marimuthu.K,CPI,CPI,INDIA,M,56,Bachelor's Degree,0,0,4326,,,,False,,False,
32465,THIRUTHURAIPUNDI,166,TIRUVARUR,Jayasangar.A,IND,IND,NONE,M,59,Bachelor's Degree,0,0,,,,,False,,False,
32464,THIRUTHURAIPUNDI,166,TIRUVARUR,Muruganantham.V,IND,IND,NONE,M,59,12th Grade (HSC / +2),0,0,431000,,,,False,,False,
32463,THIRUTHURAIPUNDI,166,TIRUVARUR,Sivaprakasam.V,IND,IND,NONE,M,39,Bachelor's Degree,0,0,4566000,,,,False,,False,
32460,THIRUTHURAIPUNDI,166,TIRUVARUR,Vinothini.R,NTK,NTK,NTK,F,34,Master's Degree,0,0,1485000,,,,False,,False,
32461,THIRUTHURAIPUNDI,166,TIRUVARUR,Arumugam.N,TAVK,TAVK,OTHERS,M,48,10th Grade (SSLC),0,0,2671000,,,,False,,False,
32462,THIRUTHURAIPUNDI,166,TIRUVARUR,Pandiyan.S,Tamilaga Vettri Kazhagam,TVK,TVK,M,42,10th Grade (SSLC),0,0,3293000,,,,False,,False,
32473,MANNARGUDI,167,TIRUVARUR,Rasupillai.S,AIPTMMK,AIPTMMK,,M,62,5th Grade,0,0,3353000,,,,False,,False,
32469,MANNARGUDI,167,TIRUVARUR,Kamaraj. S,AMMK,AMMK,OTHERS,M,59,Master's Degree,0,0,85700000,,,,False,,False,
32466,MANNARGUDI,167,TIRUVARUR,Kamaraj.S,BSP,BSP,OTHERS,M,65,5th Grade,0,0,2000,,,,False,,False,
32468,MANNARGUDI,167,TIRUVARUR,Rajaa.T.R.B,DMK,DMK,INDIA,M,49,Doctorate (Ph.D / MD),0,0,91000000,,,,False,,False,
32475,MANNARGUDI,167,TIRUVARUR,Arulprakash. P,IND,IND,NONE,M,48,10th Grade (SSLC),0,0,12337,,,,False,,False,
32477,MANNARGUDI,167,TIRUVARUR,Durai Arasan.K,IND,IND,NONE,M,65,10th Grade (SSLC),0,0,3690000,,,,False,,False,
32476,MANNARGUDI,167,TIRUVARUR,Kamaraj.A,IND,IND,NONE,M,60,10th Grade (SSLC),0,0,162000,,,,False,,False,
32480,MANNARGUDI,167,TIRUVARUR,Marimuthu.A.V.M,IND,IND,NONE,M,67,5th Grade,0,0,1961000,,,,False,,False,
32478,MANNARGUDI,167,TIRUVARUR,Namasivayam.N,IND,IND,NONE,M,34,10th Grade (SSLC),0,0,262000,,,,False,,False,
32479,MANNARGUDI,167,TIRUVARUR,Prabhu. S,IND,IND,NONE,M,43,5th Grade,0,0,30450,,,,False,,False,
32467,MANNARGUDI,167,TIRUVARUR,Bharathiselvan.R,NTK,NTK,NTK,M,68,Not Specified,0,0,10200000,,,,False,,False,
32471,MANNARGUDI,167,TIRUVARUR,Bharathi.B,PT,PT,OTHERS,M,32,Bachelor's Degree,0,0,297000,,,,False,,False,
32472,MANNARGUDI,167,TIRUVARUR,Muthuvel.V,TAMNK,TAMNK,,M,59,10th Grade (SSLC),0,0,1592000,,,,False,,False,
32470,MANNARGUDI,167,TIRUVARUR,Govindaraj.G,TAVK,TAVK,OTHERS,M,49,6th Grade,0,0,1210000,,,,False,,False,
32474,MANNARGUDI,167,TIRUVARUR,Rajarajan.U,Tamilaga Vettri Kazhagam,TVK,TVK,M,41,Diploma / ITI,0,0,,,,,False,,False,
32483,THIRUVARUR,168,TIRUVARUR,Chandrasekaran Govi,BJP,BJP,NDA,M,63,10th Grade (SSLC),0,0,8543000,,,,False,,False,
32482,THIRUVARUR,168,TIRUVARUR,Kalaivanan Poondi K,DMK,DMK,INDIA,M,61,12th Grade (HSC / +2),0,0,63600000,,,,False,,False,
32487,THIRUVARUR,168,TIRUVARUR,Mutharasan S,IND,IND,NONE,M,41,7th Grade,0,0,234000,,,,False,,False,
32488,THIRUVARUR,168,TIRUVARUR,Sahul Hameed M,IND,IND,NONE,M,34,9th Grade,0,0,700000,,,,False,,False,
32481,THIRUVARUR,168,TIRUVARUR,Aswini B,NTK,NTK,NTK,F,29,Bachelor's Degree,0,0,1816000,,,,False,,False,
32485,THIRUVARUR,168,TIRUVARUR,Thiyagarajan .M,PT,PT,OTHERS,M,55,6th Grade,0,0,137000,,,,False,,False,
32484,THIRUVARUR,168,TIRUVARUR,Kanthan A,TAVK,TAVK,OTHERS,M,49,Master's Degree,0,0,582000,,,,False,,False,
32486,THIRUVARUR,168,TIRUVARUR,Veeramani V,Tamilaga Vettri Kazhagam,TVK,TVK,M,61,Master's Degree,0,0,5670000,,,,False,,False,
32489,NANNILAM,169,TIRUVARUR,Kamaraj. R,AIADMK,AIADMK,,M,65,Master's Degree,0,0,11800000,,,,False,,False,
32495,NANNILAM,169,TIRUVARUR,Raja. S,AIPTMMK,AIPTMMK,,M,45,5th Grade,0,0,151000,,,,False,,False,
32491,NANNILAM,169,TIRUVARUR,Mohamed Mubarak,DMK,DMK,INDIA,M,47,Master's Degree,0,0,1904000,,,,False,,False,
32499,NANNILAM,169,TIRUVARUR,Bharathimohan. K.S,IND,IND,NONE,M,48,Diploma / ITI,0,0,381000,,,,False,,False,
32500,NANNILAM,169,TIRUVARUR,Mohumed Riyas. K,IND,IND,NONE,M,39,10th Grade (SSLC),0,0,150000,,,,False,,False,
32502,NANNILAM,169,TIRUVARUR,Rajasekar. R,IND,IND,NONE,M,40,Master's Degree,0,0,88444,,,,False,,False,
32501,NANNILAM,169,TIRUVARUR,Ravichandran. R,IND,IND,NONE,M,40,Bachelor's Degree,0,0,171000,,,,False,,False,
32496,NANNILAM,169,TIRUVARUR,Sankar. R,IND,IND,NONE,M,53,6th Grade,0,0,422000,,,,False,,False,
32497,NANNILAM,169,TIRUVARUR,Shanmugaraja. D,IND,IND,NONE,M,25,Bachelor's Degree,0,0,1220000,,,,False,,False,
32498,NANNILAM,169,TIRUVARUR,Suresh. V,IND,IND,NONE,M,42,10th Grade (SSLC),0,0,12482,,,,False,,False,
32490,NANNILAM,169,TIRUVARUR,Thenmozhi Dilipkumar,NTK,NTK,NTK,F,48,Master's Degree,0,0,3903000,,,,False,,False,
32493,NANNILAM,169,TIRUVARUR,Tamilselvan. M,PT,PT,OTHERS,M,58,5th Grade,0,0,2339000,,,,False,,False,
32492,NANNILAM,169,TIRUVARUR,Sivaraman. T,TAVK,TAVK,OTHERS,M,48,12th Grade (HSC / +2),0,0,17000,,,,False,,False,
32494,NANNILAM,169,TIRUVARUR,Prabhakaran. S,Tamilaga Vettri Kazhagam,TVK,TVK,M,34,Diploma / ITI,0,0,911000,,,,False,,False,
32503,THIRUVIDAMARUDUR,170,THANJAVUR,Elamathi Subramanian,AIADMK,AIADMK,,F,55,10th Grade (SSLC),0,0,15200000,,,,False,,False,
32506,THIRUVIDAMARUDUR,170,THANJAVUR,T.M.Puratchi Mani,BSP,BSP,OTHERS,M,43,Doctorate (Ph.D / MD),0,0,260000,,,,False,,False,
32507,THIRUVIDAMARUDUR,170,THANJAVUR,Kannaiyan. T,CPI(ML),CPI(ML),,M,64,8th Grade,0,0,75000,,,,False,,False,
32504,THIRUVIDAMARUDUR,170,THANJAVUR,Govi.Chezhiaan,DMK,DMK,INDIA,M,59,Doctorate (Ph.D / MD),0,0,5198000,,,,False,,False,
32510,THIRUVIDAMARUDUR,170,THANJAVUR,Aravindaraj. R,IND,IND,NONE,M,40,Bachelor's Degree,0,0,1000,,,,False,,False,
32514,THIRUVIDAMARUDUR,170,THANJAVUR,Dhanasekar,IND,IND,NONE,M,41,Bachelor's Degree,0,0,75000,,,,False,,False,
32511,THIRUVIDAMARUDUR,170,THANJAVUR,Keerthiga. K,IND,IND,NONE,F,27,Master's Degree,0,0,208000,,,,False,,False,
32515,THIRUVIDAMARUDUR,170,THANJAVUR,L.Prabakaran,IND,IND,NONE,M,30,Not Specified,0,0,26000,,,,False,,False,
32513,THIRUVIDAMARUDUR,170,THANJAVUR,M.Tamilmaran,IND,IND,NONE,M,34,Master's Degree,0,0,50000,,,,False,,False,
32516,THIRUVIDAMARUDUR,170,THANJAVUR,P.Manikandan,IND,IND,NONE,M,37,Master's Degree,0,0,25000,,,,False,,False,
32512,THIRUVIDAMARUDUR,170,THANJAVUR,Selvarani. S,IND,IND,NONE,F,44,8th Grade,0,0,2471000,,,,False,,False,
32505,THIRUVIDAMARUDUR,170,THANJAVUR,M.Divya Bharathi,NTK,NTK,NTK,F,30,Bachelor's Degree,0,0,561000,,,,False,,False,
32509,THIRUVIDAMARUDUR,170,THANJAVUR,A.Viswanathan,TAVK,TAVK,OTHERS,M,38,12th Grade (HSC / +2),0,0,116000,,,,False,,False,
32508,THIRUVIDAMARUDUR,170,THANJAVUR,S.Prabakaran,Tamilaga Vettri Kazhagam,TVK,TVK,M,42,Diploma / ITI,0,0,18600000,,,,False,,False,
32517,KUMBAKONAM,171,THANJAVUR,Ashokkumar R,BJP,BJP,NDA,M,42,10th Grade (SSLC),0,0,44000000,,,,False,,False,
32518,KUMBAKONAM,171,THANJAVUR,Anbalagan G,DMK,DMK,INDIA,M,77,10th Grade (SSLC),0,0,411900000,,,,False,,False,
32523,KUMBAKONAM,171,THANJAVUR,Arivazhagan K,IND,IND,NONE,M,50,Bachelor's Degree,0,0,34000,,,,False,,False,
32524,KUMBAKONAM,171,THANJAVUR,Karthi G,IND,IND,NONE,M,28,Master's Degree,0,0,2705,,,,False,,False,
32527,KUMBAKONAM,171,THANJAVUR,Ramamoorthi R,IND,IND,NONE,M,76,Diploma / ITI,0,0,1244000,,,,False,,False,
32526,KUMBAKONAM,171,THANJAVUR,Senthamilselvi S,IND,IND,NONE,F,50,Bachelor's Degree,0,0,5503000,,,,False,,False,
32525,KUMBAKONAM,171,THANJAVUR,Srinivasan V,IND,IND,NONE,M,58,12th Grade (HSC / +2),0,0,1835000,,,,False,,False,
32529,KUMBAKONAM,171,THANJAVUR,Stalin Ma Ka,IND,IND,NONE,M,55,Bachelor's Degree,0,0,619000,,,,False,,False,
32528,KUMBAKONAM,171,THANJAVUR,Vijayakumar C,IND,IND,NONE,M,73,10th Grade (SSLC),0,0,,,,,False,,False,
32519,KUMBAKONAM,171,THANJAVUR,Anandh M,NTK,NTK,NTK,M,39,Bachelor's Degree,0,0,3429000,,,,False,,False,
32520,KUMBAKONAM,171,THANJAVUR,Arokiyaraj V,TAVK,TAVK,OTHERS,M,41,Not Specified,0,0,20000,,,,False,,False,
32521,KUMBAKONAM,171,THANJAVUR,Sundar G,TDMK,TDMK,,M,39,Bachelor's Degree,0,0,81000,,,,False,,False,
32522,KUMBAKONAM,171,THANJAVUR,Vinoth,Tamilaga Vettri Kazhagam,TVK,TVK,M,32,Bachelor's Degree,0,0,,,,,False,,False,
32531,PAPANASAM,172,THANJAVUR,Dorai. Shanmuga Prabu,AIADMK,AIADMK,,M,38,Bachelor's Degree,0,0,11300000,,,,False,,False,
32535,PAPANASAM,172,THANJAVUR,K.Masilamani,CPI(ML),CPI(ML),,M,58,6th Grade,0,0,302000,,,,False,,False,
32539,PAPANASAM,172,THANJAVUR,A S Thangarasu,IND,IND,NONE,M,59,6th Grade,0,0,,,,,False,,False,
32537,PAPANASAM,172,THANJAVUR,A.Anis Fathima Abdul Rahim,IND,IND,NONE,F,30,12th Grade (HSC / +2),0,0,2030000,,,,False,,False,
32542,PAPANASAM,172,THANJAVUR,K.Rajendran,IND,IND,NONE,M,47,9th Grade,0,0,12700,,,,False,,False,
32541,PAPANASAM,172,THANJAVUR,S.Natarajan,IND,IND,NONE,M,73,12th Grade (HSC / +2),0,0,6254000,,,,False,,False,
32538,PAPANASAM,172,THANJAVUR,V.Kulandhaivelu,IND,IND,NONE,M,62,9th Grade,0,0,153000,,,,False,,False,
32540,PAPANASAM,172,THANJAVUR,V.Thiyagarajan,IND,IND,NONE,M,39,Bachelor's Degree,0,0,208000,,,,False,,False,
32536,PAPANASAM,172,THANJAVUR,A.M.Shahjahan,IUML,IUML,INDIA,M,57,Bachelor's Degree,0,0,5145000,,,,False,,False,
32530,PAPANASAM,172,THANJAVUR,Anis Fathima,NTK,NTK,NTK,F,25,Bachelor's Degree,0,0,362000,,,,False,,False,
32534,PAPANASAM,172,THANJAVUR,B.Dhamodharan,TAVK,TAVK,OTHERS,M,49,12th Grade (HSC / +2),0,0,2532000,,,,False,,False,
32533,PAPANASAM,172,THANJAVUR,C.Chandrasekaran,TDMK,TDMK,,M,45,Bachelor's Degree,0,0,1511000,,,,False,,False,
32532,PAPANASAM,172,THANJAVUR,Azarudeen Uduman Ali,Tamilaga Vettri Kazhagam,TVK,TVK,M,39,10th Grade (SSLC),0,0,1025500000,,,,False,,False,
32545,THIRUVAIYARU,173,THANJAVUR,Velu. Karthikeyan,AMMK,AMMK,OTHERS,M,51,Master's Degree,0,0,,,,,False,,False,
32547,THIRUVAIYARU,173,THANJAVUR,S.Vijayakumar,APTADMK,APTADMK,,M,48,10th Grade (SSLC),0,0,180000,,,,False,,False,
32543,THIRUVAIYARU,173,THANJAVUR,Durai. Chandrasekaran,DMK,DMK,INDIA,M,66,Bachelor's Degree,0,0,17800000,,,,False,,False,
32550,THIRUVAIYARU,173,THANJAVUR,Abiman,IND,IND,NONE,M,27,Bachelor's Degree,0,0,2342000,,,,False,,False,
32551,THIRUVAIYARU,173,THANJAVUR,Er.S.Arjun,IND,IND,NONE,M,33,Bachelor's Degree,0,0,791000,,,,False,,False,
32555,THIRUVAIYARU,173,THANJAVUR,Jayaindhraeswaran,IND,IND,NONE,M,31,Not Specified,0,0,207000,,,,False,,False,
32554,THIRUVAIYARU,173,THANJAVUR,R.Rajkumar,IND,IND,NONE,M,44,Master's Degree,0,0,2138000,,,,False,,False,
32552,THIRUVAIYARU,173,THANJAVUR,R.Sathiyanarayanan,IND,IND,NONE,M,37,10th Grade (SSLC),0,0,264000,,,,False,,False,
32553,THIRUVAIYARU,173,THANJAVUR,Rajasekaran. S,IND,IND,NONE,M,44,Not Specified,0,0,,,,,False,,False,
32544,THIRUVAIYARU,173,THANJAVUR,Durai. Senthilnathan,NTK,NTK,NTK,M,44,Not Specified,0,0,3620000,,,,False,,False,
32549,THIRUVAIYARU,173,THANJAVUR,V.Venu,PT,PT,OTHERS,M,60,10th Grade (SSLC),0,0,4606000,,,,False,,False,
32548,THIRUVAIYARU,173,THANJAVUR,Vijaya Babu,TAVK,TAVK,OTHERS,F,42,12th Grade (HSC / +2),0,0,4505000,,,,False,,False,
32546,THIRUVAIYARU,173,THANJAVUR,Mathi. Manikandan,Tamilaga Vettri Kazhagam,TVK,TVK,M,28,Bachelor's Degree,0,0,5275000,,,,False,,False,
32560,THANJAVUR,174,THANJAVUR,S.Muthuvel,BDP,BDP,,M,56,Master's Degree,0,0,548000,,,,False,,False,
32558,THANJAVUR,174,THANJAVUR,Karuppu Muruganantham,BJP,BJP,NDA,M,52,9th Grade,0,0,15400000,,,,False,,False,
32556,THANJAVUR,174,THANJAVUR,Shan. Ramanathan,DMK,DMK,INDIA,M,49,12th Grade (HSC / +2),0,0,39900000,,,,False,,False,
32563,THANJAVUR,174,THANJAVUR,D.Kumaran,IND,IND,NONE,M,34,Not Specified,0,0,30787,,,,False,,False,
32564,THANJAVUR,174,THANJAVUR,M.Santhosh,IND,IND,NONE,M,47,Master's Degree,0,0,2156000,,,,False,,False,
32566,THANJAVUR,174,THANJAVUR,R.Muralidharan,IND,IND,NONE,M,51,Bachelor's Degree,0,0,8800000,,,,False,,False,
32565,THANJAVUR,174,THANJAVUR,R.Sabthagiri,IND,IND,NONE,M,35,10th Grade (SSLC),0,0,494000,,,,False,,False,
32562,THANJAVUR,174,THANJAVUR,S.Karikala Cholan,IND,IND,NONE,M,42,Bachelor's Degree,0,0,717000,,,,False,,False,
32557,THANJAVUR,174,THANJAVUR,N.Krishnakumar,NTK,NTK,NTK,M,52,Bachelor's Degree,0,0,90000,,,,False,,False,
32559,THANJAVUR,174,THANJAVUR,H.Mohamed Abdul Khadir,TAVK,TAVK,OTHERS,M,48,10th Grade (SSLC),0,0,1514000,,,,False,,False,
32561,THANJAVUR,174,THANJAVUR,R.Vijaysaravanan,Tamilaga Vettri Kazhagam,TVK,TVK,M,50,10th Grade (SSLC),0,0,104000,,,,False,,False,
32567,ORATHANAD,175,THANJAVUR,M.Sekar,AIADMK,AIADMK,,M,63,Not Specified,0,0,6641000,,,,False,,False,
32569,ORATHANAD,175,THANJAVUR,R.Vaithilingam,DMK,DMK,INDIA,M,71,Master's Degree,0,0,24100000,,,,False,,False,
32573,ORATHANAD,175,THANJAVUR,A.Ajeshkannan,IND,IND,NONE,M,45,10th Grade (SSLC),0,0,4300000,,,,False,,False,
32574,ORATHANAD,175,THANJAVUR,M.Kanagaraj,IND,IND,NONE,M,53,8th Grade,0,0,200000,,,,False,,False,
32575,ORATHANAD,175,THANJAVUR,T.Vijayakumar,IND,IND,NONE,M,45,12th Grade (HSC / +2),0,0,218000,,,,False,,False,
32568,ORATHANAD,175,THANJAVUR,S.Thirumurugan,NTK,NTK,NTK,M,46,10th Grade (SSLC),0,0,12600000,,,,False,,False,
32572,ORATHANAD,175,THANJAVUR,M.Selvaraj,SFRBC,SFRBC,,M,62,Diploma / ITI,0,0,15700000,,,,False,,False,
32571,ORATHANAD,175,THANJAVUR,C.Gunasekaran,TDMK,TDMK,,M,48,Master's Degree,0,0,10500,,,,False,,False,
32570,ORATHANAD,175,THANJAVUR,Dr. K.Arvind,Tamilaga Vettri Kazhagam,TVK,TVK,M,31,Not Specified,0,0,3574000,,,,False,,False,
32578,PATTUKKOTTAI,176,THANJAVUR,Sekar C V,AIADMK,AIADMK,,M,63,Bachelor's Degree,0,0,17700000,,,,False,,False,
32576,PATTUKKOTTAI,176,THANJAVUR,Annadurai K,DMK,DMK,INDIA,M,68,Bachelor's Degree,0,0,9723000,,,,False,,False,
32581,PATTUKKOTTAI,176,THANJAVUR,Annadurai C N,IND,IND,NONE,M,56,Bachelor's Degree,0,0,607000,,,,False,,False,
32584,PATTUKKOTTAI,176,THANJAVUR,Mohamed Sharif M,IND,IND,NONE,M,46,10th Grade (SSLC),0,0,6449000,,,,False,,False,
32585,PATTUKKOTTAI,176,THANJAVUR,Muthukumar D,IND,IND,NONE,M,38,Bachelor's Degree,0,0,1584000,,,,False,,False,
32582,PATTUKKOTTAI,176,THANJAVUR,Suresh M R,IND,IND,NONE,M,41,10th Grade (SSLC),0,0,1315,,,,False,,False,
32583,PATTUKKOTTAI,176,THANJAVUR,Suresh R,IND,IND,NONE,M,46,9th Grade,0,0,425,,,,False,,False,
32586,PATTUKKOTTAI,176,THANJAVUR,Ziaudeen A J,IND,IND,NONE,M,47,9th Grade,0,0,552000,,,,False,,False,
32577,PATTUKKOTTAI,176,THANJAVUR,Kannan S,NTK,NTK,NTK,M,53,Diploma / ITI,0,0,3354000,,,,False,,False,
32579,PATTUKKOTTAI,176,THANJAVUR,Gurumoorthy M,PT,PT,OTHERS,M,59,10th Grade (SSLC),0,0,385000,,,,False,,False,
32580,PATTUKKOTTAI,176,THANJAVUR,Mathan C,Tamilaga Vettri Kazhagam,TVK,TVK,M,44,10th Grade (SSLC),0,0,3106000,,,,False,,False,
32588,PERAVURANI,177,THANJAVUR,Govi.Elango,AIADMK,AIADMK,,M,41,Bachelor's Degree,0,0,10400000,,,,False,,False,
32593,PERAVURANI,177,THANJAVUR,R.Ravi,AIPTMMK,AIPTMMK,,M,45,9th Grade,0,0,4480000,,,,False,,False,
32587,PERAVURANI,177,THANJAVUR,Ashokkumar. N,DMK,DMK,INDIA,M,68,10th Grade (SSLC),0,0,30300000,,,,False,,False,
32596,PERAVURANI,177,THANJAVUR,Pasumaibhoomi Natarajan,IND,IND,NONE,M,55,Bachelor's Degree,0,0,23400000,,,,False,,False,
32594,PERAVURANI,177,THANJAVUR,T.Arulmurugan,IND,IND,NONE,M,37,Bachelor's Degree,0,0,1041000,,,,False,,False,
32595,PERAVURANI,177,THANJAVUR,U.Uthayakumar,IND,IND,NONE,M,36,Master's Degree,0,0,31000,,,,False,,False,
32589,PERAVURANI,177,THANJAVUR,Bhuvana Maniyarasan,NTK,NTK,NTK,F,32,Bachelor's Degree,0,0,2759000,,,,False,,False,
32592,PERAVURANI,177,THANJAVUR,G.Chithiravelu,PT,PT,OTHERS,M,45,Master's Degree,0,0,537000,,,,False,,False,
32590,PERAVURANI,177,THANJAVUR,Neiveli Sasikumar,TAVK,TAVK,OTHERS,M,52,9th Grade,0,0,606000,,,,False,,False,
32591,PERAVURANI,177,THANJAVUR,D.Chandrakandeeban,Tamilaga Vettri Kazhagam,TVK,TVK,M,42,12th Grade (HSC / +2),0,0,128100000,,,,False,,False,
32597,GANDHARVAKOTTAI,178,PUDUKKOTTAI,C.Uthayakumar,BJP,BJP,NDA,M,54,9th Grade,0,0,905000,,,,False,,False,
32598,GANDHARVAKOTTAI,178,PUDUKKOTTAI,M.Chinnadurai,CPI(M),CPI(M),,M,59,10th Grade (SSLC),0,0,2336000,,,,False,,False,
32602,GANDHARVAKOTTAI,178,PUDUKKOTTAI,Arunkumar . S,IND,IND,NONE,M,30,Bachelor's Degree,0,0,61000,,,,False,,False,
32606,GANDHARVAKOTTAI,178,PUDUKKOTTAI,M.Lakshmanan,IND,IND,NONE,M,46,10th Grade (SSLC),0,0,4741000,,,,False,,False,
32603,GANDHARVAKOTTAI,178,PUDUKKOTTAI,Sasikumar P,IND,IND,NONE,M,45,Bachelor's Degree,0,0,550000,,,,False,,False,
32604,GANDHARVAKOTTAI,178,PUDUKKOTTAI,Senthilkumar N,IND,IND,NONE,M,53,Master's Degree,0,0,10000,,,,False,,False,
32605,GANDHARVAKOTTAI,178,PUDUKKOTTAI,T.Murugesan,IND,IND,NONE,M,45,10th Grade (SSLC),0,0,769000,,,,False,,False,
32601,GANDHARVAKOTTAI,178,PUDUKKOTTAI,Dhanarasu,NAMK,NAMK,,M,59,5th Grade,0,0,10000,,,,False,,False,
32599,GANDHARVAKOTTAI,178,PUDUKKOTTAI,Nathiya,NTK,NTK,NTK,F,35,Master's Degree,0,0,240000,,,,False,,False,
32600,GANDHARVAKOTTAI,178,PUDUKKOTTAI,N.Subramanian,Tamilaga Vettri Kazhagam,TVK,TVK,M,72,10th Grade (SSLC),0,0,7018000,,,,False,,False,
32609,VIRALIMALAI,179,PUDUKKOTTAI,Vijayabaskar. C,AIADMK,AIADMK,,M,52,Bachelor's Degree,0,0,84400000,,,,False,,False,
32610,VIRALIMALAI,179,PUDUKKOTTAI,Karthika Prakash,AIPTMMK,AIPTMMK,,F,36,Master's Degree,0,0,1150000,,,,False,,False,
32608,VIRALIMALAI,179,PUDUKKOTTAI,Chellapandiyan. K.K,DMK,DMK,INDIA,M,57,Bachelor's Degree,0,0,,,,,False,,False,
32614,VIRALIMALAI,179,PUDUKKOTTAI,Adaikalaraj. S,IND,IND,NONE,M,37,Not Specified,0,0,430000,,,,False,,False,
32615,VIRALIMALAI,179,PUDUKKOTTAI,Alagar. P Advocate,IND,IND,NONE,M,40,Bachelor's Degree,0,0,86000,,,,False,,False,
32622,VIRALIMALAI,179,PUDUKKOTTAI,Balasubramanian. K.K,IND,IND,NONE,M,47,10th Grade (SSLC),0,0,288,,,,False,,False,
32623,VIRALIMALAI,179,PUDUKKOTTAI,Balasubramanian. M,IND,IND,NONE,M,39,Bachelor's Degree,0,0,390,,,,False,,False,
32624,VIRALIMALAI,179,PUDUKKOTTAI,Balavel Murugesan. T,IND,IND,NONE,M,47,Master's Degree,0,0,8924000,,,,False,,False,
32616,VIRALIMALAI,179,PUDUKKOTTAI,Chandrajothi. M,IND,IND,NONE,M,37,Bachelor's Degree,0,0,974000,,,,False,,False,
32631,VIRALIMALAI,179,PUDUKKOTTAI,Jayagandhi. R,IND,IND,NONE,M,41,Bachelor's Degree,0,0,1961000,,,,False,,False,
32632,VIRALIMALAI,179,PUDUKKOTTAI,Jothivel. A,IND,IND,NONE,M,53,Diploma / ITI,0,0,284000,,,,False,,False,
32625,VIRALIMALAI,179,PUDUKKOTTAI,Mahendiran. K,IND,IND,NONE,M,44,10th Grade (SSLC),0,0,5565000,,,,False,,False,
32626,VIRALIMALAI,179,PUDUKKOTTAI,Manikandan. M,IND,IND,NONE,M,37,8th Grade,0,0,6124000,,,,False,,False,
32627,VIRALIMALAI,179,PUDUKKOTTAI,Mathiyalagan. G,IND,IND,NONE,M,37,12th Grade (HSC / +2),0,0,51000,,,,False,,False,
32621,VIRALIMALAI,179,PUDUKKOTTAI,Palanisamy. A,IND,IND,NONE,M,55,12th Grade (HSC / +2),0,0,73000,,,,False,,False,
32628,VIRALIMALAI,179,PUDUKKOTTAI,Raja. P,IND,IND,NONE,M,32,Bachelor's Degree,0,0,2504000,,,,False,,False,
32617,VIRALIMALAI,179,PUDUKKOTTAI,Subbaiah. R,IND,IND,NONE,M,45,Bachelor's Degree,0,0,510000,,,,False,,False,
32618,VIRALIMALAI,179,PUDUKKOTTAI,Thirumurugan. A,IND,IND,NONE,M,39,Bachelor's Degree,0,0,4076,,,,False,,False,
32619,VIRALIMALAI,179,PUDUKKOTTAI,Thirumurugan. K,IND,IND,NONE,M,46,Not Specified,0,0,45500,,,,False,,False,
32620,VIRALIMALAI,179,PUDUKKOTTAI,Thiruvendran. V,IND,IND,NONE,M,37,Bachelor's Degree,0,0,1013000,,,,False,,False,
32630,VIRALIMALAI,179,PUDUKKOTTAI,Veeramani. M,IND,IND,NONE,M,39,10th Grade (SSLC),0,0,15000,,,,False,,False,
32629,VIRALIMALAI,179,PUDUKKOTTAI,Veeramani. M,IND,IND,NONE,M,38,Diploma / ITI,0,0,4591,,,,False,,False,
32607,VIRALIMALAI,179,PUDUKKOTTAI,Sathyalakshmi. K,NTK,NTK,NTK,F,38,Bachelor's Degree,0,0,4050000,,,,False,,False,
32611,VIRALIMALAI,179,PUDUKKOTTAI,Selvaraj. A,PT,PT,OTHERS,M,71,Not Specified,0,0,4707000,,,,False,,False,
32613,VIRALIMALAI,179,PUDUKKOTTAI,Murugesan. P,Tamilaga Vettri Kazhagam,TVK,TVK,M,43,12th Grade (HSC / +2),0,0,4531000,,,,False,,False,
32612,VIRALIMALAI,179,PUDUKKOTTAI,Palanisamy. K,VTVTK,VTVTK,,M,37,Not Specified,0,0,,,,,False,,False,
32635,PUDUKKOTTAI,180,PUDUKKOTTAI,N.Ramachandran,BJP,BJP,NDA,M,39,Not Specified,0,0,134500000,,,,False,,False,
32639,PUDUKKOTTAI,180,PUDUKKOTTAI,G.Manimegalai,CPI(ML),CPI(ML),,F,48,10th Grade (SSLC),0,0,571000,,,,False,,False,
32634,PUDUKKOTTAI,180,PUDUKKOTTAI,V.Muthuraja,DMK,DMK,INDIA,M,49,Bachelor's Degree,0,0,,,,,False,,False,
32658,PUDUKKOTTAI,180,PUDUKKOTTAI,A.Radhakrishnan,IND,IND,NONE,M,72,12th Grade (HSC / +2),0,0,20000,,,,False,,False,
32649,PUDUKKOTTAI,180,PUDUKKOTTAI,A.Subaresh Raja,IND,IND,NONE,M,32,Not Specified,0,0,45500,,,,False,,False,
32647,PUDUKKOTTAI,180,PUDUKKOTTAI,C.Govindasamy,IND,IND,NONE,M,64,Master's Degree,0,0,7640000,,,,False,,False,
32644,PUDUKKOTTAI,180,PUDUKKOTTAI,C.Karuppaiah,IND,IND,NONE,M,43,Bachelor's Degree,0,0,,,,,False,,False,
32645,PUDUKKOTTAI,180,PUDUKKOTTAI,C.Karuppaiah,IND,IND,NONE,M,46,Bachelor's Degree,0,0,676,,,,False,,False,
32660,PUDUKKOTTAI,180,PUDUKKOTTAI,C.Ramachandran,IND,IND,NONE,M,45,12th Grade (HSC / +2),0,0,40000,,,,False,,False,
32657,PUDUKKOTTAI,180,PUDUKKOTTAI,D.Ramesh,IND,IND,NONE,M,53,Bachelor's Degree,0,0,,,,,False,,False,
32642,PUDUKKOTTAI,180,PUDUKKOTTAI,G.Arivazhagan,IND,IND,NONE,M,35,Bachelor's Degree,0,0,612000,,,,False,,False,
32653,PUDUKKOTTAI,180,PUDUKKOTTAI,G.Duraisaravanan,IND,IND,NONE,M,35,Bachelor's Degree,0,0,4526000,,,,False,,False,
32655,PUDUKKOTTAI,180,PUDUKKOTTAI,G.Muthuraj,IND,IND,NONE,M,36,10th Grade (SSLC),0,0,593000,,,,False,,False,
32652,PUDUKKOTTAI,180,PUDUKKOTTAI,K.Dhanagopal,IND,IND,NONE,M,47,10th Grade (SSLC),0,0,,,,,False,,False,
32646,PUDUKKOTTAI,180,PUDUKKOTTAI,K.Kailasakumar,IND,IND,NONE,M,34,Not Specified,0,0,416000,,,,False,,False,
32656,PUDUKKOTTAI,180,PUDUKKOTTAI,K.Murugesan,IND,IND,NONE,M,55,10th Grade (SSLC),0,0,130000,,,,False,,False,
32643,PUDUKKOTTAI,180,PUDUKKOTTAI,Kangatharan .P,IND,IND,NONE,M,35,Master's Degree,0,0,126000,,,,False,,False,
32654,PUDUKKOTTAI,180,PUDUKKOTTAI,M.A.Muthukumar,IND,IND,NONE,M,41,Bachelor's Degree,0,0,4506000,,,,False,,False,
32661,PUDUKKOTTAI,180,PUDUKKOTTAI,R.Ramachandran,IND,IND,NONE,M,63,Master's Degree,0,0,10106,,,,False,,False,
32648,PUDUKKOTTAI,180,PUDUKKOTTAI,R.Sivakumar,IND,IND,NONE,M,52,Bachelor's Degree,0,0,1424000,,,,False,,False,
32659,PUDUKKOTTAI,180,PUDUKKOTTAI,Ramachandran .C,IND,IND,NONE,M,45,12th Grade (HSC / +2),0,0,40000,,,,False,,False,
32651,PUDUKKOTTAI,180,PUDUKKOTTAI,S.Selvaraj,IND,IND,NONE,M,58,8th Grade,0,0,5051000,,,,False,,False,
32650,PUDUKKOTTAI,180,PUDUKKOTTAI,Senthilnathan .B,IND,IND,NONE,M,29,Bachelor's Degree,0,0,600000,,,,False,,False,
32662,PUDUKKOTTAI,180,PUDUKKOTTAI,V.R.Jayakumar,IND,IND,NONE,M,54,12th Grade (HSC / +2),0,0,50000,,,,False,,False,
32633,PUDUKKOTTAI,180,PUDUKKOTTAI,Ezhilarasi Vijayendran,NTK,NTK,NTK,F,35,Master's Degree,0,0,13500000,,,,False,,False,
32641,PUDUKKOTTAI,180,PUDUKKOTTAI,K.Rengan,PT,PT,OTHERS,M,61,Diploma / ITI,0,0,6060000,,,,False,,False,
32636,PUDUKKOTTAI,180,PUDUKKOTTAI,E.Ramalingam,SFRBC,SFRBC,,M,46,Bachelor's Degree,0,0,3730000,,,,False,,False,
32638,PUDUKKOTTAI,180,PUDUKKOTTAI,S.Niyaz Ahamed,TAVK,TAVK,OTHERS,M,42,8th Grade,0,0,55000,,,,False,,False,
32637,PUDUKKOTTAI,180,PUDUKKOTTAI,K.M.Shariff,Tamilaga Vettri Kazhagam,TVK,TVK,M,61,10th Grade (SSLC),0,0,6995000,,,,False,,False,
32640,PUDUKKOTTAI,180,PUDUKKOTTAI,A.Rajasekar,VTVTK,VTVTK,,M,42,12th Grade (HSC / +2),0,0,202000,,,,False,,False,
32665,THIRUMAYAM,181,PUDUKKOTTAI,Vairamuthu.Pk,AIADMK,AIADMK,,M,71,10th Grade (SSLC),0,0,16500000,,,,False,,False,
32670,THIRUMAYAM,181,PUDUKKOTTAI,Raja.K,AIPTMMK,AIPTMMK,,M,54,Bachelor's Degree,0,0,16179,,,,False,,False,
32663,THIRUMAYAM,181,PUDUKKOTTAI,Regupathy.S,DMK,DMK,INDIA,M,75,Bachelor's Degree,0,0,42200000,,,,False,,False,
32673,THIRUMAYAM,181,PUDUKKOTTAI,Chinnathambi.P,IND,IND,NONE,M,46,8th Grade,0,0,705000,,,,False,,False,
32675,THIRUMAYAM,181,PUDUKKOTTAI,Durairajan.M,IND,IND,NONE,M,57,8th Grade,0,0,50000,,,,False,,False,
32671,THIRUMAYAM,181,PUDUKKOTTAI,Eswar.S,IND,IND,NONE,M,27,12th Grade (HSC / +2),0,0,130000,,,,False,,False,
32676,THIRUMAYAM,181,PUDUKKOTTAI,Ramnath.T,IND,IND,NONE,M,32,Bachelor's Degree,0,0,40668,,,,False,,False,
32672,THIRUMAYAM,181,PUDUKKOTTAI,Sathishkumar.M,IND,IND,NONE,M,32,Diploma / ITI,0,0,1530000,,,,False,,False,
32674,THIRUMAYAM,181,PUDUKKOTTAI,Subramanian.P,IND,IND,NONE,M,58,Not Specified,0,0,1420000,,,,False,,False,
32664,THIRUMAYAM,181,PUDUKKOTTAI,Lakshmi Srinivasan,NTK,NTK,NTK,F,43,Not Specified,0,0,,,,,False,,False,
32667,THIRUMAYAM,181,PUDUKKOTTAI,Subbiah.A,PT,PT,OTHERS,M,55,12th Grade (HSC / +2),0,0,,,,,False,,False,
32668,THIRUMAYAM,181,PUDUKKOTTAI,Muthukaruppan.Cn,SFRBC,SFRBC,,M,61,Master's Degree,0,0,3834000,,,,False,,False,
32669,THIRUMAYAM,181,PUDUKKOTTAI,Ramsingh.Sk,TAVK,TAVK,OTHERS,M,42,Master's Degree,0,0,,,,,False,,False,
32666,THIRUMAYAM,181,PUDUKKOTTAI,Chinthamani.C,Tamilaga Vettri Kazhagam,TVK,TVK,F,37,Master's Degree,0,0,,,,,False,,False,
32679,ALANGUDI,182,PUDUKKOTTAI,Dhana Vimal,AIADMK,AIADMK,,M,44,Bachelor's Degree,0,0,16100000,,,,False,,False,
32683,ALANGUDI,182,PUDUKKOTTAI,S Malaiyandi,AIMMK,AIMMK,,M,33,10th Grade (SSLC),0,0,10000,,,,False,,False,
32682,ALANGUDI,182,PUDUKKOTTAI,D.Pushparaj,AIPTMMK,AIPTMMK,,M,48,10th Grade (SSLC),0,0,1731000,,,,False,,False,
32677,ALANGUDI,182,PUDUKKOTTAI,Siva.V.Meyyanathan,DMK,DMK,INDIA,M,57,Master's Degree,0,0,2719000,,,,False,,False,
32686,ALANGUDI,182,PUDUKKOTTAI,B.Selvam,IND,IND,NONE,M,32,Bachelor's Degree,0,0,12000,,,,False,,False,
32689,ALANGUDI,182,PUDUKKOTTAI,K.Murugesan,IND,IND,NONE,M,45,Not Specified,0,0,11000,,,,False,,False,
32688,ALANGUDI,182,PUDUKKOTTAI,M.Nagarajan,IND,IND,NONE,M,73,Not Specified,0,0,241000,,,,False,,False,
32690,ALANGUDI,182,PUDUKKOTTAI,S.Vanmeganadhan,IND,IND,NONE,M,37,12th Grade (HSC / +2),0,0,16500,,,,False,,False,
32685,ALANGUDI,182,PUDUKKOTTAI,Sasikumar.P,IND,IND,NONE,M,45,Bachelor's Degree,0,0,550000,,,,False,,False,
32687,ALANGUDI,182,PUDUKKOTTAI,T.Thirumaran,IND,IND,NONE,M,42,Master's Degree,0,0,10000,,,,False,,False,
32684,ALANGUDI,182,PUDUKKOTTAI,V.Kannadassan,IND,IND,NONE,M,35,Not Specified,0,0,128000,,,,False,,False,
32678,ALANGUDI,182,PUDUKKOTTAI,R.Rajaram,NTK,NTK,NTK,M,46,Bachelor's Degree,0,0,40000,,,,False,,False,
32681,ALANGUDI,182,PUDUKKOTTAI,R.Suresh,SFRBC,SFRBC,,M,28,12th Grade (HSC / +2),0,0,50000,,,,False,,False,
32680,ALANGUDI,182,PUDUKKOTTAI,Kandasamy,Tamilaga Vettri Kazhagam,TVK,TVK,M,44,Not Specified,0,0,688000,,,,False,,False,
32691,ARANTANGI,183,PUDUKKOTTAI,Kavitha Srikanth,BJP,BJP,NDA,F,48,Master's Degree,0,0,9726000,,,,False,,False,
32693,ARANTANGI,183,PUDUKKOTTAI,Ramachandran . T,INC,INC,INDIA,M,45,Bachelor's Degree,0,0,7308000,,,,False,,False,
32696,ARANTANGI,183,PUDUKKOTTAI,Abdul Jaffar. S,IND,IND,NONE,M,37,10th Grade (SSLC),0,0,3245000,,,,False,,False,
32697,ARANTANGI,183,PUDUKKOTTAI,Aiyappan,IND,IND,NONE,M,46,12th Grade (HSC / +2),0,0,912000,,,,False,,False,
32698,ARANTANGI,183,PUDUKKOTTAI,Arunagiri . M,IND,IND,NONE,M,58,10th Grade (SSLC),0,0,15700,,,,False,,False,
32704,ARANTANGI,183,PUDUKKOTTAI,Dhetchna Moorthy. Doctor. S,IND,IND,NONE,M,46,Not Specified,0,0,,,,,False,,False,
32701,ARANTANGI,183,PUDUKKOTTAI,Kalimuthu. P,IND,IND,NONE,M,45,Bachelor's Degree,0,0,1296000,,,,False,,False,
32700,ARANTANGI,183,PUDUKKOTTAI,Karthikeyan. N,IND,IND,NONE,M,36,Master's Degree,0,0,80138,,,,False,,False,
32705,ARANTANGI,183,PUDUKKOTTAI,Murugarethinam. T,IND,IND,NONE,M,26,Diploma / ITI,0,0,130000,,,,False,,False,
32702,ARANTANGI,183,PUDUKKOTTAI,Shahul Hameed . N,IND,IND,NONE,M,58,12th Grade (HSC / +2),0,0,1670000,,,,False,,False,
32703,ARANTANGI,183,PUDUKKOTTAI,Sundar . A,IND,IND,NONE,M,47,Bachelor's Degree,0,0,2912000,,,,False,,False,
32699,ARANTANGI,183,PUDUKKOTTAI,Udaiyappan. M,IND,IND,NONE,M,36,8th Grade,0,0,5062,,,,False,,False,
32692,ARANTANGI,183,PUDUKKOTTAI,Muthulakshmi. S,NTK,NTK,NTK,F,34,Bachelor's Degree,0,0,2761000,,,,False,,False,
32694,ARANTANGI,183,PUDUKKOTTAI,Nazim Khan. M,TAVK,TAVK,OTHERS,M,25,Bachelor's Degree,0,0,2322000,,,,False,,False,
32695,ARANTANGI,183,PUDUKKOTTAI,Mohamed Farvas. J,Tamilaga Vettri Kazhagam,TVK,TVK,M,31,Bachelor's Degree,0,0,,,,,False,,False,
32711,KARAIKUDI,184,SIVAGANGA,Kalimuthu. A,AIPTMMK,AIPTMMK,,M,41,Bachelor's Degree,0,0,5271000,,,,False,,False,
32712,KARAIKUDI,184,SIVAGANGA,Dherpoki V.Pandi,AMMK,AMMK,OTHERS,M,50,Diploma / ITI,0,0,84500000,,,,False,,False,
32706,KARAIKUDI,184,SIVAGANGA,Ranjithkumar Balusamy,BSP,BSP,OTHERS,M,30,Bachelor's Degree,0,0,23000,,,,False,,False,
32708,KARAIKUDI,184,SIVAGANGA,Mangudi. S,INC,INC,INDIA,M,62,Bachelor's Degree,0,0,26100000,,,,False,,False,
32721,KARAIKUDI,184,SIVAGANGA,Dinesh. K,IND,IND,NONE,M,31,Bachelor's Degree,0,0,150000,,,,False,,False,
32730,KARAIKUDI,184,SIVAGANGA,Jeevitha. A,IND,IND,NONE,F,40,Not Specified,0,0,612000,,,,False,,False,
32717,KARAIKUDI,184,SIVAGANGA,Kalidass. R,IND,IND,NONE,M,49,5th Grade,0,0,66000,,,,False,,False,
32727,KARAIKUDI,184,SIVAGANGA,Lakshmanan. R,IND,IND,NONE,M,35,Bachelor's Degree,0,0,1001000,,,,False,,False,
32724,KARAIKUDI,184,SIVAGANGA,Manimaran. R,IND,IND,NONE,M,37,8th Grade,0,0,172000,,,,False,,False,
32725,KARAIKUDI,184,SIVAGANGA,Muthukumar. K,IND,IND,NONE,M,32,Bachelor's Degree,0,0,,,,,False,,False,
32722,KARAIKUDI,184,SIVAGANGA,Pandi. S,IND,IND,NONE,M,41,Not Specified,0,0,15000,,,,False,,False,
32723,KARAIKUDI,184,SIVAGANGA,Prabu. G,IND,IND,NONE,M,38,Master's Degree,0,0,30000,,,,False,,False,
32726,KARAIKUDI,184,SIVAGANGA,Ramanathan. S.V,IND,IND,NONE,M,34,Not Specified,0,0,1000,,,,False,,False,
32715,KARAIKUDI,184,SIVAGANGA,Ramu. M,IND,IND,NONE,M,45,10th Grade (SSLC),0,0,4043000,,,,False,,False,
32720,KARAIKUDI,184,SIVAGANGA,Selvi. K,IND,IND,NONE,F,37,9th Grade,0,0,312000,,,,False,,False,
32718,KARAIKUDI,184,SIVAGANGA,Shanthi. B,IND,IND,NONE,F,46,12th Grade (HSC / +2),0,0,15000,,,,False,,False,
32719,KARAIKUDI,184,SIVAGANGA,Suresh. V,IND,IND,NONE,M,32,10th Grade (SSLC),0,0,21000,,,,False,,False,
32716,KARAIKUDI,184,SIVAGANGA,Udhuman Ali. M.S,IND,IND,NONE,M,60,12th Grade (HSC / +2),0,0,25000,,,,False,,False,
32728,KARAIKUDI,184,SIVAGANGA,Veeramanikandan. V,IND,IND,NONE,M,25,9th Grade,0,0,25000,,,,False,,False,
32729,KARAIKUDI,184,SIVAGANGA,Velu. K,IND,IND,NONE,M,45,9th Grade,0,0,56500,,,,False,,False,
32707,KARAIKUDI,184,SIVAGANGA,Seeman,NTK,NTK,NTK,M,60,Bachelor's Degree,0,0,,,,,False,,False,
32713,KARAIKUDI,184,SIVAGANGA,Newton Babu. C,PT,PT,OTHERS,M,42,12th Grade (HSC / +2),0,0,71227,,,,False,,False,
32710,KARAIKUDI,184,SIVAGANGA,Karuppiah. K,RPI (A),RPI (A),,M,70,Master's Degree,0,0,8296000,,,,False,,False,
32709,KARAIKUDI,184,SIVAGANGA,Aziz Abdul Rahman. J,SMNK,SMNK,,M,38,Bachelor's Degree,0,0,852000,,,,False,,False,
32714,KARAIKUDI,184,SIVAGANGA,Dr.Prabhu. Tk,Tamilaga Vettri Kazhagam,TVK,TVK,M,41,Not Specified,0,0,74200000,,,,False,,False,
32734,TIRUPPATTUR,185,SIVAGANGA,Umadevi. S,AIPTMMK,AIPTMMK,,F,42,Bachelor's Degree,0,0,8270000,,,,False,,False,
32731,TIRUPPATTUR,185,SIVAGANGA,Thirumaran. K.C,BJP,BJP,NDA,M,52,Bachelor's Degree,0,0,3218000,,,,False,,False,
32732,TIRUPPATTUR,185,SIVAGANGA,Periakaruppan. Kr,DMK,DMK,INDIA,M,66,Bachelor's Degree,0,0,86300000,,,,False,,False,
32739,TIRUPPATTUR,185,SIVAGANGA,Bakiyalakshmi. M,IND,IND,NONE,F,39,8th Grade,0,0,1000,,,,False,,False,
32744,TIRUPPATTUR,185,SIVAGANGA,Dr.Vinayaga Meyyarasu. T,IND,IND,NONE,M,41,Bachelor's Degree,0,0,18500000,,,,False,,False,
32741,TIRUPPATTUR,185,SIVAGANGA,Mallika. A,IND,IND,NONE,F,64,5th Grade,0,0,1000,,,,False,,False,
32742,TIRUPPATTUR,185,SIVAGANGA,Marimuthu. S,IND,IND,NONE,M,43,7th Grade,0,0,571000,,,,False,,False,
32738,TIRUPPATTUR,185,SIVAGANGA,Panchavarnam. M,IND,IND,NONE,F,42,8th Grade,0,0,1000,,,,False,,False,
32740,TIRUPPATTUR,185,SIVAGANGA,Piraman. P,IND,IND,NONE,M,56,6th Grade,0,0,33000,,,,False,,False,
32743,TIRUPPATTUR,185,SIVAGANGA,Raja. K.P.M,IND,IND,NONE,M,49,10th Grade (SSLC),0,0,17500000,,,,False,,False,
32737,TIRUPPATTUR,185,SIVAGANGA,Sethu. P,IND,IND,NONE,M,71,6th Grade,0,0,1000,,,,False,,False,
32736,TIRUPPATTUR,185,SIVAGANGA,Shanmugam. M,IND,IND,NONE,M,67,8th Grade,0,0,1000,,,,False,,False,
32745,TIRUPPATTUR,185,SIVAGANGA,Vishwanathan. S,IND,IND,NONE,M,49,9th Grade,0,0,,,,,False,,False,
32733,TIRUPPATTUR,185,SIVAGANGA,Ramya Mohan,NTK,NTK,NTK,F,32,Not Specified,0,0,,,,,False,,False,
32735,TIRUPPATTUR,185,SIVAGANGA,Seenivasa Sethupathy. R,Tamilaga Vettri Kazhagam,TVK,TVK,M,38,Master's Degree,0,0,5682000,,,,False,,False,
32748,SIVAGANGA,186,SIVAGANGA,Senthilnathan Pr,AIADMK,AIADMK,,M,58,Bachelor's Degree,0,0,61700000,,,,False,,False,
32752,SIVAGANGA,186,SIVAGANGA,Muruganantham Guru,AIPTMMK,AIPTMMK,,M,44,Bachelor's Degree,0,0,8666000,,,,False,,False,
32749,SIVAGANGA,186,SIVAGANGA,Marimuthu K,BSP,BSP,OTHERS,M,55,12th Grade (HSC / +2),0,0,320000,,,,False,,False,
32747,SIVAGANGA,186,SIVAGANGA,Karunaas S,DMK,DMK,INDIA,M,56,12th Grade (HSC / +2),0,0,12400000,,,,False,,False,
32750,SIVAGANGA,186,SIVAGANGA,Rajamanickam M,DMSK,DMSK,OTHERS,M,68,Not Specified,0,0,5580000,,,,False,,False,
32755,SIVAGANGA,186,SIVAGANGA,Irudayaraj V,IND,IND,NONE,M,63,Master's Degree,0,0,7477000,,,,False,,False,
32757,SIVAGANGA,186,SIVAGANGA,Kaleeswaran M,IND,IND,NONE,M,45,10th Grade (SSLC),0,0,652000,,,,False,,False,
32756,SIVAGANGA,186,SIVAGANGA,Karthik M,IND,IND,NONE,M,42,Diploma / ITI,0,0,1660000,,,,False,,False,
32759,SIVAGANGA,186,SIVAGANGA,Nagaprabu,IND,IND,NONE,M,40,10th Grade (SSLC),0,0,27000,,,,False,,False,
32760,SIVAGANGA,186,SIVAGANGA,Paulsamy,IND,IND,NONE,M,64,5th Grade,0,0,407000,,,,False,,False,
32761,SIVAGANGA,186,SIVAGANGA,Prabakaran S.T,IND,IND,NONE,M,63,10th Grade (SSLC),0,0,1341000,,,,False,,False,
32762,SIVAGANGA,186,SIVAGANGA,Ramesh K,IND,IND,NONE,M,53,10th Grade (SSLC),0,0,1228000,,,,False,,False,
32758,SIVAGANGA,186,SIVAGANGA,Santhanam,IND,IND,NONE,M,59,8th Grade,0,0,5379,,,,False,,False,
32746,SIVAGANGA,186,SIVAGANGA,Indhuja R,NTK,NTK,NTK,F,35,Diploma / ITI,0,0,3100000,,,,False,,False,
32754,SIVAGANGA,186,SIVAGANGA,Rajkumar C,SFRBC,SFRBC,,M,46,Diploma / ITI,0,0,109000,,,,False,,False,
32753,SIVAGANGA,186,SIVAGANGA,Rajesh X,TAVK,TAVK,OTHERS,M,31,Diploma / ITI,0,0,1573000,,,,False,,False,
32751,SIVAGANGA,186,SIVAGANGA,Kulanthai Rani A,Tamilaga Vettri Kazhagam,TVK,TVK,F,55,Bachelor's Degree,0,0,2207000,,,,False,,False,
32769,MANAMADURAI,187,SIVAGANGA,Thilagaraj.K,AIPTMMK,AIPTMMK,,M,33,Master's Degree,0,0,2063000,,,,False,,False,
32765,MANAMADURAI,187,SIVAGANGA,Balaganapathy.V,BJP,BJP,NDA,M,48,Bachelor's Degree,0,0,29600000,,,,False,,False,
32764,MANAMADURAI,187,SIVAGANGA,Tamilarasi.A,DMK,DMK,INDIA,F,50,Bachelor's Degree,0,0,26700000,,,,False,,False,
32774,MANAMADURAI,187,SIVAGANGA,Bharathidasan.S,IND,IND,NONE,M,35,Bachelor's Degree,0,0,1877000,,,,False,,False,
32771,MANAMADURAI,187,SIVAGANGA,Karuppusami.V,IND,IND,NONE,M,52,Bachelor's Degree,0,0,280000,,,,False,,False,
32775,MANAMADURAI,187,SIVAGANGA,Raju.J.M,IND,IND,NONE,M,61,Master's Degree,0,0,614000,,,,False,,False,
32773,MANAMADURAI,187,SIVAGANGA,Sathish.T,IND,IND,NONE,M,27,Bachelor's Degree,0,0,,,,,False,,False,
32772,MANAMADURAI,187,SIVAGANGA,Shankarganesan.S,IND,IND,NONE,M,48,Not Specified,0,0,1956000,,,,False,,False,
32776,MANAMADURAI,187,SIVAGANGA,Veerapandi.V,IND,IND,NONE,M,40,9th Grade,0,0,5100,,,,False,,False,
32763,MANAMADURAI,187,SIVAGANGA,Shanmugapriya.M,NTK,NTK,NTK,F,33,Not Specified,0,0,1125000,,,,False,,False,
32770,MANAMADURAI,187,SIVAGANGA,Rajamanikkam.A,PT,PT,OTHERS,M,28,Bachelor's Degree,0,0,200000,,,,False,,False,
32767,MANAMADURAI,187,SIVAGANGA,Arumugam.V,RPI,RPI,OTHERS,M,58,Bachelor's Degree,0,0,650000,,,,False,,False,
32766,MANAMADURAI,187,SIVAGANGA,Arunpandian.A,TAVK,TAVK,OTHERS,M,32,Bachelor's Degree,0,0,361000,,,,False,,False,
32768,MANAMADURAI,187,SIVAGANGA,Elangovan.D,Tamilaga Vettri Kazhagam,TVK,TVK,M,44,Bachelor's Degree,0,0,1568000,,,,False,,False,
32778,MELUR,188,MADURAI,P.Periyapullan (A) Selvam,AIADMK,AIADMK,,M,54,12th Grade (HSC / +2),0,0,1990000,,,,False,,False,
32780,MELUR,188,MADURAI,Soniagandhi,AIPTMMK,AIPTMMK,,F,37,Diploma / ITI,0,0,19400000,,,,False,,False,
32783,MELUR,188,MADURAI,K.Meyyar,CPI(ML),CPI(ML),,M,49,10th Grade (SSLC),0,0,43000,,,,False,,False,
32779,MELUR,188,MADURAI,P.Viswanathan,INC,INC,INDIA,M,61,Bachelor's Degree,0,0,1765000,,,,False,,False,
32788,MELUR,188,MADURAI,C.Mohanram,IND,IND,NONE,M,59,12th Grade (HSC / +2),0,0,177000,,,,False,,False,
32789,MELUR,188,MADURAI,C.Ramesh,IND,IND,NONE,M,35,Bachelor's Degree,0,0,44000,,,,False,,False,
32786,MELUR,188,MADURAI,K.Manikandaprabu,IND,IND,NONE,M,40,9th Grade,0,0,1109000,,,,False,,False,
32784,MELUR,188,MADURAI,K.Sethuraman,IND,IND,NONE,M,51,Not Specified,0,0,104000,,,,False,,False,
32787,MELUR,188,MADURAI,M.Murugan,IND,IND,NONE,M,65,Bachelor's Degree,0,0,46700000,,,,False,,False,
32785,MELUR,188,MADURAI,S.Boopathi,IND,IND,NONE,M,45,Bachelor's Degree,0,0,3095000,,,,False,,False,
32777,MELUR,188,MADURAI,Kottaikumar,NTK,NTK,NTK,M,58,Bachelor's Degree,0,0,20500000,,,,False,,False,
32781,MELUR,188,MADURAI,M.Panneerselvam,PT,PT,OTHERS,M,50,Diploma / ITI,0,0,86150,,,,False,,False,
32782,MELUR,188,MADURAI,A.Maduraiveeran,Tamilaga Vettri Kazhagam,TVK,TVK,M,50,10th Grade (SSLC),0,0,5464000,,,,False,,False,
32791,MADURAI EAST,189,MADURAI,Mahendran K,AIADMK,AIADMK,,M,68,Bachelor's Degree,0,0,20000000,,,,False,,False,
32792,MADURAI EAST,189,MADURAI,Moorthy P,DMK,DMK,INDIA,M,67,12th Grade (HSC / +2),0,0,119700000,,,,False,,False,
32799,MADURAI EAST,189,MADURAI,Ajay Kannan A,IND,IND,NONE,M,27,Diploma / ITI,0,0,152000,,,,False,,False,
32797,MADURAI EAST,189,MADURAI,Arasu S,IND,IND,NONE,M,50,10th Grade (SSLC),0,0,189000,,,,False,,False,
32798,MADURAI EAST,189,MADURAI,Arun Pandian A J,IND,IND,NONE,M,34,7th Grade,0,0,24250,,,,False,,False,
32801,MADURAI EAST,189,MADURAI,Chandra Mouliswaran A,IND,IND,NONE,M,49,Bachelor's Degree,0,0,42800000,,,,False,,False,
32800,MADURAI EAST,189,MADURAI,Karthikeyan G,IND,IND,NONE,M,51,10th Grade (SSLC),0,0,155000,,,,False,,False,
32803,MADURAI EAST,189,MADURAI,Mugeshkumar M,IND,IND,NONE,M,29,Bachelor's Degree,0,0,224000,,,,False,,False,
32802,MADURAI EAST,189,MADURAI,Pitchai V,IND,IND,NONE,M,59,10th Grade (SSLC),0,0,152000,,,,False,,False,
32804,MADURAI EAST,189,MADURAI,Velladurai A,IND,IND,NONE,M,60,9th Grade,0,0,2200000,,,,False,,False,
32790,MADURAI EAST,189,MADURAI,Selvam K,NTK,NTK,NTK,M,42,Bachelor's Degree,0,0,3801000,,,,False,,False,
32794,MADURAI EAST,189,MADURAI,Bharathiraja A,PT,PT,OTHERS,M,39,9th Grade,0,0,271000,,,,False,,False,
32795,MADURAI EAST,189,MADURAI,Prince S,RPI (A),RPI (A),,M,45,Bachelor's Degree,0,0,50000,,,,False,,False,
32796,MADURAI EAST,189,MADURAI,Boomirajan K,TAVK,TAVK,OTHERS,M,41,5th Grade,0,0,225000,,,,False,,False,
32793,MADURAI EAST,189,MADURAI,Karthikeyan S,Tamilaga Vettri Kazhagam,TVK,TVK,M,57,Bachelor's Degree,0,0,29400000,,,,False,,False,
32806,SHOLAVANDAN,190,MADURAI,Manickam.K,AIADMK,AIADMK,,M,60,Not Specified,0,0,240200000,,,,False,,False,
32810,SHOLAVANDAN,190,MADURAI,Balamurugan.K,AIPTMMK,AIPTMMK,,M,52,Bachelor's Degree,0,0,94900000,,,,False,,False,
32807,SHOLAVANDAN,190,MADURAI,Venkatesan.A,DMK,DMK,INDIA,M,50,Bachelor's Degree,0,0,,,,,False,,False,
32812,SHOLAVANDAN,190,MADURAI,Ramadoss.C,IDMK,IDMK,,M,49,10th Grade (SSLC),0,0,230000,,,,False,,False,
32813,SHOLAVANDAN,190,MADURAI,Ajay Subash.B,IND,IND,NONE,M,26,Master's Degree,0,0,25813,,,,False,,False,
32816,SHOLAVANDAN,190,MADURAI,Balamurugan.C,IND,IND,NONE,M,34,9th Grade,0,0,438,,,,False,,False,
32817,SHOLAVANDAN,190,MADURAI,Balamurugan.R,IND,IND,NONE,M,41,12th Grade (HSC / +2),0,0,1318,,,,False,,False,
32815,SHOLAVANDAN,190,MADURAI,Gunasekaran.P,IND,IND,NONE,M,66,Bachelor's Degree,0,0,17900000,,,,False,,False,
32814,SHOLAVANDAN,190,MADURAI,Krishnasamy.P,IND,IND,NONE,M,59,8th Grade,0,0,527000,,,,False,,False,
32818,SHOLAVANDAN,190,MADURAI,Ranjith Kumar.S,IND,IND,NONE,M,35,Master's Degree,0,0,1242000,,,,False,,False,
32805,SHOLAVANDAN,190,MADURAI,Nagalakshmi Thirumaran.T,NTK,NTK,NTK,F,38,Bachelor's Degree,0,0,1325000,,,,False,,False,
32811,SHOLAVANDAN,190,MADURAI,Raghu.K,PT,PT,OTHERS,M,37,Master's Degree,0,0,2527000,,,,False,,False,
32809,SHOLAVANDAN,190,MADURAI,Thangapandi.P,TAVK,TAVK,OTHERS,M,55,7th Grade,0,0,771000,,,,False,,False,
32808,SHOLAVANDAN,190,MADURAI,Karuppaiah.M.V,Tamilaga Vettri Kazhagam,TVK,TVK,M,61,Master's Degree,0,0,2900000,,,,False,,False,
32819,MADURAI NORTH,191,MADURAI,P.Saravanan,AIADMK,AIADMK,,M,56,Not Specified,0,0,132800000,,,,False,,False,
32820,MADURAI NORTH,191,MADURAI,G.Thalapathi,DMK,DMK,INDIA,M,70,10th Grade (SSLC),0,0,27200000,,,,False,,False,
32831,MADURAI NORTH,191,MADURAI,A.Rajangam,IND,IND,NONE,M,78,Bachelor's Degree,0,0,4960000,,,,False,,False,
32828,MADURAI NORTH,191,MADURAI,C.Sathishkumar,IND,IND,NONE,M,37,10th Grade (SSLC),0,0,4553000,,,,False,,False,
32829,MADURAI NORTH,191,MADURAI,D.Mohamed Ismail,IND,IND,NONE,M,43,6th Grade,0,0,44913,,,,False,,False,
32826,MADURAI NORTH,191,MADURAI,J.Kesavarajah,IND,IND,NONE,M,35,Bachelor's Degree,0,0,306000,,,,False,,False,
32827,MADURAI NORTH,191,MADURAI,M.P.Sankarapandi,IND,IND,NONE,M,40,7th Grade,0,0,99000,,,,False,,False,
32825,MADURAI NORTH,191,MADURAI,N.Kuppusamy,IND,IND,NONE,M,44,10th Grade (SSLC),0,0,3137000,,,,False,,False,
32830,MADURAI NORTH,191,MADURAI,P Muthusamy,IND,IND,NONE,M,56,10th Grade (SSLC),0,0,91944,,,,False,,False,
32823,MADURAI NORTH,191,MADURAI,R Rajkumar,NIP,NIP,,M,48,Not Specified,0,0,2824000,,,,False,,False,
32821,MADURAI NORTH,191,MADURAI,V Thirunavukkarasu,NTK,NTK,NTK,M,44,Master's Degree,0,0,2529000,,,,False,,False,
32824,MADURAI NORTH,191,MADURAI,M J Voltaire,SUCI(C),SUCI(C),,M,58,Master's Degree,0,0,305000,,,,False,,False,
32822,MADURAI NORTH,191,MADURAI,A.Kallanai,Tamilaga Vettri Kazhagam,TVK,TVK,M,41,Bachelor's Degree,0,0,11300000,,,,False,,False,
32832,MADURAI SOUTH,192,MADURAI,Raama Sreenivasan,BJP,BJP,NDA,M,61,Doctorate (Ph.D / MD),0,0,12600000,,,,False,,False,
32834,MADURAI SOUTH,192,MADURAI,M.Boominathan,DMK,DMK,INDIA,M,66,Primary (Up to 4th),0,0,61300000,,,,False,,False,
32837,MADURAI SOUTH,192,MADURAI,K.Jeya,IND,IND,NONE,F,49,8th Grade,0,0,16000,,,,False,,False,
32833,MADURAI SOUTH,192,MADURAI,B.M.Sumathy,NTK,NTK,NTK,F,46,Master's Degree,0,0,,,,,False,,False,
32835,MADURAI SOUTH,192,MADURAI,S.Iruthyaraj,TAVK,TAVK,OTHERS,M,45,8th Grade,0,0,2928000,,,,False,,False,
32836,MADURAI SOUTH,192,MADURAI,M.M.Gopison,Tamilaga Vettri Kazhagam,TVK,TVK,M,40,Master's Degree,0,0,3183000,,,,False,,False,
32839,MADURAI CENTRAL,193,MADURAI,Sundar C,AIADMK,AIADMK,,M,58,Not Specified,0,0,237900000,,,,False,,False,
32842,MADURAI CENTRAL,193,MADURAI,Sakkaravarthy P,AIPTMMK,AIPTMMK,,M,65,Bachelor's Degree,0,0,600000,,,,False,,False,
32841,MADURAI CENTRAL,193,MADURAI,Ramar Pandi T,BSP,BSP,OTHERS,M,41,4th Grade,0,0,300000,,,,False,,False,
32840,MADURAI CENTRAL,193,MADURAI,Palanivel Thiaga Rajan,DMK,DMK,INDIA,M,60,Doctorate (Ph.D / MD),0,0,,,,,False,,False,
32844,MADURAI CENTRAL,193,MADURAI,Avadainathan V,IND,IND,NONE,M,73,Doctorate (Ph.D / MD),0,0,5541000,,,,False,,False,
32845,MADURAI CENTRAL,193,MADURAI,Guru Karthick T,IND,IND,NONE,M,29,10th Grade (SSLC),0,0,46500,,,,False,,False,
32848,MADURAI CENTRAL,193,MADURAI,Manivannan,IND,IND,NONE,M,50,Bachelor's Degree,0,0,1162000,,,,False,,False,
32849,MADURAI CENTRAL,193,MADURAI,Rajendran R,IND,IND,NONE,M,42,Bachelor's Degree,0,0,,,,,False,,False,
32846,MADURAI CENTRAL,193,MADURAI,Saleem,IND,IND,NONE,M,53,Not Specified,0,0,,,,,False,,False,
32847,MADURAI CENTRAL,193,MADURAI,Sivaperumal V,IND,IND,NONE,M,43,Master's Degree,0,0,232000,,,,False,,False,
32838,MADURAI CENTRAL,193,MADURAI,Abdul Hakeem K,NTK,NTK,NTK,M,39,Master's Degree,0,0,7256000,,,,False,,False,
32843,MADURAI CENTRAL,193,MADURAI,Madhar Badhurudeen,Tamilaga Vettri Kazhagam,TVK,TVK,M,42,10th Grade (SSLC),0,0,22200000,,,,False,,False,
32850,MADURAI WEST,194,MADURAI,Sellur K Raju,AIADMK,AIADMK,,M,73,Bachelor's Degree,0,0,102900000,,,,False,,False,
32851,MADURAI WEST,194,MADURAI,Balaji R,DMK,DMK,INDIA,M,44,Bachelor's Degree,0,0,13300000,,,,False,,False,
32856,MADURAI WEST,194,MADURAI,Anandh K,IND,IND,NONE,M,35,Bachelor's Degree,0,0,145000,,,,False,,False,
32858,MADURAI WEST,194,MADURAI,Manoj Kumar R,IND,IND,NONE,M,35,Bachelor's Degree,0,0,265000,,,,False,,False,
32860,MADURAI WEST,194,MADURAI,Muthukumar D,IND,IND,NONE,M,45,Bachelor's Degree,0,0,,,,,False,,False,
32859,MADURAI WEST,194,MADURAI,Muthukumar S,IND,IND,NONE,M,42,10th Grade (SSLC),0,0,1193,,,,False,,False,
32861,MADURAI WEST,194,MADURAI,Rahamadullah S,IND,IND,NONE,M,53,Bachelor's Degree,0,0,82000,,,,False,,False,
32862,MADURAI WEST,194,MADURAI,Rajkumar S,IND,IND,NONE,M,30,Master's Degree,0,0,633000,,,,False,,False,
32857,MADURAI WEST,194,MADURAI,Tharma Prabu V S,IND,IND,NONE,M,43,Bachelor's Degree,0,0,3235000,,,,False,,False,
32863,MADURAI WEST,194,MADURAI,Venkatesan M,IND,IND,NONE,M,58,Bachelor's Degree,0,0,2099000,,,,False,,False,
32852,MADURAI WEST,194,MADURAI,Vigneshkumar S,NTK,NTK,NTK,M,29,Bachelor's Degree,0,0,4584000,,,,False,,False,
32854,MADURAI WEST,194,MADURAI,Madurai Veeran S,TAVK,TAVK,OTHERS,M,44,12th Grade (HSC / +2),0,0,480000,,,,False,,False,
32853,MADURAI WEST,194,MADURAI,Thangapandi Sr,Tamilaga Vettri Kazhagam,TVK,TVK,M,46,8th Grade,0,0,10000000,,,,False,,False,
32855,MADURAI WEST,194,MADURAI,Muthupandi R,VTK,VTK,OTHERS,M,49,6th Grade,0,0,2920000,,,,False,,False,
32866,THIRUPARANKUNDRAM,195,MADURAI,Rajanchellappa. V.V,AIADMK,AIADMK,,M,75,Master's Degree,0,0,7800000,,,,False,,False,
32870,THIRUPARANKUNDRAM,195,MADURAI,Thanapandian. T,AIPTMMK,AIPTMMK,,M,55,5th Grade,0,0,1296000,,,,False,,False,
32864,THIRUPARANKUNDRAM,195,MADURAI,Kiruthiga Thangapandi,DMK,DMK,INDIA,F,35,Bachelor's Degree,0,0,41600000,,,,False,,False,
32872,THIRUPARANKUNDRAM,195,MADURAI,Mookkayee. C,ETMK,ETMK,OTHERS,F,47,Bachelor's Degree,0,0,1904000,,,,False,,False,
32874,THIRUPARANKUNDRAM,195,MADURAI,Arumugam. G,IND,IND,NONE,M,62,Primary (Up to 4th),0,0,101000,,,,False,,False,
32876,THIRUPARANKUNDRAM,195,MADURAI,Pounraj. N,IND,IND,NONE,M,31,10th Grade (SSLC),0,0,51000,,,,False,,False,
32877,THIRUPARANKUNDRAM,195,MADURAI,Raj. P,IND,IND,NONE,M,26,Bachelor's Degree,0,0,2256000,,,,False,,False,
32875,THIRUPARANKUNDRAM,195,MADURAI,Ukkra Pandian. S,IND,IND,NONE,M,33,Master's Degree,0,0,10000,,,,False,,False,
32878,THIRUPARANKUNDRAM,195,MADURAI,Vallarasan. K,IND,IND,NONE,M,33,Bachelor's Degree,0,0,82000,,,,False,,False,
32867,THIRUPARANKUNDRAM,195,MADURAI,Chelladurai. R,NIP,NIP,,M,45,7th Grade,0,0,1025000,,,,False,,False,
32865,THIRUPARANKUNDRAM,195,MADURAI,Sathyadevi. T,NTK,NTK,NTK,F,38,Doctorate (Ph.D / MD),0,0,6812000,,,,False,,False,
32868,THIRUPARANKUNDRAM,195,MADURAI,Sethuraman. A,PT,PT,OTHERS,M,55,Diploma / ITI,0,0,3068000,,,,False,,False,
32873,THIRUPARANKUNDRAM,195,MADURAI,Renganathan Doraisamy,RSD (R),RSD (R),,M,66,12th Grade (HSC / +2),0,0,3284000,,,,False,,False,
32869,THIRUPARANKUNDRAM,195,MADURAI,Syed Ibrahim. M,TAVK,TAVK,OTHERS,M,49,Diploma / ITI,0,0,39000,,,,False,,False,
32871,THIRUPARANKUNDRAM,195,MADURAI,Nirmalkumar. R,Tamilaga Vettri Kazhagam,TVK,TVK,M,44,Master's Degree,0,0,79700000,,,,False,,False,
32879,THIRUMANGALAM,196,MADURAI,Udhayakumar.R.B,AIADMK,AIADMK,,M,52,Bachelor's Degree,0,0,2778000,,,,False,,False,
32883,THIRUMANGALAM,196,MADURAI,Kalaiselvi.R,AIDMMK,AIDMMK,,F,38,9th Grade,0,0,1001000,,,,False,,False,
32885,THIRUMANGALAM,196,MADURAI,Jeevitha Nachiyar.B,AIPTMMK,AIPTMMK,,F,29,Bachelor's Degree,0,0,2550000,,,,False,,False,
32880,THIRUMANGALAM,196,MADURAI,Manimaran.M,DMK,DMK,INDIA,M,51,7th Grade,0,0,1118000,,,,False,,False,
32882,THIRUMANGALAM,196,MADURAI,Alagar.A,ETMK,ETMK,OTHERS,M,45,9th Grade,0,0,2581000,,,,False,,False,
32886,THIRUMANGALAM,196,MADURAI,Ayyanan.P,IND,IND,NONE,M,52,8th Grade,0,0,20000,,,,False,,False,
32890,THIRUMANGALAM,196,MADURAI,Bharath.M,IND,IND,NONE,M,42,Bachelor's Degree,0,0,9558000,,,,False,,False,
32887,THIRUMANGALAM,196,MADURAI,Girishkumar.A,IND,IND,NONE,M,50,Not Specified,0,0,54500,,,,False,,False,
32892,THIRUMANGALAM,196,MADURAI,Murugan.S,IND,IND,NONE,M,49,Primary (Up to 4th),0,0,1485000,,,,False,,False,
32891,THIRUMANGALAM,196,MADURAI,Muthuraja.M,IND,IND,NONE,M,46,Bachelor's Degree,0,0,1201000,,,,False,,False,
32889,THIRUMANGALAM,196,MADURAI,Nagoor.M,IND,IND,NONE,M,62,Not Specified,0,0,434000,,,,False,,False,
32888,THIRUMANGALAM,196,MADURAI,Sakkaravarthy.P,IND,IND,NONE,M,45,Not Specified,0,0,2899000,,,,False,,False,
32893,THIRUMANGALAM,196,MADURAI,Vengateswaran.B,IND,IND,NONE,M,43,Bachelor's Degree,0,0,1310000,,,,False,,False,
32881,THIRUMANGALAM,196,MADURAI,Munish.N,NTK,NTK,NTK,M,35,Doctorate (Ph.D / MD),0,0,,,,,False,,False,
32884,THIRUMANGALAM,196,MADURAI,Sathishkumar.N,Tamilaga Vettri Kazhagam,TVK,TVK,M,37,12th Grade (HSC / +2),0,0,5150000,,,,False,,False,
32896,USILAMPATTI,197,MADURAI,Mahendran. I,AIADMK,AIADMK,,M,61,Bachelor's Degree,0,0,79700000,,,,False,,False,
32898,USILAMPATTI,197,MADURAI,Ayyappan. P,AIPTMMK,AIPTMMK,,M,60,Bachelor's Degree,0,0,,,,,False,,False,
32897,USILAMPATTI,197,MADURAI,Vellaipandi. V,BSP,BSP,OTHERS,M,62,Master's Degree,0,0,3700000,,,,False,,False,
32895,USILAMPATTI,197,MADURAI,Saravanakumar. T,INC,INC,INDIA,M,48,Bachelor's Degree,0,0,37300000,,,,False,,False,
32901,USILAMPATTI,197,MADURAI,Dhanasekaran. T,IND,IND,NONE,M,44,12th Grade (HSC / +2),0,0,150000,,,,False,,False,
32900,USILAMPATTI,197,MADURAI,Kiranya. S,IND,IND,NONE,F,25,12th Grade (HSC / +2),0,0,2000000,,,,False,,False,
32905,USILAMPATTI,197,MADURAI,Muthu. N,IND,IND,NONE,M,39,7th Grade,0,0,14995,,,,False,,False,
32904,USILAMPATTI,197,MADURAI,Praveena. S,IND,IND,NONE,F,46,Bachelor's Degree,0,0,9652000,,,,False,,False,
32902,USILAMPATTI,197,MADURAI,Thiagarajan. O.V,IND,IND,NONE,M,48,Bachelor's Degree,0,0,120000,,,,False,,False,
32903,USILAMPATTI,197,MADURAI,Thirumoorthy. A,IND,IND,NONE,M,52,Bachelor's Degree,0,0,970000,,,,False,,False,
32894,USILAMPATTI,197,MADURAI,Abirami. D,NTK,NTK,NTK,F,25,Bachelor's Degree,0,0,873000,,,,False,,False,
32899,USILAMPATTI,197,MADURAI,Vijay. M,Tamilaga Vettri Kazhagam,TVK,TVK,M,40,Not Specified,0,0,,,,,False,,False,
32909,ANDIPATTI,198,THENI,Logirajan.A,AIADMK,AIADMK,,M,66,6th Grade,0,0,530200000,,,,False,,False,
32912,ANDIPATTI,198,THENI,Chellapandiyan.S,AIPTMMK,AIPTMMK,,M,59,Master's Degree,0,0,4962000,,,,False,,False,
32906,ANDIPATTI,198,THENI,Esakkiammal.M,BSP,BSP,OTHERS,F,49,10th Grade (SSLC),0,0,1000000,,,,False,,False,
32910,ANDIPATTI,198,THENI,Irumborai.G,CPIML Red Star,CPIML RED STAR,,M,46,12th Grade (HSC / +2),0,0,3681000,,,,False,,False,
32908,ANDIPATTI,198,THENI,Maharajan.A,DMK,DMK,INDIA,M,72,8th Grade,0,0,164400000,,,,False,,False,
32917,ANDIPATTI,198,THENI,Gopal.S,IND,IND,NONE,M,70,5th Grade,0,0,1461000,,,,False,,False,
32918,ANDIPATTI,198,THENI,Gopinath.P,IND,IND,NONE,M,25,Diploma / ITI,0,0,35010,,,,False,,False,
32923,ANDIPATTI,198,THENI,Jagadeesan.P,IND,IND,NONE,M,50,Diploma / ITI,0,0,47000,,,,False,,False,
32916,ANDIPATTI,198,THENI,Karuppaiya,IND,IND,NONE,M,54,9th Grade,0,0,131000,,,,False,,False,
32919,ANDIPATTI,198,THENI,Neelakannan.T,IND,IND,NONE,M,35,10th Grade (SSLC),0,0,35700,,,,False,,False,
32920,ANDIPATTI,198,THENI,Packiaraj.S,IND,IND,NONE,M,37,Bachelor's Degree,0,0,5285000,,,,False,,False,
32921,ANDIPATTI,198,THENI,Pandidurai.P,IND,IND,NONE,M,35,Diploma / ITI,0,0,95000,,,,False,,False,
32922,ANDIPATTI,198,THENI,Vijayaraj.R,IND,IND,NONE,M,45,Bachelor's Degree,0,0,585000,,,,False,,False,
32907,ANDIPATTI,198,THENI,Gomathi .M,NTK,NTK,NTK,F,35,Bachelor's Degree,0,0,2430000,,,,False,,False,
32911,ANDIPATTI,198,THENI,Elayaraja.M,PT,PT,OTHERS,M,42,10th Grade (SSLC),0,0,89400,,,,False,,False,
32914,ANDIPATTI,198,THENI,Mohammed Rukman.M,TAVK,TAVK,OTHERS,M,29,Diploma / ITI,0,0,10000,,,,False,,False,
32913,ANDIPATTI,198,THENI,Pandi.V,Tamilaga Vettri Kazhagam,TVK,TVK,M,46,9th Grade,0,0,2966000,,,,False,,False,
32915,ANDIPATTI,198,THENI,Jeyamurugan.M.P,VTVTK,VTVTK,,M,53,Diploma / ITI,0,0,457000,,,,False,,False,
32926,PERIYAKULAM,199,THENI,Dr Kathirkamu K,AMMK,AMMK,OTHERS,M,68,Not Specified,0,0,1632000,,,,False,,False,
32930,PERIYAKULAM,199,THENI,Abitha M,IND,IND,NONE,F,25,12th Grade (HSC / +2),0,0,531000,,,,False,,False,
32935,PERIYAKULAM,199,THENI,Dr. Mohanraj A.C. (P.T),IND,IND,NONE,M,50,Not Specified,0,0,295000,,,,False,,False,
32931,PERIYAKULAM,199,THENI,Kumar S,IND,IND,NONE,M,28,10th Grade (SSLC),0,0,545000,,,,False,,False,
32934,PERIYAKULAM,199,THENI,Palanichamy T,IND,IND,NONE,M,31,Bachelor's Degree,0,0,42806,,,,False,,False,
32932,PERIYAKULAM,199,THENI,Sanmugavel K,IND,IND,NONE,M,60,5th Grade,0,0,175000,,,,False,,False,
32933,PERIYAKULAM,199,THENI,Selvaraj R,IND,IND,NONE,M,44,5th Grade,0,0,12500,,,,False,,False,
32936,PERIYAKULAM,199,THENI,Vairamuthu D,IND,IND,NONE,M,30,Diploma / ITI,0,0,25000,,,,False,,False,
32925,PERIYAKULAM,199,THENI,Vimala R,NTK,NTK,NTK,F,43,Bachelor's Degree,0,0,2077000,,,,False,,False,
32928,PERIYAKULAM,199,THENI,Marisamy V,PT,PT,OTHERS,M,39,9th Grade,0,0,1080000,,,,False,,False,
32929,PERIYAKULAM,199,THENI,Ranjeeth Kumar J,SUCI(C),SUCI(C),,M,39,9th Grade,0,0,110000,,,,False,,False,
32927,PERIYAKULAM,199,THENI,Sabari Iyngaran G,Tamilaga Vettri Kazhagam,TVK,TVK,M,28,Master's Degree,0,0,1775000,,,,False,,False,
32924,PERIYAKULAM,199,THENI,Sakthivel P,VCK,VCK,INDIA,M,63,Bachelor's Degree,0,0,121000,,,,False,,False,
32938,BODINAYAKANUR,200,THENI,Narayanasamy V.T,AIADMK,AIADMK,,M,65,Diploma / ITI,0,0,638100000,,,,False,,False,
32940,BODINAYAKANUR,200,THENI,Padmanabhan.N,AIPTMMK,AIPTMMK,,M,71,Master's Degree,0,0,1689000,,,,False,,False,
32941,BODINAYAKANUR,200,THENI,Dr.Pandikumar.S,CPI(ML),CPI(ML),,M,39,Doctorate (Ph.D / MD),0,0,112000,,,,False,,False,
32939,BODINAYAKANUR,200,THENI,Panneerselvam.O,DMK,DMK,INDIA,M,75,Bachelor's Degree,0,0,119700000,,,,False,,False,
32950,BODINAYAKANUR,200,THENI,Balasubramani.R,IND,IND,NONE,M,61,10th Grade (SSLC),0,0,11000000,,,,False,,False,
32946,BODINAYAKANUR,200,THENI,Chandrasekaran.S,IND,IND,NONE,M,62,12th Grade (HSC / +2),0,0,,,,,False,,False,
32945,BODINAYAKANUR,200,THENI,Gowtham.R,IND,IND,NONE,M,37,Diploma / ITI,0,0,50149,,,,False,,False,
32944,BODINAYAKANUR,200,THENI,Karuppaiah.G,IND,IND,NONE,M,47,8th Grade,0,0,3235000,,,,False,,False,
32949,BODINAYAKANUR,200,THENI,Nagananthini.V,IND,IND,NONE,F,35,Master's Degree,0,0,6787000,,,,False,,False,
32947,BODINAYAKANUR,200,THENI,Saravanakumar.V,IND,IND,NONE,M,41,10th Grade (SSLC),0,0,33225,,,,False,,False,
32948,BODINAYAKANUR,200,THENI,Selvamurugan.P,IND,IND,NONE,M,33,10th Grade (SSLC),0,0,156000,,,,False,,False,
32951,BODINAYAKANUR,200,THENI,Velraj.K,IND,IND,NONE,M,46,Bachelor's Degree,0,0,594000,,,,False,,False,
32937,BODINAYAKANUR,200,THENI,Kalaiarasu.S,NTK,NTK,NTK,M,61,Doctorate (Ph.D / MD),0,0,10400000,,,,False,,False,
32942,BODINAYAKANUR,200,THENI,Prakash.S,Tamilaga Vettri Kazhagam,TVK,TVK,M,38,Diploma / ITI,0,0,6484000,,,,False,,False,
32943,BODINAYAKANUR,200,THENI,Raja.M,VTK,VTK,OTHERS,M,55,10th Grade (SSLC),0,0,,,,,False,,False,
32954,CUMBUM,201,THENI,Jakkaiyan S.T.K,AIADMK,AIADMK,,M,75,Bachelor's Degree,0,0,3441000,,,,False,,False,
32953,CUMBUM,201,THENI,Eramakrishnan N,DMK,DMK,INDIA,M,77,Master's Degree,0,0,1585200000,,,,False,,False,
32959,CUMBUM,201,THENI,Arunkumar A,IND,IND,NONE,M,41,Bachelor's Degree,0,0,326000,,,,False,,False,
32958,CUMBUM,201,THENI,Ashok Kumar A,IND,IND,NONE,M,33,12th Grade (HSC / +2),0,0,426000,,,,False,,False,
32964,CUMBUM,201,THENI,Balan R,IND,IND,NONE,M,35,Bachelor's Degree,0,0,239000,,,,False,,False,
32967,CUMBUM,201,THENI,Muthuselvam G,IND,IND,NONE,M,39,12th Grade (HSC / +2),0,0,244000,,,,False,,False,
32963,CUMBUM,201,THENI,Nanthakumar A,IND,IND,NONE,M,50,Not Specified,0,0,16000000,,,,False,,False,
32966,CUMBUM,201,THENI,Prakash P,IND,IND,NONE,M,43,Diploma / ITI,0,0,118,,,,False,,False,
32965,CUMBUM,201,THENI,Prakash P,IND,IND,NONE,M,42,Bachelor's Degree,0,0,423,,,,False,,False,
32968,CUMBUM,201,THENI,Rajadurai S,IND,IND,NONE,M,31,10th Grade (SSLC),0,0,86000,,,,False,,False,
32969,CUMBUM,201,THENI,Rajamohammed T,IND,IND,NONE,M,55,10th Grade (SSLC),0,0,7305000,,,,False,,False,
32960,CUMBUM,201,THENI,Saravanan S.R,IND,IND,NONE,M,47,12th Grade (HSC / +2),0,0,541000,,,,False,,False,
32961,CUMBUM,201,THENI,Subramaniyam L R,IND,IND,NONE,M,47,Not Specified,0,0,,,,,False,,False,
32962,CUMBUM,201,THENI,Thasthakeer I,IND,IND,NONE,M,51,10th Grade (SSLC),0,0,822000,,,,False,,False,
32970,CUMBUM,201,THENI,Vinoth Kumar R,IND,IND,NONE,M,35,9th Grade,0,0,684000,,,,False,,False,
32955,CUMBUM,201,THENI,Kathiravan S,NGPP,NGPP,,M,35,Diploma / ITI,0,0,559000,,,,False,,False,
32952,CUMBUM,201,THENI,Anbuselvi A,NTK,NTK,NTK,F,57,Master's Degree,0,0,4142000,,,,False,,False,
32956,CUMBUM,201,THENI,Muthu Bagavathi M,TAVK,TAVK,OTHERS,M,39,10th Grade (SSLC),0,0,5000,,,,False,,False,
32957,CUMBUM,201,THENI,Jeganathmishra Pla,Tamilaga Vettri Kazhagam,TVK,TVK,M,50,Bachelor's Degree,0,0,,,,,False,,False,
32977,RAJAPALAYAM,202,VIRUDHUNAGAR,Harish. A,AIPTMMK,AIPTMMK,,M,28,Bachelor's Degree,0,0,157400000,,,,False,,False,
32973,RAJAPALAYAM,202,VIRUDHUNAGAR,Priscilla Pandian. J,BJP,BJP,NDA,F,56,Doctorate (Ph.D / MD),0,0,143800000,,,,False,,False,
32972,RAJAPALAYAM,202,VIRUDHUNAGAR,Thangapandian. S,DMK,DMK,INDIA,M,57,6th Grade,0,0,114700000,,,,False,,False,
32979,RAJAPALAYAM,202,VIRUDHUNAGAR,Alagumurugan. S,IND,IND,NONE,M,32,8th Grade,0,0,148000,,,,False,,False,
32978,RAJAPALAYAM,202,VIRUDHUNAGAR,Alagupandian. A,IND,IND,NONE,M,62,9th Grade,0,0,307200000,,,,False,,False,
32987,RAJAPALAYAM,202,VIRUDHUNAGAR,Balamurugan. V,IND,IND,NONE,M,50,Master's Degree,0,0,403000,,,,False,,False,
32980,RAJAPALAYAM,202,VIRUDHUNAGAR,Ganesan. K,IND,IND,NONE,M,43,Bachelor's Degree,0,0,727000,,,,False,,False,
32992,RAJAPALAYAM,202,VIRUDHUNAGAR,Jegathishwari. N,IND,IND,NONE,F,47,5th Grade,0,0,1500000,,,,False,,False,
32988,RAJAPALAYAM,202,VIRUDHUNAGAR,Manmathan. M,IND,IND,NONE,M,71,10th Grade (SSLC),0,0,,,,,False,,False,
32990,RAJAPALAYAM,202,VIRUDHUNAGAR,Murugan. D,IND,IND,NONE,M,56,5th Grade,0,0,,,,,False,,False,
32989,RAJAPALAYAM,202,VIRUDHUNAGAR,Muthulakshmi. R,IND,IND,NONE,F,45,Master's Degree,0,0,,,,,False,,False,
32983,RAJAPALAYAM,202,VIRUDHUNAGAR,Samuel Raj,IND,IND,NONE,M,34,12th Grade (HSC / +2),0,0,518000,,,,False,,False,
32982,RAJAPALAYAM,202,VIRUDHUNAGAR,Saravanan. G,IND,IND,NONE,M,50,Doctorate (Ph.D / MD),0,0,84000,,,,False,,False,
32984,RAJAPALAYAM,202,VIRUDHUNAGAR,Selvakumar. A,IND,IND,NONE,M,30,Bachelor's Degree,0,0,70000,,,,False,,False,
32985,RAJAPALAYAM,202,VIRUDHUNAGAR,Selvi. K,IND,IND,NONE,F,35,Master's Degree,0,0,1939000,,,,False,,False,
32981,RAJAPALAYAM,202,VIRUDHUNAGAR,Shanmugachandra Velavan. C.C,IND,IND,NONE,M,59,10th Grade (SSLC),0,0,50000,,,,False,,False,
32986,RAJAPALAYAM,202,VIRUDHUNAGAR,Thangapandi. B,IND,IND,NONE,M,33,Bachelor's Degree,0,0,102000,,,,False,,False,
32991,RAJAPALAYAM,202,VIRUDHUNAGAR,Vijendran. G,IND,IND,NONE,M,67,Doctorate (Ph.D / MD),0,0,11000000,,,,False,,False,
32971,RAJAPALAYAM,202,VIRUDHUNAGAR,Dr. Karthikeyan. T.E,NTK,NTK,NTK,M,33,Bachelor's Degree,0,0,,,,,False,,False,
32975,RAJAPALAYAM,202,VIRUDHUNAGAR,Ramadevi. T,PT,PT,OTHERS,F,38,Bachelor's Degree,0,0,1020000,,,,False,,False,
32974,RAJAPALAYAM,202,VIRUDHUNAGAR,Nasrin Banu. T,RPI (A),RPI (A),,F,41,12th Grade (HSC / +2),0,0,78000,,,,False,,False,
32976,RAJAPALAYAM,202,VIRUDHUNAGAR,Jegadeshwari. K,Tamilaga Vettri Kazhagam,TVK,TVK,F,40,Bachelor's Degree,0,0,,,,,False,,False,
32994,SRIVILLIPUTHUR,203,VIRUDHUNAGAR,Chandraprabha.M,AIADMK,AIADMK,,F,44,Master's Degree,0,0,15900000,,,,False,,False,
32997,SRIVILLIPUTHUR,203,VIRUDHUNAGAR,Chandra.M,AIPTMMK,AIPTMMK,,M,51,Not Specified,0,0,8250000,,,,False,,False,
32995,SRIVILLIPUTHUR,203,VIRUDHUNAGAR,Mahalingam.P,CPI,CPI,INDIA,M,53,Bachelor's Degree,0,0,756000,,,,False,,False,
33000,SRIVILLIPUTHUR,203,VIRUDHUNAGAR,Alaguraja T,IND,IND,NONE,M,31,Bachelor's Degree,0,0,59000,,,,False,,False,
33003,SRIVILLIPUTHUR,203,VIRUDHUNAGAR,Devialakshmi Saranya.K,IND,IND,NONE,F,38,Not Specified,0,0,,,,,False,,False,
33006,SRIVILLIPUTHUR,203,VIRUDHUNAGAR,Murugesan.S,IND,IND,NONE,M,47,10th Grade (SSLC),0,0,42000,,,,False,,False,
33005,SRIVILLIPUTHUR,203,VIRUDHUNAGAR,Muthuraj.U,IND,IND,NONE,M,44,6th Grade,0,0,6450000,,,,False,,False,
33004,SRIVILLIPUTHUR,203,VIRUDHUNAGAR,Pandiyammal.M,IND,IND,NONE,F,37,Not Specified,0,0,15184,,,,False,,False,
33001,SRIVILLIPUTHUR,203,VIRUDHUNAGAR,Sudandiradoss.M,IND,IND,NONE,M,25,Not Specified,0,0,1220000,,,,False,,False,
33002,SRIVILLIPUTHUR,203,VIRUDHUNAGAR,Suryaprakash.R,IND,IND,NONE,M,30,Bachelor's Degree,0,0,905000,,,,False,,False,
32998,SRIVILLIPUTHUR,203,VIRUDHUNAGAR,Varatharajan.A,NIP,NIP,,M,54,Bachelor's Degree,0,0,303000,,,,False,,False,
32993,SRIVILLIPUTHUR,203,VIRUDHUNAGAR,Karikalapandiyan.A,NTK,NTK,NTK,M,46,Bachelor's Degree,0,0,1350000,,,,False,,False,
32999,SRIVILLIPUTHUR,203,VIRUDHUNAGAR,Dr. Shyam Krishnasamy,PT,PT,OTHERS,M,33,Not Specified,0,0,141700000,,,,False,,False,
32996,SRIVILLIPUTHUR,203,VIRUDHUNAGAR,Karthik.A,Tamilaga Vettri Kazhagam,TVK,TVK,M,37,Master's Degree,0,0,,,,,False,,False,
33012,SATTUR,204,VIRUDHUNAGAR,Esakkiraja. K,AIPTMMK,AIPTMMK,,M,39,Not Specified,0,0,1027000,,,,False,,False,
33010,SATTUR,204,VIRUDHUNAGAR,Nainar Nagenthran,BJP,BJP,NDA,M,65,Not Specified,0,0,,,,,False,,False,
33009,SATTUR,204,VIRUDHUNAGAR,Kamala Vel Selvan. P,BSP,BSP,OTHERS,M,53,Bachelor's Degree,0,0,11500000,,,,False,,False,
33008,SATTUR,204,VIRUDHUNAGAR,Kadarkarairaj. A,DMK,DMK,INDIA,M,67,10th Grade (SSLC),0,0,19100000,,,,False,,False,
33016,SATTUR,204,VIRUDHUNAGAR,Ajithkumar. S,IND,IND,NONE,M,28,Bachelor's Degree,0,0,684000,,,,False,,False,
33017,SATTUR,204,VIRUDHUNAGAR,Kaliraj. M,IND,IND,NONE,M,34,Not Specified,0,0,725000,,,,False,,False,
33021,SATTUR,204,VIRUDHUNAGAR,Mahendran. M,IND,IND,NONE,M,32,Master's Degree,0,0,543000,,,,False,,False,
33022,SATTUR,204,VIRUDHUNAGAR,Maheshkumar. M,IND,IND,NONE,M,36,Bachelor's Degree,0,0,156000,,,,False,,False,
33023,SATTUR,204,VIRUDHUNAGAR,Manivasagam.S,IND,IND,NONE,M,47,Bachelor's Degree,0,0,100000,,,,False,,False,
33024,SATTUR,204,VIRUDHUNAGAR,Mayakkannan. V,IND,IND,NONE,M,35,Bachelor's Degree,0,0,,,,,False,,False,
33025,SATTUR,204,VIRUDHUNAGAR,Mutharasan. M,IND,IND,NONE,M,37,Master's Degree,0,0,2140000,,,,False,,False,
33020,SATTUR,204,VIRUDHUNAGAR,Narmada Nandhakumar,IND,IND,NONE,F,48,Master's Degree,0,0,50000,,,,False,,False,
33026,SATTUR,204,VIRUDHUNAGAR,Ramesh Kumar. B,IND,IND,NONE,M,45,Diploma / ITI,0,0,112000,,,,False,,False,
33018,SATTUR,204,VIRUDHUNAGAR,Saravanan. P,IND,IND,NONE,M,52,Bachelor's Degree,0,0,58000,,,,False,,False,
33019,SATTUR,204,VIRUDHUNAGAR,Thanga Mariappan. J,IND,IND,NONE,M,53,Bachelor's Degree,0,0,49000,,,,False,,False,
33028,SATTUR,204,VIRUDHUNAGAR,Venkatesan. M,IND,IND,NONE,M,31,Not Specified,0,0,732000,,,,False,,False,
33027,SATTUR,204,VIRUDHUNAGAR,Vijendran. G,IND,IND,NONE,M,67,Doctorate (Ph.D / MD),0,0,7405000,,,,False,,False,
33007,SATTUR,204,VIRUDHUNAGAR,Anandharaja. D,NTK,NTK,NTK,M,49,Bachelor's Degree,0,0,21300000,,,,False,,False,
33013,SATTUR,204,VIRUDHUNAGAR,Thanga Durai. P,PMTDK,PMTDK,,M,33,10th Grade (SSLC),0,0,992000,,,,False,,False,
33015,SATTUR,204,VIRUDHUNAGAR,Velmurugan. S,PT,PT,OTHERS,M,50,10th Grade (SSLC),0,0,73000,,,,False,,False,
33014,SATTUR,204,VIRUDHUNAGAR,Muthukannu. C,TAMNK,TAMNK,,M,59,Bachelor's Degree,0,0,1213000,,,,False,,False,
33011,SATTUR,204,VIRUDHUNAGAR,Ajith. M,Tamilaga Vettri Kazhagam,TVK,TVK,M,32,Master's Degree,0,0,,,,,False,,False,
33032,SIVAKASI,205,VIRUDHUNAGAR,Rajenthrabhalaji K T,AIADMK,AIADMK,,M,62,10th Grade (SSLC),0,0,32900000,,,,False,,False,
33033,SIVAKASI,205,VIRUDHUNAGAR,Ganesan M,AIPTMMK,AIPTMMK,,M,70,9th Grade,0,0,49900000,,,,False,,False,
33031,SIVAKASI,205,VIRUDHUNAGAR,Suresh K,BSP,BSP,OTHERS,M,32,Bachelor's Degree,0,0,26450,,,,False,,False,
33036,SIVAKASI,205,VIRUDHUNAGAR,Chinnadurai Alias Dimitro S,CPI(ML),CPI(ML),,M,38,Not Specified,0,0,620000,,,,False,,False,
33029,SIVAKASI,205,VIRUDHUNAGAR,Ashokan G,INC,INC,INDIA,M,67,Bachelor's Degree,0,0,579400000,,,,False,,False,
33037,SIVAKASI,205,VIRUDHUNAGAR,Ganesan S,IND,IND,NONE,M,57,8th Grade,0,0,642,,,,False,,False,
33038,SIVAKASI,205,VIRUDHUNAGAR,Ganesan V,IND,IND,NONE,M,70,Not Specified,0,0,330,,,,False,,False,
33040,SIVAKASI,205,VIRUDHUNAGAR,Murugan M,IND,IND,NONE,M,43,9th Grade,0,0,157000,,,,False,,False,
33039,SIVAKASI,205,VIRUDHUNAGAR,Nagalakshmi V,IND,IND,NONE,F,59,Diploma / ITI,0,0,1208000,,,,False,,False,
33041,SIVAKASI,205,VIRUDHUNAGAR,Ramesh P,IND,IND,NONE,M,39,Bachelor's Degree,0,0,1129000,,,,False,,False,
33042,SIVAKASI,205,VIRUDHUNAGAR,Venkatesh V,IND,IND,NONE,M,33,Bachelor's Degree,0,0,3356000,,,,False,,False,
33030,SIVAKASI,205,VIRUDHUNAGAR,Esther Mary Diana A,NTK,NTK,NTK,F,45,12th Grade (HSC / +2),0,0,3049000,,,,False,,False,
33034,SIVAKASI,205,VIRUDHUNAGAR,Kanipandi M,PT,PT,OTHERS,M,29,7th Grade,0,0,4850000,,,,False,,False,
33035,SIVAKASI,205,VIRUDHUNAGAR,Keerthana S,Tamilaga Vettri Kazhagam,TVK,TVK,F,30,Master's Degree,0,0,2258000,,,,False,,False,
33043,VIRUDHUNAGAR,206,VIRUDHUNAGAR,Ganesan V.G,AIADMK,AIADMK,,M,51,10th Grade (SSLC),0,0,525500000,,,,False,,False,
33045,VIRUDHUNAGAR,206,VIRUDHUNAGAR,Vijayaprabhakar,DMDK,DMDK,NDA,M,35,Not Specified,0,0,217400000,,,,False,,False,
33049,VIRUDHUNAGAR,206,VIRUDHUNAGAR,Vikraman N,DMMK,DMMK,OTHERS,M,41,Doctorate (Ph.D / MD),0,0,17000,,,,False,,False,
33051,VIRUDHUNAGAR,206,VIRUDHUNAGAR,Ajay I,IND,IND,NONE,M,27,12th Grade (HSC / +2),0,0,339000,,,,False,,False,
33050,VIRUDHUNAGAR,206,VIRUDHUNAGAR,Amirtha Pandi M.V,IND,IND,NONE,M,30,12th Grade (HSC / +2),0,0,12500,,,,False,,False,
33052,VIRUDHUNAGAR,206,VIRUDHUNAGAR,Gunasundaram R,IND,IND,NONE,M,71,Doctorate (Ph.D / MD),0,0,8500,,,,False,,False,
33053,VIRUDHUNAGAR,206,VIRUDHUNAGAR,Gurusamy S,IND,IND,NONE,M,68,10th Grade (SSLC),0,0,83744,,,,False,,False,
33056,VIRUDHUNAGAR,206,VIRUDHUNAGAR,Muthuvel S,IND,IND,NONE,M,58,Bachelor's Degree,0,0,892000,,,,False,,False,
33057,VIRUDHUNAGAR,206,VIRUDHUNAGAR,Ranjith S,IND,IND,NONE,M,30,Bachelor's Degree,0,0,142000,,,,False,,False,
33054,VIRUDHUNAGAR,206,VIRUDHUNAGAR,Santhosh Kumar R,IND,IND,NONE,M,29,Master's Degree,0,0,21000,,,,False,,False,
33055,VIRUDHUNAGAR,206,VIRUDHUNAGAR,Subburaj K,IND,IND,NONE,M,48,8th Grade,0,0,231000,,,,False,,False,
33048,VIRUDHUNAGAR,206,VIRUDHUNAGAR,Rathinaraja S,NMEK,NMEK,,M,54,Master's Degree,0,0,22100000,,,,False,,False,
33044,VIRUDHUNAGAR,206,VIRUDHUNAGAR,Lakshmanan,NTK,NTK,NTK,M,27,Bachelor's Degree,0,0,984000,,,,False,,False,
33047,VIRUDHUNAGAR,206,VIRUDHUNAGAR,Balasubramaniam M,PT,PT,OTHERS,M,57,3rd Grade,0,0,330000,,,,False,,False,
33046,VIRUDHUNAGAR,206,VIRUDHUNAGAR,Selvam P,Tamilaga Vettri Kazhagam,TVK,TVK,M,31,Not Specified,0,0,,,,,False,,False,
33059,ARUPPUKOTTAI,207,VIRUDHUNAGAR,Sethupathy. S,AIADMK,AIADMK,,M,53,Not Specified,0,0,,,,,False,,False,
33065,ARUPPUKOTTAI,207,VIRUDHUNAGAR,Dharmaraj. P,AIPTMMK,AIPTMMK,,M,47,Not Specified,0,0,1305000,,,,False,,False,
33058,ARUPPUKOTTAI,207,VIRUDHUNAGAR,Ramachandran. K.K.S.S.R,DMK,DMK,INDIA,M,76,10th Grade (SSLC),0,0,16500000,,,,False,,False,
33064,ARUPPUKOTTAI,207,VIRUDHUNAGAR,Sanjay Gandhi. V,DMMK,DMMK,OTHERS,M,34,10th Grade (SSLC),0,0,11866,,,,False,,False,
33061,ARUPPUKOTTAI,207,VIRUDHUNAGAR,Elango. G,ETMK,ETMK,OTHERS,M,45,Diploma / ITI,0,0,1678000,,,,False,,False,
33070,ARUPPUKOTTAI,207,VIRUDHUNAGAR,Advocate Sadhuragiri. M,IND,IND,NONE,M,27,Bachelor's Degree,0,0,104000,,,,False,,False,
33068,ARUPPUKOTTAI,207,VIRUDHUNAGAR,Anandhan. A,IND,IND,NONE,M,58,8th Grade,0,0,1131000,,,,False,,False,
33067,ARUPPUKOTTAI,207,VIRUDHUNAGAR,Arumugam. V,IND,IND,NONE,M,29,Diploma / ITI,0,0,,,,,False,,False,
33071,ARUPPUKOTTAI,207,VIRUDHUNAGAR,Chinnasamy. G,IND,IND,NONE,M,48,6th Grade,0,0,727000,,,,False,,False,
33069,ARUPPUKOTTAI,207,VIRUDHUNAGAR,Karthik. M,IND,IND,NONE,M,31,5th Grade,0,0,20000,,,,False,,False,
33077,ARUPPUKOTTAI,207,VIRUDHUNAGAR,Marivel. K,IND,IND,NONE,M,35,12th Grade (HSC / +2),0,0,2865000,,,,False,,False,
33078,ARUPPUKOTTAI,207,VIRUDHUNAGAR,Muniyandi. M,IND,IND,NONE,M,46,5th Grade,0,0,50000,,,,False,,False,
33076,ARUPPUKOTTAI,207,VIRUDHUNAGAR,Palanikumar. M,IND,IND,NONE,M,46,10th Grade (SSLC),0,0,6203000,,,,False,,False,
33079,ARUPPUKOTTAI,207,VIRUDHUNAGAR,Ramakrishnan. S,IND,IND,NONE,M,32,9th Grade,0,0,117000,,,,False,,False,
33080,ARUPPUKOTTAI,207,VIRUDHUNAGAR,Ramamoorthy. G,IND,IND,NONE,M,48,Master's Degree,0,0,36500,,,,False,,False,
33075,ARUPPUKOTTAI,207,VIRUDHUNAGAR,Senthilkumar. S,IND,IND,NONE,M,48,Bachelor's Degree,0,0,6000000,,,,False,,False,
33072,ARUPPUKOTTAI,207,VIRUDHUNAGAR,Sundaramahalingam. A,IND,IND,NONE,M,39,12th Grade (HSC / +2),0,0,51000,,,,False,,False,
33073,ARUPPUKOTTAI,207,VIRUDHUNAGAR,Sundaramoorthi. S,IND,IND,NONE,M,41,Not Specified,0,0,1620000,,,,False,,False,
33074,ARUPPUKOTTAI,207,VIRUDHUNAGAR,Sureshkumar. K,IND,IND,NONE,M,30,10th Grade (SSLC),0,0,20000,,,,False,,False,
33081,ARUPPUKOTTAI,207,VIRUDHUNAGAR,Veeraraj. R,IND,IND,NONE,M,28,5th Grade,0,0,50000,,,,False,,False,
33082,ARUPPUKOTTAI,207,VIRUDHUNAGAR,Venkatesan. P.S,IND,IND,NONE,M,59,12th Grade (HSC / +2),0,0,1550000,,,,False,,False,
33060,ARUPPUKOTTAI,207,VIRUDHUNAGAR,Manimaran. G,NTK,NTK,NTK,M,41,Diploma / ITI,0,0,4562000,,,,False,,False,
33062,ARUPPUKOTTAI,207,VIRUDHUNAGAR,Ganesan. V,PMTDK,PMTDK,,M,41,10th Grade (SSLC),0,0,4171000,,,,False,,False,
33066,ARUPPUKOTTAI,207,VIRUDHUNAGAR,Ragupathi. K,PT,PT,OTHERS,M,51,Bachelor's Degree,0,0,241000,,,,False,,False,
33063,ARUPPUKOTTAI,207,VIRUDHUNAGAR,Karthik Kumar. K,Tamilaga Vettri Kazhagam,TVK,TVK,M,31,Diploma / ITI,0,0,2072000,,,,False,,False,
33085,TIRUCHULI,208,VIRUDHUNAGAR,Rajavarman.M.S.R,AIADMK,AIADMK,,M,53,10th Grade (SSLC),0,0,105400000,,,,False,,False,
33089,TIRUCHULI,208,VIRUDHUNAGAR,Murugesapandian.T,AIPTMMK,AIPTMMK,,M,63,12th Grade (HSC / +2),0,0,2274000,,,,False,,False,
33091,TIRUCHULI,208,VIRUDHUNAGAR,Vellaisamy.P,ASP,ASP,,M,63,5th Grade,0,0,2430000,,,,False,,False,
33084,TIRUCHULI,208,VIRUDHUNAGAR,Thangam Thenarasu,DMK,DMK,INDIA,M,59,Bachelor's Degree,0,0,15500000,,,,False,,False,
33086,TIRUCHULI,208,VIRUDHUNAGAR,Kannan.G,ETMK,ETMK,OTHERS,M,39,Diploma / ITI,0,0,1910000,,,,False,,False,
33097,TIRUCHULI,208,VIRUDHUNAGAR,Advocate Thangapandian,IND,IND,NONE,M,42,Bachelor's Degree,0,0,1755000,,,,False,,False,
33092,TIRUCHULI,208,VIRUDHUNAGAR,Aravinthasamy.J,IND,IND,NONE,M,28,Diploma / ITI,0,0,202000,,,,False,,False,
33095,TIRUCHULI,208,VIRUDHUNAGAR,Chenna Kesavan.P,IND,IND,NONE,M,45,7th Grade,0,0,,,,,False,,False,
33094,TIRUCHULI,208,VIRUDHUNAGAR,Gurusamy.T,IND,IND,NONE,M,63,6th Grade,0,0,8882000,,,,False,,False,
33105,TIRUCHULI,208,VIRUDHUNAGAR,Jeyachitra,IND,IND,NONE,F,39,10th Grade (SSLC),0,0,15000,,,,False,,False,
33093,TIRUCHULI,208,VIRUDHUNAGAR,Kalimuthu.S,IND,IND,NONE,M,55,10th Grade (SSLC),0,0,,,,,False,,False,
33100,TIRUCHULI,208,VIRUDHUNAGAR,Malai Alagu.M,IND,IND,NONE,M,43,Bachelor's Degree,0,0,220000,,,,False,,False,
33101,TIRUCHULI,208,VIRUDHUNAGAR,Marimuthu.M,IND,IND,NONE,M,49,5th Grade,0,0,153000,,,,False,,False,
33102,TIRUCHULI,208,VIRUDHUNAGAR,Marnadu.M,IND,IND,NONE,M,51,8th Grade,0,0,1428000,,,,False,,False,
33103,TIRUCHULI,208,VIRUDHUNAGAR,Muniyasamy.R,IND,IND,NONE,M,49,8th Grade,0,0,120000,,,,False,,False,
33098,TIRUCHULI,208,VIRUDHUNAGAR,Nallamaruthu.K,IND,IND,NONE,M,45,10th Grade (SSLC),0,0,551000,,,,False,,False,
33099,TIRUCHULI,208,VIRUDHUNAGAR,Palaniyandi.M,IND,IND,NONE,M,52,12th Grade (HSC / +2),0,0,57000,,,,False,,False,
33104,TIRUCHULI,208,VIRUDHUNAGAR,Rajangam.C,IND,IND,NONE,M,64,10th Grade (SSLC),0,0,602000,,,,False,,False,
33096,TIRUCHULI,208,VIRUDHUNAGAR,Sethuramalingam.S,IND,IND,NONE,M,81,10th Grade (SSLC),0,0,39908,,,,False,,False,
33083,TIRUCHULI,208,VIRUDHUNAGAR,Avarangadu Karthik Raja,NTK,NTK,NTK,M,34,Master's Degree,0,0,,,,,False,,False,
33087,TIRUCHULI,208,VIRUDHUNAGAR,Gunasekaran.G,PT,PT,OTHERS,M,53,8th Grade,0,0,112000,,,,False,,False,
33090,TIRUCHULI,208,VIRUDHUNAGAR,Rajkumar.D,TAVK,TAVK,OTHERS,M,49,9th Grade,0,0,5805000,,,,False,,False,
33088,TIRUCHULI,208,VIRUDHUNAGAR,Samayan.S,Tamilaga Vettri Kazhagam,TVK,TVK,M,35,6th Grade,0,0,2137000,,,,False,,False,
33108,PARAMAKUDI,209,RAMANATHAPURAM,Dr. Muthiah. S,AIADMK,AIADMK,,M,69,Not Specified,0,0,55800000,,,,False,,False,
33109,PARAMAKUDI,209,RAMANATHAPURAM,Amirtha. M,AIPTMMK,AIPTMMK,,F,42,Bachelor's Degree,0,0,1172000,,,,False,,False,
33107,PARAMAKUDI,209,RAMANATHAPURAM,Advocate. Kathiravan. K.K,DMK,DMK,INDIA,M,40,Bachelor's Degree,0,0,7942000,,,,False,,False,
33113,PARAMAKUDI,209,RAMANATHAPURAM,Karthik Vani. B,IND,IND,NONE,M,35,12th Grade (HSC / +2),0,0,86000,,,,False,,False,
33112,PARAMAKUDI,209,RAMANATHAPURAM,Kathiravan. R,IND,IND,NONE,M,32,Bachelor's Degree,0,0,50000,,,,False,,False,
33114,PARAMAKUDI,209,RAMANATHAPURAM,Muththiah. M,IND,IND,NONE,M,69,Primary (Up to 4th),0,0,13000,,,,False,,False,
33115,PARAMAKUDI,209,RAMANATHAPURAM,Radha Krishnan. G,IND,IND,NONE,M,29,Bachelor's Degree,0,0,50000,,,,False,,False,
33116,PARAMAKUDI,209,RAMANATHAPURAM,Raja. M,IND,IND,NONE,M,45,Master's Degree,0,0,50000,,,,False,,False,
33117,PARAMAKUDI,209,RAMANATHAPURAM,Raju. A,IND,IND,NONE,M,37,Diploma / ITI,0,0,1040,,,,False,,False,
33106,PARAMAKUDI,209,RAMANATHAPURAM,Ezhil Elavarasi. R,NTK,NTK,NTK,F,38,Bachelor's Degree,0,0,5660000,,,,False,,False,
33110,PARAMAKUDI,209,RAMANATHAPURAM,Rathina Prakash. K,PT,PT,OTHERS,M,46,Bachelor's Degree,0,0,2120000,,,,False,,False,
33111,PARAMAKUDI,209,RAMANATHAPURAM,Gopirajan. G,Tamilaga Vettri Kazhagam,TVK,TVK,M,48,Master's Degree,0,0,4512000,,,,False,,False,
33119,TIRUVADANAI,210,RAMANATHAPURAM,M.Keerthika,AIADMK,AIADMK,,F,49,Master's Degree,0,0,62000000,,,,False,,False,
33124,TIRUVADANAI,210,RAMANATHAPURAM,S Suresh Kasini Venthan,AIFB,AIFB,OTHERS,M,49,10th Grade (SSLC),0,0,3132000,,,,False,,False,
33121,TIRUVADANAI,210,RAMANATHAPURAM,A Muthusamy,BSP,BSP,OTHERS,M,61,Bachelor's Degree,0,0,,,,,False,,False,
33122,TIRUVADANAI,210,RAMANATHAPURAM,R Ilaiyaraja,IDMK,IDMK,,M,37,Primary (Up to 4th),0,0,108000,,,,False,,False,
33118,TIRUVADANAI,210,RAMANATHAPURAM,Rm. Karumanickam,INC,INC,INDIA,M,40,Bachelor's Degree,0,0,32100000,,,,False,,False,
33135,TIRUVADANAI,210,RAMANATHAPURAM,A Dinesh Kumar,IND,IND,NONE,M,32,Bachelor's Degree,0,0,1385000,,,,False,,False,
33137,TIRUVADANAI,210,RAMANATHAPURAM,A Mani,IND,IND,NONE,M,81,6th Grade,0,0,15000,,,,False,,False,
33133,TIRUVADANAI,210,RAMANATHAPURAM,A Segu Ali Uduman,IND,IND,NONE,M,59,9th Grade,0,0,50000,,,,False,,False,
33129,TIRUVADANAI,210,RAMANATHAPURAM,Alagarsamy Pandian,IND,IND,NONE,M,47,10th Grade (SSLC),0,0,303000,,,,False,,False,
33128,TIRUVADANAI,210,RAMANATHAPURAM,Alla Pichai,IND,IND,NONE,M,81,Bachelor's Degree,0,0,1266000,,,,False,,False,
33132,TIRUVADANAI,210,RAMANATHAPURAM,B Sikkandar,IND,IND,NONE,M,39,Bachelor's Degree,0,0,41500,,,,False,,False,
33136,TIRUVADANAI,210,RAMANATHAPURAM,Devasitham,IND,IND,NONE,M,39,Bachelor's Degree,0,0,91015,,,,False,,False,
33138,TIRUVADANAI,210,RAMANATHAPURAM,M.Vijay,IND,IND,NONE,M,30,Bachelor's Degree,0,0,1249000,,,,False,,False,
33127,TIRUVADANAI,210,RAMANATHAPURAM,Ms Abdul Bakki,IND,IND,NONE,M,42,7th Grade,0,0,1435000,,,,False,,False,
33130,TIRUVADANAI,210,RAMANATHAPURAM,N Anbu Bagurudeen,IND,IND,NONE,M,70,7th Grade,0,0,743000,,,,False,,False,
33134,TIRUVADANAI,210,RAMANATHAPURAM,R Thilageswaran,IND,IND,NONE,M,32,Bachelor's Degree,0,0,,,,,False,,False,
33131,TIRUVADANAI,210,RAMANATHAPURAM,Sakthik Kumar,IND,IND,NONE,M,45,12th Grade (HSC / +2),0,0,100000,,,,False,,False,
33120,TIRUVADANAI,210,RAMANATHAPURAM,N Premnath,NTK,NTK,NTK,M,32,Bachelor's Degree,0,0,483000,,,,False,,False,
33125,TIRUVADANAI,210,RAMANATHAPURAM,S.Balusamy,PT,PT,OTHERS,M,66,10th Grade (SSLC),0,0,2144000,,,,False,,False,
33123,TIRUVADANAI,210,RAMANATHAPURAM,K Kaleeswaran,TAVK,TAVK,OTHERS,M,40,8th Grade,0,0,1322000,,,,False,,False,
33126,TIRUVADANAI,210,RAMANATHAPURAM,Rajeev,Tamilaga Vettri Kazhagam,TVK,TVK,M,33,Bachelor's Degree,0,0,,,,,False,,False,
33142,RAMANATHAPURAM,211,RAMANATHAPURAM,Dr.J.Abubakkar Sithick,APTADMK,APTADMK,,M,51,Bachelor's Degree,0,0,2362000,,,,False,,False,
33140,RAMANATHAPURAM,211,RAMANATHAPURAM,Gbs K.Nagendran,BJP,BJP,NDA,M,57,Bachelor's Degree,0,0,414700000,,,,False,,False,
33145,RAMANATHAPURAM,211,RAMANATHAPURAM,S.Murugaboopathy,CPI(ML),CPI(ML),,M,56,Bachelor's Degree,0,0,6021000,,,,False,,False,
33139,RAMANATHAPURAM,211,RAMANATHAPURAM,Katharbatcha Muthuramalingam,DMK,DMK,INDIA,M,54,12th Grade (HSC / +2),0,0,7644000,,,,False,,False,
33148,RAMANATHAPURAM,211,RAMANATHAPURAM,A.Chinna Raja,IND,IND,NONE,M,38,9th Grade,0,0,3918000,,,,False,,False,
33149,RAMANATHAPURAM,211,RAMANATHAPURAM,Balakrishnan,IND,IND,NONE,M,65,8th Grade,0,0,128000,,,,False,,False,
33151,RAMANATHAPURAM,211,RAMANATHAPURAM,K.Maleswaran,IND,IND,NONE,M,40,12th Grade (HSC / +2),0,0,2273000,,,,False,,False,
33146,RAMANATHAPURAM,211,RAMANATHAPURAM,Kan Ilango,IND,IND,NONE,M,55,Bachelor's Degree,0,0,10900000,,,,False,,False,
33147,RAMANATHAPURAM,211,RAMANATHAPURAM,Karthigai Pandi,IND,IND,NONE,M,41,10th Grade (SSLC),0,0,60000,,,,False,,False,
33150,RAMANATHAPURAM,211,RAMANATHAPURAM,Pullani,IND,IND,NONE,M,43,6th Grade,0,0,331000,,,,False,,False,
33141,RAMANATHAPURAM,211,RAMANATHAPURAM,S.M.Muthu Kesavan,NTK,NTK,NTK,M,32,Bachelor's Degree,0,0,14700000,,,,False,,False,
33143,RAMANATHAPURAM,211,RAMANATHAPURAM,Shahul Hameed,Tamilaga Vettri Kazhagam,TVK,TVK,M,57,Doctorate (Ph.D / MD),0,0,308200000,,,,False,,False,
33144,RAMANATHAPURAM,211,RAMANATHAPURAM,C.Parirajan,VTVTK,VTVTK,,M,36,5th Grade,0,0,546000,,,,False,,False,
33153,MUDUKULATHUR,212,RAMANATHAPURAM,S.Pandi,AIADMK,AIADMK,,M,79,8th Grade,0,0,182100000,,,,False,,False,
33161,MUDUKULATHUR,212,RAMANATHAPURAM,Dr.R.Ramkumar,AIPTMMK,AIPTMMK,,M,35,Bachelor's Degree,0,0,6405000,,,,False,,False,
33154,MUDUKULATHUR,212,RAMANATHAPURAM,R.S.Rajakannappan,DMK,DMK,INDIA,M,77,Bachelor's Degree,0,0,2334000,,,,False,,False,
33164,MUDUKULATHUR,212,RAMANATHAPURAM,C.Kengusamy,IND,IND,NONE,M,26,12th Grade (HSC / +2),0,0,890000,,,,False,,False,
33162,MUDUKULATHUR,212,RAMANATHAPURAM,K.Gangai Amaran,IND,IND,NONE,M,34,Bachelor's Degree,0,0,211000,,,,False,,False,
33168,MUDUKULATHUR,212,RAMANATHAPURAM,K.Murugan,IND,IND,NONE,M,44,10th Grade (SSLC),0,0,766000,,,,False,,False,
33171,MUDUKULATHUR,212,RAMANATHAPURAM,K.Rajakumar,IND,IND,NONE,M,43,Bachelor's Degree,0,0,703000,,,,False,,False,
33167,MUDUKULATHUR,212,RAMANATHAPURAM,M.Boominathan (A) M.K.Vaiyavan,IND,IND,NONE,M,43,Bachelor's Degree,0,0,232000,,,,False,,False,
33163,MUDUKULATHUR,212,RAMANATHAPURAM,M.Karuppa Samy,IND,IND,NONE,M,25,8th Grade,0,0,20500,,,,False,,False,
33169,MUDUKULATHUR,212,RAMANATHAPURAM,R.Moovendran,IND,IND,NONE,M,37,Master's Degree,0,0,88309,,,,False,,False,
33170,MUDUKULATHUR,212,RAMANATHAPURAM,Ravi Govinthan,IND,IND,NONE,M,55,Not Specified,0,0,2633000,,,,False,,False,
33165,MUDUKULATHUR,212,RAMANATHAPURAM,Sathiyam C.Saravanan,IND,IND,NONE,M,40,Master's Degree,0,0,2780000,,,,False,,False,
33166,MUDUKULATHUR,212,RAMANATHAPURAM,V.Pandi,IND,IND,NONE,M,61,8th Grade,0,0,5598000,,,,False,,False,
33155,MUDUKULATHUR,212,RAMANATHAPURAM,M.Irulandi,NAMK,NAMK,,M,39,5th Grade,0,0,91000,,,,False,,False,
33156,MUDUKULATHUR,212,RAMANATHAPURAM,A.Saravanakumar,NIP,NIP,,M,45,8th Grade,0,0,,,,,False,,False,
33152,MUDUKULATHUR,212,RAMANATHAPURAM,Chandra Prabha Jeyapal,NTK,NTK,NTK,F,56,Doctorate (Ph.D / MD),0,0,5163000,,,,False,,False,
33158,MUDUKULATHUR,212,RAMANATHAPURAM,G.Selvaraj,PMTDK,PMTDK,,M,40,12th Grade (HSC / +2),0,0,6802000,,,,False,,False,
33160,MUDUKULATHUR,212,RAMANATHAPURAM,C.Malaiselvam,PT,PT,OTHERS,M,47,10th Grade (SSLC),0,0,,,,,False,,False,
33157,MUDUKULATHUR,212,RAMANATHAPURAM,K.Senthil Mallar,TAVK,TAVK,OTHERS,M,48,Master's Degree,0,0,712000,,,,False,,False,
33159,MUDUKULATHUR,212,RAMANATHAPURAM,Malarvizhi. B,Tamilaga Vettri Kazhagam,TVK,TVK,F,48,9th Grade,0,0,9471000,,,,False,,False,
33172,VILATHIKULAM,213,THOOTHUKUDI,R.Sathya,AIADMK,AIADMK,,F,48,Bachelor's Degree,0,0,16200000,,,,False,,False,
33177,VILATHIKULAM,213,THOOTHUKUDI,C.Ponpandi,AIPTMMK,AIPTMMK,,M,39,10th Grade (SSLC),0,0,705000,,,,False,,False,
33174,VILATHIKULAM,213,THOOTHUKUDI,Markandayan G V,DMK,DMK,INDIA,M,49,Bachelor's Degree,0,0,3213000,,,,False,,False,
33181,VILATHIKULAM,213,THOOTHUKUDI,A.Patturaj,IND,IND,NONE,M,43,10th Grade (SSLC),0,0,597000,,,,False,,False,
33182,VILATHIKULAM,213,THOOTHUKUDI,A.Prabahar,IND,IND,NONE,M,33,Bachelor's Degree,0,0,1443000,,,,False,,False,
33184,VILATHIKULAM,213,THOOTHUKUDI,G.Muniyasamy,IND,IND,NONE,M,53,9th Grade,0,0,829000,,,,False,,False,
33179,VILATHIKULAM,213,THOOTHUKUDI,K.Ajay Kumar,IND,IND,NONE,M,26,Diploma / ITI,0,0,54781,,,,False,,False,
33183,VILATHIKULAM,213,THOOTHUKUDI,M.Ponnusamy,IND,IND,NONE,M,59,10th Grade (SSLC),0,0,843000,,,,False,,False,
33186,VILATHIKULAM,213,THOOTHUKUDI,P.Jeyakumar,IND,IND,NONE,M,50,Bachelor's Degree,0,0,10000,,,,False,,False,
33185,VILATHIKULAM,213,THOOTHUKUDI,P.Rajasekaran,IND,IND,NONE,M,59,Master's Degree,0,0,1532000,,,,False,,False,
33180,VILATHIKULAM,213,THOOTHUKUDI,V.Ganesan,IND,IND,NONE,M,50,10th Grade (SSLC),0,0,,,,,False,,False,
33176,VILATHIKULAM,213,THOOTHUKUDI,R.Perumal,NIP,NIP,,M,53,6th Grade,0,0,10200000,,,,False,,False,
33173,VILATHIKULAM,213,THOOTHUKUDI,Balaji Ramachandran,NTK,NTK,NTK,M,36,Master's Degree,0,0,1434000,,,,False,,False,
33178,VILATHIKULAM,213,THOOTHUKUDI,P.Madasamy,PT,PT,OTHERS,M,50,Not Specified,0,0,1255000,,,,False,,False,
33175,VILATHIKULAM,213,THOOTHUKUDI,P.Kasiram,Tamilaga Vettri Kazhagam,TVK,TVK,M,44,7th Grade,0,0,5626000,,,,False,,False,
33188,THOOTHUKKUDI,214,THOOTHUKUDI,Chellapandian S.T,AIADMK,AIADMK,,M,70,Master's Degree,0,0,152600000,,,,False,,False,
33190,THOOTHUKKUDI,214,THOOTHUKUDI,Yesadurai S,AIPTMMK,AIPTMMK,,M,64,5th Grade,0,0,238000,,,,False,,False,
33192,THOOTHUKKUDI,214,THOOTHUKUDI,Sahayam T,CPI(ML),CPI(ML),,M,58,10th Grade (SSLC),0,0,2311000,,,,False,,False,
33187,THOOTHUKKUDI,214,THOOTHUKUDI,P.Geetha Jeevan,DMK,DMK,INDIA,F,55,Master's Degree,0,0,18100000,,,,False,,False,
33199,THOOTHUKKUDI,214,THOOTHUKUDI,Babu P,IND,IND,NONE,M,56,10th Grade (SSLC),0,0,20000,,,,False,,False,
33198,THOOTHUKKUDI,214,THOOTHUKUDI,Dhinakaran S.T.R.M,IND,IND,NONE,M,46,10th Grade (SSLC),0,0,3575000,,,,False,,False,
33200,THOOTHUKKUDI,214,THOOTHUKUDI,Maruthu Pandian P,IND,IND,NONE,M,36,Bachelor's Degree,0,0,760000,,,,False,,False,
33201,THOOTHUKKUDI,214,THOOTHUKUDI,Muneeswara Moorthy S,IND,IND,NONE,M,46,Bachelor's Degree,0,0,1261000,,,,False,,False,
33197,THOOTHUKKUDI,214,THOOTHUKUDI,Samuel J,IND,IND,NONE,M,51,Not Specified,0,0,50000,,,,False,,False,
33193,THOOTHUKKUDI,214,THOOTHUKUDI,Prasanna Kumar M,MANK,MANK,,M,34,10th Grade (SSLC),0,0,158000,,,,False,,False,
33195,THOOTHUKKUDI,214,THOOTHUKUDI,Srikanth M.V,NIP,NIP,,M,56,Bachelor's Degree,0,0,431000,,,,False,,False,
33194,THOOTHUKKUDI,214,THOOTHUKUDI,Ponkumaran P.P.M.T,NMEK,NMEK,,M,66,Master's Degree,0,0,100800000,,,,False,,False,
33189,THOOTHUKKUDI,214,THOOTHUKUDI,Jacob Devadoss Abisheak R,NTK,NTK,NTK,M,25,Bachelor's Degree,0,0,13400000,,,,False,,False,
33191,THOOTHUKKUDI,214,THOOTHUKUDI,Kidar Samsdeen N.A,TAVK,TAVK,OTHERS,M,56,8th Grade,0,0,3639000,,,,False,,False,
33196,THOOTHUKKUDI,214,THOOTHUKUDI,Srinath,Tamilaga Vettri Kazhagam,TVK,TVK,M,52,12th Grade (HSC / +2),0,0,24900000,,,,False,,False,
33205,TIRUCHENDUR,215,THOOTHUKUDI,Gopalakrishnan,AIPTMMK,AIPTMMK,,M,35,10th Grade (SSLC),0,0,21526,,,,False,,False,
33204,TIRUCHENDUR,215,THOOTHUKUDI,K.R.M Radhakrishnan,BJP,BJP,NDA,M,44,Bachelor's Degree,0,0,12700000,,,,False,,False,
33202,TIRUCHENDUR,215,THOOTHUKUDI,Anitha R.Radhakrishnan,DMK,DMK,INDIA,M,73,10th Grade (SSLC),0,0,52900000,,,,False,,False,
33211,TIRUCHENDUR,215,THOOTHUKUDI,Meera Sahib,IND,IND,NONE,M,42,Master's Degree,0,0,283000,,,,False,,False,
33212,TIRUCHENDUR,215,THOOTHUKUDI,Rajalingam. M,IND,IND,NONE,M,50,7th Grade,0,0,109000,,,,False,,False,
33210,TIRUCHENDUR,215,THOOTHUKUDI,Shaik Abdul Kader. P.S.J,IND,IND,NONE,M,56,Bachelor's Degree,0,0,57500,,,,False,,False,
33213,TIRUCHENDUR,215,THOOTHUKUDI,Veerappa. T,IND,IND,NONE,M,67,6th Grade,0,0,10000,,,,False,,False,
33214,TIRUCHENDUR,215,THOOTHUKUDI,Venkatesh Perumal. S,IND,IND,NONE,M,50,Master's Degree,0,0,,,,,False,,False,
33206,TIRUCHENDUR,215,THOOTHUKUDI,Packia Sam. T,NIP,NIP,,M,47,Master's Degree,0,0,632000,,,,False,,False,
33203,TIRUCHENDUR,215,THOOTHUKUDI,Ophiliya,NTK,NTK,NTK,F,33,Master's Degree,0,0,9100000,,,,False,,False,
33207,TIRUCHENDUR,215,THOOTHUKUDI,Maharajan. M,PMTDK,PMTDK,,M,37,10th Grade (SSLC),0,0,4535000,,,,False,,False,
33209,TIRUCHENDUR,215,THOOTHUKUDI,Rasik Mussammil. K,TAVK,TAVK,OTHERS,M,49,10th Grade (SSLC),0,0,,,,,False,,False,
33208,TIRUCHENDUR,215,THOOTHUKUDI,J.Murugan,Tamilaga Vettri Kazhagam,TVK,TVK,M,54,Bachelor's Degree,0,0,479700000,,,,False,,False,
33217,SRIVAIKUNTAM,216,THOOTHUKUDI,Shanmuganathan. S.P,AIADMK,AIADMK,,M,71,10th Grade (SSLC),0,0,2662000,,,,False,,False,
33223,SRIVAIKUNTAM,216,THOOTHUKUDI,Muthuramalingam. S,AIFB,AIFB,OTHERS,M,49,8th Grade,0,0,1560000,,,,False,,False,
33215,SRIVAIKUNTAM,216,THOOTHUKUDI,Oorvasi Amirtharaj. S,INC,INC,INDIA,M,42,Master's Degree,0,0,543300000,,,,False,,False,
33226,SRIVAIKUNTAM,216,THOOTHUKUDI,Arunachalam. C,IND,IND,NONE,M,31,Bachelor's Degree,0,0,1372000,,,,False,,False,
33227,SRIVAIKUNTAM,216,THOOTHUKUDI,Bishop Dr Godfrey Noble,IND,IND,NONE,M,52,Not Specified,0,0,18600000,,,,False,,False,
33228,SRIVAIKUNTAM,216,THOOTHUKUDI,Murugan. S,IND,IND,NONE,M,54,Master's Degree,0,0,800,,,,False,,False,
33229,SRIVAIKUNTAM,216,THOOTHUKUDI,Vasanth Fernando. T,IND,IND,NONE,M,38,9th Grade,0,0,62625,,,,False,,False,
33221,SRIVAIKUNTAM,216,THOOTHUKUDI,Bharath. M,NIP,NIP,,M,37,7th Grade,0,0,511000,,,,False,,False,
33219,SRIVAIKUNTAM,216,THOOTHUKUDI,Sudalaimani. A,NMEK,NMEK,,M,37,Bachelor's Degree,0,0,,,,,False,,False,
33216,SRIVAIKUNTAM,216,THOOTHUKUDI,Shunmugasundaram. S,NTK,NTK,NTK,M,29,Diploma / ITI,0,0,8500,,,,False,,False,
33220,SRIVAIKUNTAM,216,THOOTHUKUDI,Subramanian. M,PMTDK,PMTDK,,M,42,7th Grade,0,0,1143000,,,,False,,False,
33224,SRIVAIKUNTAM,216,THOOTHUKUDI,Rajasuthan. N,PT,PT,OTHERS,M,48,12th Grade (HSC / +2),0,0,4761000,,,,False,,False,
33225,SRIVAIKUNTAM,216,THOOTHUKUDI,Viyanarasu. A,TAVK,TAVK,OTHERS,M,66,5th Grade,0,0,422000,,,,False,,False,
33218,SRIVAIKUNTAM,216,THOOTHUKUDI,Saravanan. G,Tamilaga Vettri Kazhagam,TVK,TVK,M,35,8th Grade,0,0,7897000,,,,False,,False,
33222,SRIVAIKUNTAM,216,THOOTHUKUDI,Mundasamy. K,VTK,VTK,OTHERS,M,63,Bachelor's Degree,0,0,1554000,,,,False,,False,
33234,OTTAPIDARAM,217,THOOTHUKUDI,R Sundararaj,AMMK,AMMK,OTHERS,M,59,Bachelor's Degree,0,0,47800000,,,,False,,False,
33231,OTTAPIDARAM,217,THOOTHUKUDI,P.M.Ramajeyam,DMK,DMK,INDIA,M,43,Bachelor's Degree,0,0,68200000,,,,False,,False,
33240,OTTAPIDARAM,217,THOOTHUKUDI,G .Murugan,IND,IND,NONE,M,59,12th Grade (HSC / +2),0,0,2857000,,,,False,,False,
33241,OTTAPIDARAM,217,THOOTHUKUDI,M .Lakshmanan,IND,IND,NONE,M,41,Master's Degree,0,0,760000,,,,False,,False,
33238,OTTAPIDARAM,217,THOOTHUKUDI,M.Ananth,IND,IND,NONE,M,35,Diploma / ITI,0,0,2138000,,,,False,,False,
33239,OTTAPIDARAM,217,THOOTHUKUDI,S .Muthuselvam,IND,IND,NONE,M,42,8th Grade,0,0,22000,,,,False,,False,
33242,OTTAPIDARAM,217,THOOTHUKUDI,Vedaprakash. A,IND,IND,NONE,M,67,Bachelor's Degree,0,0,13400000,,,,False,,False,
33235,OTTAPIDARAM,217,THOOTHUKUDI,Subbulakshmi. S,NIP,NIP,,F,46,12th Grade (HSC / +2),0,0,155000,,,,False,,False,
33232,OTTAPIDARAM,217,THOOTHUKUDI,C.Aruna Devi,NMEK,NMEK,,F,40,Bachelor's Degree,0,0,2784000,,,,False,,False,
33230,OTTAPIDARAM,217,THOOTHUKUDI,M.Anusiya,NTK,NTK,NTK,F,31,Bachelor's Degree,0,0,4961000,,,,False,,False,
33233,OTTAPIDARAM,217,THOOTHUKUDI,Dr.K.Krishnasamy,PT,PT,OTHERS,M,74,Not Specified,0,0,144100000,,,,False,,False,
33236,OTTAPIDARAM,217,THOOTHUKUDI,C .Selvakumar,TAVK,TAVK,OTHERS,M,39,9th Grade,0,0,1492000,,,,False,,False,
33237,OTTAPIDARAM,217,THOOTHUKUDI,P .Mathanraja,Tamilaga Vettri Kazhagam,TVK,TVK,M,41,Not Specified,0,0,,,,,False,,False,
33243,KOVILPATTI,218,THOOTHUKUDI,Kadambur Raju.C,AIADMK,AIADMK,,M,66,Not Specified,0,0,30100000,,,,False,,False,
33248,KOVILPATTI,218,THOOTHUKUDI,Kannan.S,AIPTMMK,AIPTMMK,,M,48,10th Grade (SSLC),0,0,43500000,,,,False,,False,
33246,KOVILPATTI,218,THOOTHUKUDI,Ramachandran.R,BSP,BSP,OTHERS,M,65,8th Grade,0,0,4417000,,,,False,,False,
33244,KOVILPATTI,218,THOOTHUKUDI,Karunanithi.K,DMK,DMK,INDIA,M,51,8th Grade,0,0,13400000,,,,False,,False,
33252,KOVILPATTI,218,THOOTHUKUDI,Athikumar Kudumbar.B,IND,IND,NONE,M,49,10th Grade (SSLC),0,0,2248000,,,,False,,False,
33255,KOVILPATTI,218,THOOTHUKUDI,Chinna Maharaja.K,IND,IND,NONE,M,40,9th Grade,0,0,5922000,,,,False,,False,
33253,KOVILPATTI,218,THOOTHUKUDI,Gunasekaran.P,IND,IND,NONE,M,64,Not Specified,0,0,,,,,False,,False,
33254,KOVILPATTI,218,THOOTHUKUDI,Gurusamy.K,IND,IND,NONE,M,50,Bachelor's Degree,0,0,26788,,,,False,,False,
33262,KOVILPATTI,218,THOOTHUKUDI,Muneeswaran.R,IND,IND,NONE,M,27,10th Grade (SSLC),0,0,21500,,,,False,,False,
33259,KOVILPATTI,218,THOOTHUKUDI,Pandimuneeswari.K,IND,IND,NONE,F,38,12th Grade (HSC / +2),0,0,591000,,,,False,,False,
33257,KOVILPATTI,218,THOOTHUKUDI,Paramasivan.S,IND,IND,NONE,M,64,Master's Degree,0,0,4358000,,,,False,,False,
33261,KOVILPATTI,218,THOOTHUKUDI,Ponnusamy.M,IND,IND,NONE,M,59,10th Grade (SSLC),0,0,895000,,,,False,,False,
33258,KOVILPATTI,218,THOOTHUKUDI,Poundurai.K,IND,IND,NONE,M,31,Bachelor's Degree,0,0,2807000,,,,False,,False,
33260,KOVILPATTI,218,THOOTHUKUDI,Premkumar.K,IND,IND,NONE,M,55,Master's Degree,0,0,2032000,,,,False,,False,
33263,KOVILPATTI,218,THOOTHUKUDI,Renganayagalu.S,IND,IND,NONE,M,47,Bachelor's Degree,0,0,282000,,,,False,,False,
33256,KOVILPATTI,218,THOOTHUKUDI,Sekar.C,IND,IND,NONE,M,53,10th Grade (SSLC),0,0,750000,,,,False,,False,
33247,KOVILPATTI,218,THOOTHUKUDI,Arumugavel.T,NIP,NIP,,M,38,5th Grade,0,0,2903000,,,,False,,False,
33245,KOVILPATTI,218,THOOTHUKUDI,Pandi.P,NTK,NTK,NTK,M,35,Bachelor's Degree,0,0,3591000,,,,False,,False,
33251,KOVILPATTI,218,THOOTHUKUDI,Hari Balakrishnan.G,PMTDK,PMTDK,,M,28,9th Grade,0,0,520000,,,,False,,False,
33249,KOVILPATTI,218,THOOTHUKUDI,Saravanan.S,TPK,TPK,,M,38,Bachelor's Degree,0,0,2620000,,,,False,,False,
33250,KOVILPATTI,218,THOOTHUKUDI,Balasubramanian.S,Tamilaga Vettri Kazhagam,TVK,TVK,M,41,Diploma / ITI,0,0,29700000,,,,False,,False,
33266,SANKARANKOVIL,219,TIRUNELVELI,Dr. Dhilipan Jaishankar,AIADMK,AIADMK,,M,29,Bachelor's Degree,0,0,21500000,,,,False,,False,
33274,SANKARANKOVIL,219,TIRUNELVELI,Vasanthi Murugesan,AIPTMMK,AIPTMMK,,F,63,Master's Degree,0,0,16300000,,,,False,,False,
33270,SANKARANKOVIL,219,TIRUNELVELI,J.Pandi,BMK,BMK,,M,41,9th Grade,0,0,4352,,,,False,,False,
33267,SANKARANKOVIL,219,TIRUNELVELI,S.Mariappan,BSP,BSP,OTHERS,M,31,8th Grade,0,0,90000,,,,False,,False,
33264,SANKARANKOVIL,219,TIRUNELVELI,Sangai. Ganesan,INC,INC,INDIA,M,57,Bachelor's Degree,0,0,11700000,,,,False,,False,
33277,SANKARANKOVIL,219,TIRUNELVELI,Anand,IND,IND,NONE,M,35,Bachelor's Degree,0,0,350000,,,,False,,False,
33282,SANKARANKOVIL,219,TIRUNELVELI,K.Ravikumar,IND,IND,NONE,M,36,10th Grade (SSLC),0,0,1002000,,,,False,,False,
33278,SANKARANKOVIL,219,TIRUNELVELI,K.Subburaj,IND,IND,NONE,M,42,Not Specified,0,0,425000,,,,False,,False,
33279,SANKARANKOVIL,219,TIRUNELVELI,K.Suresh,IND,IND,NONE,M,43,Diploma / ITI,0,0,500000,,,,False,,False,
33283,SANKARANKOVIL,219,TIRUNELVELI,M.Raj,IND,IND,NONE,M,41,9th Grade,0,0,177000,,,,False,,False,
33276,SANKARANKOVIL,219,TIRUNELVELI,S.Arulraj,IND,IND,NONE,M,45,10th Grade (SSLC),0,0,20000,,,,False,,False,
33281,SANKARANKOVIL,219,TIRUNELVELI,S.Muthuselvan,IND,IND,NONE,M,49,Bachelor's Degree,0,0,31000,,,,False,,False,
33280,SANKARANKOVIL,219,TIRUNELVELI,V.Paulpandian,IND,IND,NONE,M,54,Bachelor's Degree,0,0,960000,,,,False,,False,
33268,SANKARANKOVIL,219,TIRUNELVELI,N.Selvam,NIP,NIP,,M,60,Bachelor's Degree,0,0,5505000,,,,False,,False,
33265,SANKARANKOVIL,219,TIRUNELVELI,M.Kavitha,NTK,NTK,NTK,F,41,Bachelor's Degree,0,0,3207000,,,,False,,False,
33269,SANKARANKOVIL,219,TIRUNELVELI,K.Thangavel,PMTDK,PMTDK,,M,65,5th Grade,0,0,444000,,,,False,,False,
33271,SANKARANKOVIL,219,TIRUNELVELI,Prabakaran,PT,PT,OTHERS,M,39,Master's Degree,0,0,112000,,,,False,,False,
33272,SANKARANKOVIL,219,TIRUNELVELI,C.Ravi,TAMNK,TAMNK,,M,51,10th Grade (SSLC),0,0,13900000,,,,False,,False,
33275,SANKARANKOVIL,219,TIRUNELVELI,Velraj .S,TAVK,TAVK,OTHERS,M,42,Bachelor's Degree,0,0,560000,,,,False,,False,
33273,SANKARANKOVIL,219,TIRUNELVELI,C.Ramarajan,Tamilaga Vettri Kazhagam,TVK,TVK,M,41,Master's Degree,0,0,4771000,,,,False,,False,
33290,VASUDEVANALLUR,220,TIRUNELVELI,A.Ponnuthai,AIPTMMK,AIPTMMK,,F,38,Master's Degree,0,0,18200000,,,,False,,False,
33284,VASUDEVANALLUR,220,TIRUNELVELI,Ananthan Ayyasamy,BJP,BJP,NDA,M,50,Master's Degree,0,0,247400000,,,,False,,False,
33286,VASUDEVANALLUR,220,TIRUNELVELI,R.Rameshkumar,BSP,BSP,OTHERS,M,47,10th Grade (SSLC),0,0,41500,,,,False,,False,
33287,VASUDEVANALLUR,220,TIRUNELVELI,E.Raja,DMK,DMK,INDIA,M,40,Master's Degree,0,0,75300000,,,,False,,False,
33299,VASUDEVANALLUR,220,TIRUNELVELI,A.Palanikumar,IND,IND,NONE,M,52,Bachelor's Degree,0,0,1552000,,,,False,,False,
33295,VASUDEVANALLUR,220,TIRUNELVELI,I.Saravanan,IND,IND,NONE,M,28,Bachelor's Degree,0,0,325000,,,,False,,False,
33298,VASUDEVANALLUR,220,TIRUNELVELI,K.Nagarajan,IND,IND,NONE,M,38,8th Grade,0,0,93275,,,,False,,False,
33301,VASUDEVANALLUR,220,TIRUNELVELI,K.Ramachandran,IND,IND,NONE,M,37,9th Grade,0,0,1580000,,,,False,,False,
33293,VASUDEVANALLUR,220,TIRUNELVELI,M.Arumugasamy,IND,IND,NONE,M,67,Bachelor's Degree,0,0,5000000,,,,False,,False,
33294,VASUDEVANALLUR,220,TIRUNELVELI,P.Karpagavalli,IND,IND,NONE,F,38,10th Grade (SSLC),0,0,556000,,,,False,,False,
33300,VASUDEVANALLUR,220,TIRUNELVELI,Prabakaran .R,IND,IND,NONE,M,25,Diploma / ITI,0,0,18424,,,,False,,False,
33297,VASUDEVANALLUR,220,TIRUNELVELI,Selvaraj .C,IND,IND,NONE,M,66,5th Grade,0,0,1070000,,,,False,,False,
33296,VASUDEVANALLUR,220,TIRUNELVELI,Senthilkumar,IND,IND,NONE,M,51,10th Grade (SSLC),0,0,67363,,,,False,,False,
33285,VASUDEVANALLUR,220,TIRUNELVELI,Esai Mathivanan,NTK,NTK,NTK,M,39,12th Grade (HSC / +2),0,0,310000,,,,False,,False,
33291,VASUDEVANALLUR,220,TIRUNELVELI,K.Rajendran,PMTDK,PMTDK,,M,42,10th Grade (SSLC),0,0,811000,,,,False,,False,
33289,VASUDEVANALLUR,220,TIRUNELVELI,K.Paulraj,PT,PT,OTHERS,M,64,8th Grade,0,0,5353000,,,,False,,False,
33292,VASUDEVANALLUR,220,TIRUNELVELI,B.Veeralakshmi,TAMNK,TAMNK,,F,39,10th Grade (SSLC),0,0,2205000,,,,False,,False,
33288,VASUDEVANALLUR,220,TIRUNELVELI,R.Amutharani,Tamilaga Vettri Kazhagam,TVK,TVK,F,50,12th Grade (HSC / +2),0,0,,,,,False,,False,
33304,KADAYANALLUR,221,TIRUNELVELI,C.Krishnamurali,AIADMK,AIADMK,,M,44,Not Specified,0,0,,,,,False,,False,
33310,KADAYANALLUR,221,TIRUNELVELI,Rajan. B.S,AJPK,AJPK,,M,55,8th Grade,0,0,429000,,,,False,,False,
33305,KADAYANALLUR,221,TIRUNELVELI,T.Maheshkumar,BSP,BSP,OTHERS,M,35,Bachelor's Degree,0,0,651000,,,,False,,False,
33303,KADAYANALLUR,221,TIRUNELVELI,Rajendran. T.M,DMK,DMK,INDIA,M,61,Master's Degree,0,0,,,,,False,,False,
33319,KADAYANALLUR,221,TIRUNELVELI,Barisha Banu. M,IND,IND,NONE,F,29,Bachelor's Degree,0,0,697000,,,,False,,False,
33314,KADAYANALLUR,221,TIRUNELVELI,Esakki Pandi. K,IND,IND,NONE,M,42,Master's Degree,0,0,25000,,,,False,,False,
33313,KADAYANALLUR,221,TIRUNELVELI,Esakki. K,IND,IND,NONE,M,35,Bachelor's Degree,0,0,1532000,,,,False,,False,
33315,KADAYANALLUR,221,TIRUNELVELI,Ganesan. M,IND,IND,NONE,M,33,10th Grade (SSLC),0,0,550000,,,,False,,False,
33312,KADAYANALLUR,221,TIRUNELVELI,M.Arumugasamy,IND,IND,NONE,M,67,Bachelor's Degree,0,0,5000000,,,,False,,False,
33320,KADAYANALLUR,221,TIRUNELVELI,Murugan. P,IND,IND,NONE,M,46,Bachelor's Degree,0,0,2520000,,,,False,,False,
33317,KADAYANALLUR,221,TIRUNELVELI,Nagarajan. L,IND,IND,NONE,M,29,Bachelor's Degree,0,0,7712000,,,,False,,False,
33318,KADAYANALLUR,221,TIRUNELVELI,Parthipan. V,IND,IND,NONE,M,35,Bachelor's Degree,0,0,732000,,,,False,,False,
33322,KADAYANALLUR,221,TIRUNELVELI,Rajamaravan. S,IND,IND,NONE,M,42,Not Specified,0,0,,,,,False,,False,
33321,KADAYANALLUR,221,TIRUNELVELI,S.Muruganantham,IND,IND,NONE,M,68,12th Grade (HSC / +2),0,0,8480000,,,,False,,False,
33316,KADAYANALLUR,221,TIRUNELVELI,Seenivasan. S,IND,IND,NONE,M,38,12th Grade (HSC / +2),0,0,2193000,,,,False,,False,
33323,KADAYANALLUR,221,TIRUNELVELI,Venkatesh. P,IND,IND,NONE,M,33,Bachelor's Degree,0,0,50000,,,,False,,False,
33309,KADAYANALLUR,221,TIRUNELVELI,Sureshkumar. S,NIP,NIP,,M,47,Diploma / ITI,0,0,9340000,,,,False,,False,
33302,KADAYANALLUR,221,TIRUNELVELI,Abubacker Siddheeq,NTK,NTK,NTK,M,29,Bachelor's Degree,0,0,151000,,,,False,,False,
33307,KADAYANALLUR,221,TIRUNELVELI,Kavitha. R,PT,PT,OTHERS,F,39,10th Grade (SSLC),0,0,3710000,,,,False,,False,
33311,KADAYANALLUR,221,TIRUNELVELI,Lakshmi. A,SP,SP,OTHERS,F,35,Primary (Up to 4th),0,0,,,,,False,,False,
33308,KADAYANALLUR,221,TIRUNELVELI,Shahin Fathima. A,TAVK,TAVK,OTHERS,F,31,Bachelor's Degree,0,0,1095000,,,,False,,False,
33306,KADAYANALLUR,221,TIRUNELVELI,Abdul Jaleel. R.K,Tamilaga Vettri Kazhagam,TVK,TVK,M,45,9th Grade,0,0,5301000,,,,False,,False,
33326,TENKASI,222,TIRUNELVELI,S.Selva Mohandas Pandian,AIADMK,AIADMK,,M,56,Diploma / ITI,0,0,67200000,,,,False,,False,
33331,TENKASI,222,TIRUNELVELI,M.Poosa Durai,AIPTMMK,AIPTMMK,,M,38,Bachelor's Degree,0,0,7601000,,,,False,,False,
33324,TENKASI,222,TIRUNELVELI,Isaki Pandian,BSP,BSP,OTHERS,M,51,Not Specified,0,0,110000,,,,False,,False,
33325,TENKASI,222,TIRUNELVELI,Dr.Kalai Kathiravan,DMK,DMK,INDIA,M,38,Bachelor's Degree,0,0,4876000,,,,False,,False,
33343,TENKASI,222,TIRUNELVELI,A.Mariappan,IND,IND,NONE,M,41,Bachelor's Degree,0,0,1075000,,,,False,,False,
33339,TENKASI,222,TIRUNELVELI,Durairaj,IND,IND,NONE,M,55,Not Specified,0,0,,,,,False,,False,
33341,TENKASI,222,TIRUNELVELI,G.Poorana Selvan,IND,IND,NONE,M,30,Diploma / ITI,0,0,955000,,,,False,,False,
33334,TENKASI,222,TIRUNELVELI,Ganeshan. S,IND,IND,NONE,M,64,10th Grade (SSLC),0,0,,,,,False,,False,
33335,TENKASI,222,TIRUNELVELI,K.M.Kaliappan,IND,IND,NONE,M,52,5th Grade,0,0,6140000,,,,False,,False,
33344,TENKASI,222,TIRUNELVELI,K.Muthu,IND,IND,NONE,M,28,9th Grade,0,0,25140,,,,False,,False,
33342,TENKASI,222,TIRUNELVELI,M.Ponnudurai,IND,IND,NONE,M,46,Bachelor's Degree,0,0,1013000,,,,False,,False,
33340,TENKASI,222,TIRUNELVELI,P.Noble Krishna,IND,IND,NONE,M,28,12th Grade (HSC / +2),0,0,25000,,,,False,,False,
33336,TENKASI,222,TIRUNELVELI,R.Krishnan,IND,IND,NONE,M,31,Bachelor's Degree,0,0,4897000,,,,False,,False,
33345,TENKASI,222,TIRUNELVELI,R.Ramkumar,IND,IND,NONE,M,28,10th Grade (SSLC),0,0,18000,,,,False,,False,
33338,TENKASI,222,TIRUNELVELI,S.Thangapalam,IND,IND,NONE,M,58,Master's Degree,0,0,65000,,,,False,,False,
33337,TENKASI,222,TIRUNELVELI,Shahul Hameed,IND,IND,NONE,M,25,10th Grade (SSLC),0,0,56200,,,,False,,False,
33332,TENKASI,222,TIRUNELVELI,S.Manogaran,KDC,KDC,,M,69,Not Specified,0,0,1740000,,,,False,,False,
33329,TENKASI,222,TIRUNELVELI,R.Selvakumar,NIP,NIP,,M,45,10th Grade (SSLC),0,0,302000,,,,False,,False,
33327,TENKASI,222,TIRUNELVELI,P.Pushpalatha,NTK,NTK,NTK,F,41,Bachelor's Degree,0,0,5027000,,,,False,,False,
33330,TENKASI,222,TIRUNELVELI,S.Thirumalai Kumar,PT,PT,OTHERS,M,33,12th Grade (HSC / +2),0,0,43000,,,,False,,False,
33328,TENKASI,222,TIRUNELVELI,Gomathi Sankar,TAVK,TAVK,OTHERS,M,26,Not Specified,0,0,25000,,,,False,,False,
33333,TENKASI,222,TIRUNELVELI,A.Rajaprakash,Tamilaga Vettri Kazhagam,TVK,TVK,M,38,Not Specified,0,0,,,,,False,,False,
33348,ALANGULAM,223,TIRUNELVELI,K R P Prabakaran,AIADMK,AIADMK,,M,45,Bachelor's Degree,0,0,,,,,False,,False,
33351,ALANGULAM,223,TIRUNELVELI,Madasamy,AIPTMMK,AIPTMMK,,M,47,10th Grade (SSLC),0,0,2952000,,,,False,,False,
33346,ALANGULAM,223,TIRUNELVELI,Paul Manoj Pandian,DMK,DMK,INDIA,M,54,Not Specified,0,0,,,,,False,,False,
33357,ALANGULAM,223,TIRUNELVELI,Jeyanthi,IND,IND,NONE,F,35,Master's Degree,0,0,2152000,,,,False,,False,
33354,ALANGULAM,223,TIRUNELVELI,K Arunkumar,IND,IND,NONE,M,35,Bachelor's Degree,0,0,3095000,,,,False,,False,
33355,ALANGULAM,223,TIRUNELVELI,R Kotherimohideen,IND,IND,NONE,M,34,Bachelor's Degree,0,0,2455000,,,,False,,False,
33356,ALANGULAM,223,TIRUNELVELI,T Marikumar,IND,IND,NONE,M,30,8th Grade,0,0,286000,,,,False,,False,
33353,ALANGULAM,223,TIRUNELVELI,U Aravind,IND,IND,NONE,M,41,Bachelor's Degree,0,0,824000,,,,False,,False,
33358,ALANGULAM,223,TIRUNELVELI,W Jayson,IND,IND,NONE,M,30,Bachelor's Degree,0,0,4635000,,,,False,,False,
33347,ALANGULAM,223,TIRUNELVELI,R Paulraj,NTK,NTK,NTK,M,38,Not Specified,0,0,16300000,,,,False,,False,
33349,ALANGULAM,223,TIRUNELVELI,A Udhayakumar,PT,PT,OTHERS,M,33,Master's Degree,0,0,1749000,,,,False,,False,
33350,ALANGULAM,223,TIRUNELVELI,A Subash Chandra Bose,TK,TK,,M,27,Diploma / ITI,0,0,62000,,,,False,,False,
33352,ALANGULAM,223,TIRUNELVELI,Vibin Chakkaravarthy,Tamilaga Vettri Kazhagam,TVK,TVK,M,28,Bachelor's Degree,0,0,68000000,,,,False,,False,
33359,TIRUNELVELI,224,TIRUNELVELI,Thachai Ganesaraja,AIADMK,AIADMK,,M,64,10th Grade (SSLC),0,0,114100000,,,,False,,False,
33364,TIRUNELVELI,224,TIRUNELVELI,Kannan. G,AJPK,AJPK,,M,53,Diploma / ITI,0,0,164000,,,,False,,False,
33365,TIRUNELVELI,224,TIRUNELVELI,Selvakumar Singh,BDP,BDP,,M,29,Bachelor's Degree,0,0,156000,,,,False,,False,
33361,TIRUNELVELI,224,TIRUNELVELI,Subramanian.S,DMK,DMK,INDIA,M,50,Master's Degree,0,0,23900000,,,,False,,False,
33370,TIRUNELVELI,224,TIRUNELVELI,Athisaya Pndiyan. V,IND,IND,NONE,M,52,Not Specified,0,0,10500,,,,False,,False,
33371,TIRUNELVELI,224,TIRUNELVELI,Esakkiraja. V,IND,IND,NONE,M,34,Bachelor's Degree,0,0,10800000,,,,False,,False,
33374,TIRUNELVELI,224,TIRUNELVELI,Mugesh Subramanian,IND,IND,NONE,M,32,Diploma / ITI,0,0,198000,,,,False,,False,
33376,TIRUNELVELI,224,TIRUNELVELI,Murugalakshmanan,IND,IND,NONE,M,40,Bachelor's Degree,0,0,283000000,,,,False,,False,
33375,TIRUNELVELI,224,TIRUNELVELI,Murugan.S,IND,IND,NONE,M,41,9th Grade,0,0,21000,,,,False,,False,
33372,TIRUNELVELI,224,TIRUNELVELI,Subramanian. E,IND,IND,NONE,M,29,7th Grade,0,0,21000,,,,False,,False,
33373,TIRUNELVELI,224,TIRUNELVELI,Thalabathi Murugan. M,IND,IND,NONE,M,40,Not Specified,0,0,345000,,,,False,,False,
33377,TIRUNELVELI,224,TIRUNELVELI,Veerabaghu. M,IND,IND,NONE,M,44,12th Grade (HSC / +2),0,0,438000,,,,False,,False,
33378,TIRUNELVELI,224,TIRUNELVELI,Velayutham. P,IND,IND,NONE,M,48,12th Grade (HSC / +2),0,0,639000,,,,False,,False,
33363,TIRUNELVELI,224,TIRUNELVELI,Eswara Vadivu. S,NIP,NIP,,F,46,Bachelor's Degree,0,0,273000,,,,False,,False,
33360,TIRUNELVELI,224,TIRUNELVELI,Sathya. B,NTK,NTK,NTK,F,48,Bachelor's Degree,0,0,14500000,,,,False,,False,
33366,TIRUNELVELI,224,TIRUNELVELI,Chendur Maharajan,PMTDK,PMTDK,,M,37,10th Grade (SSLC),0,0,,,,,False,,False,
33369,TIRUNELVELI,224,TIRUNELVELI,Dr.Shyam Krishnasamy,PT,PT,OTHERS,M,33,Not Specified,0,0,141700000,,,,False,,False,
33362,TIRUNELVELI,224,TIRUNELVELI,Arumugaraj. S,TAVK,TAVK,OTHERS,M,48,Bachelor's Degree,0,0,17000000,,,,False,,False,
33368,TIRUNELVELI,224,TIRUNELVELI,Murugan. P,TPMK,TPMK,,M,44,9th Grade,0,0,1168000,,,,False,,False,
33367,TIRUNELVELI,224,TIRUNELVELI,Murughan.R.S,Tamilaga Vettri Kazhagam,TVK,TVK,M,58,8th Grade,0,0,185200000,,,,False,,False,
33379,AMBASAMUDRAM,225,TIRUNELVELI,Dr.Esakki Subaya,AIADMK,AIADMK,,M,61,Bachelor's Degree,0,0,,,,,False,,False,
33380,AMBASAMUDRAM,225,TIRUNELVELI,R.Esaikannan,BSP,BSP,OTHERS,M,32,Bachelor's Degree,0,0,245000,,,,False,,False,
33382,AMBASAMUDRAM,225,TIRUNELVELI,V.P.Durai,INC,INC,INDIA,M,43,Bachelor's Degree,0,0,5230000,,,,False,,False,
33381,AMBASAMUDRAM,225,TIRUNELVELI,Dr.V.Sivasankaran,NTK,NTK,NTK,M,38,Bachelor's Degree,0,0,5657000,,,,False,,False,
33383,AMBASAMUDRAM,225,TIRUNELVELI,S.Rajagopal,Tamilaga Vettri Kazhagam,TVK,TVK,M,37,Diploma / ITI,0,0,24200000,,,,False,,False,
33386,PALAYAMCOTTAI,226,TIRUNELVELI,Syed Sulthan Samsudeen,AIADMK,AIADMK,,M,34,Bachelor's Degree,0,0,4861000,,,,False,,False,
33384,PALAYAMCOTTAI,226,TIRUNELVELI,M.Abdul Wahab,DMK,DMK,INDIA,M,59,Bachelor's Degree,0,0,3956000,,,,False,,False,
33394,PALAYAMCOTTAI,226,TIRUNELVELI,A.Sudhahar,IND,IND,NONE,M,47,Bachelor's Degree,0,0,209000,,,,False,,False,
33391,PALAYAMCOTTAI,226,TIRUNELVELI,Abdul Koya,IND,IND,NONE,M,42,8th Grade,0,0,718000,,,,False,,False,
33393,PALAYAMCOTTAI,226,TIRUNELVELI,D.Santhiyagappar Antony,IND,IND,NONE,M,28,10th Grade (SSLC),0,0,53000,,,,False,,False,
33392,PALAYAMCOTTAI,226,TIRUNELVELI,Karthick Narayanan S,IND,IND,NONE,M,50,Bachelor's Degree,0,0,13500000,,,,False,,False,
33398,PALAYAMCOTTAI,226,TIRUNELVELI,M.Manikandan,IND,IND,NONE,M,32,5th Grade,0,0,30000,,,,False,,False,
33396,PALAYAMCOTTAI,226,TIRUNELVELI,Nallakkannu Alias Karthic.K,IND,IND,NONE,M,39,Bachelor's Degree,0,0,100000,,,,False,,False,
33397,PALAYAMCOTTAI,226,TIRUNELVELI,Paulraj.V,IND,IND,NONE,M,37,Bachelor's Degree,0,0,16900000,,,,False,,False,
33395,PALAYAMCOTTAI,226,TIRUNELVELI,R.Sesu,IND,IND,NONE,M,33,Diploma / ITI,0,0,2646000,,,,False,,False,
33400,PALAYAMCOTTAI,226,TIRUNELVELI,Srinivash,IND,IND,NONE,M,36,10th Grade (SSLC),0,0,273000,,,,False,,False,
33399,PALAYAMCOTTAI,226,TIRUNELVELI,V.George,IND,IND,NONE,M,60,Bachelor's Degree,0,0,2961000,,,,False,,False,
33389,PALAYAMCOTTAI,226,TIRUNELVELI,S.Thangadurai,NIP,NIP,,M,55,6th Grade,0,0,390000,,,,False,,False,
33385,PALAYAMCOTTAI,226,TIRUNELVELI,Sankara Narayanan Alias Saran,NTK,NTK,NTK,M,28,Bachelor's Degree,0,0,10900000,,,,False,,False,
33387,PALAYAMCOTTAI,226,TIRUNELVELI,Esakkimuthu,PMTDK,PMTDK,,M,36,8th Grade,0,0,552000,,,,False,,False,
33388,PALAYAMCOTTAI,226,TIRUNELVELI,T.A.Umar,TAVK,TAVK,OTHERS,M,52,Not Specified,0,0,4000000,,,,False,,False,
33390,PALAYAMCOTTAI,226,TIRUNELVELI,Maria John,Tamilaga Vettri Kazhagam,TVK,TVK,M,69,8th Grade,0,0,820400000,,,,False,,False,
33411,NANGUNERI,227,TIRUNELVELI,Dr.S.Vellai Durai,AIPTMMK,AIPTMMK,,M,61,Doctorate (Ph.D / MD),0,0,3472000,,,,False,,False,
33404,NANGUNERI,227,TIRUNELVELI,R.Esakkimuthu,AMMK,AMMK,OTHERS,M,39,Bachelor's Degree,0,0,552300000,,,,False,,False,
33403,NANGUNERI,227,TIRUNELVELI,R.Janarthanan,BSP,BSP,OTHERS,M,31,Diploma / ITI,0,0,759000,,,,False,,False,
33402,NANGUNERI,227,TIRUNELVELI,Ruby.R.Manoharan,INC,INC,INDIA,M,66,10th Grade (SSLC),0,0,,,,,False,,False,
33420,NANGUNERI,227,TIRUNELVELI,A.Rani Nadar Alias Pushparani,IND,IND,NONE,F,46,Bachelor's Degree,0,0,1120000,,,,False,,False,
33425,NANGUNERI,227,TIRUNELVELI,Dev.P.Jegadeesan,IND,IND,NONE,M,60,Bachelor's Degree,0,0,57900000,,,,False,,False,
33412,NANGUNERI,227,TIRUNELVELI,M.Aruna,IND,IND,NONE,F,37,8th Grade,0,0,3482000,,,,False,,False,
33415,NANGUNERI,227,TIRUNELVELI,M.Kumar,IND,IND,NONE,M,35,6th Grade,0,0,,,,,False,,False,
33414,NANGUNERI,227,TIRUNELVELI,N.Kalaberumal,IND,IND,NONE,M,49,Master's Degree,0,0,8692000,,,,False,,False,
33419,NANGUNERI,227,TIRUNELVELI,Nallakkannu Alias Karthic.K,IND,IND,NONE,M,39,Bachelor's Degree,0,0,100000,,,,False,,False,
33413,NANGUNERI,227,TIRUNELVELI,R.Ananthi,IND,IND,NONE,F,30,Bachelor's Degree,0,0,716000,,,,False,,False,
33421,NANGUNERI,227,TIRUNELVELI,S.Mariyappan,IND,IND,NONE,M,42,Bachelor's Degree,0,0,131000,,,,False,,False,
33417,NANGUNERI,227,TIRUNELVELI,Shanmugam,IND,IND,NONE,M,32,Diploma / ITI,0,0,11000,,,,False,,False,
33422,NANGUNERI,227,TIRUNELVELI,Sudaroli S.Murugan Yadhav,IND,IND,NONE,M,48,Bachelor's Degree,0,0,8952000,,,,False,,False,
33424,NANGUNERI,227,TIRUNELVELI,T.Lingadurai,IND,IND,NONE,M,41,Master's Degree,0,0,1385000,,,,False,,False,
33423,NANGUNERI,227,TIRUNELVELI,T.Rajkumar,IND,IND,NONE,M,38,10th Grade (SSLC),0,0,573000,,,,False,,False,
33416,NANGUNERI,227,TIRUNELVELI,T.Sankar,IND,IND,NONE,M,40,Not Specified,0,0,7401000,,,,False,,False,
33418,NANGUNERI,227,TIRUNELVELI,Thanithangam,IND,IND,NONE,F,45,Master's Degree,0,0,33100000,,,,False,,False,
33405,NANGUNERI,227,TIRUNELVELI,S.Shunmuga Sundaram,NIP,NIP,,M,39,12th Grade (HSC / +2),0,0,56000,,,,False,,False,
33401,NANGUNERI,227,TIRUNELVELI,S.Selvam,NTK,NTK,NTK,M,44,Bachelor's Degree,0,0,1005000,,,,False,,False,
33408,NANGUNERI,227,TIRUNELVELI,Thulasi Sudalai,PMTDK,PMTDK,,M,32,8th Grade,0,0,1512000,,,,False,,False,
33407,NANGUNERI,227,TIRUNELVELI,Tamilselvi,PT,PT,OTHERS,F,48,Not Specified,0,0,121000,,,,False,,False,
33406,NANGUNERI,227,TIRUNELVELI,Chithirai Selvan,TAVK,TAVK,OTHERS,M,44,Bachelor's Degree,0,0,1193000,,,,False,,False,
33410,NANGUNERI,227,TIRUNELVELI,Krish.Mariappan,TPMK,TPMK,,M,46,9th Grade,0,0,,,,,False,,False,
33409,NANGUNERI,227,TIRUNELVELI,Reddiarpatti V.Narayanan,Tamilaga Vettri Kazhagam,TVK,TVK,M,37,10th Grade (SSLC),0,0,205000,,,,False,,False,
33429,RADHAPURAM,228,TIRUNELVELI,Balakrishnan.S.P,BJP,BJP,NDA,M,58,9th Grade,0,0,244800000,,,,False,,False,
33427,RADHAPURAM,228,TIRUNELVELI,Essakkiammal.E,BSP,BSP,OTHERS,F,46,Master's Degree,0,0,6443000,,,,False,,False,
33426,RADHAPURAM,228,TIRUNELVELI,Appavu.M,DMK,DMK,INDIA,M,74,Diploma / ITI,0,0,8885000,,,,False,,False,
33437,RADHAPURAM,228,TIRUNELVELI,Anand Prasad,IND,IND,NONE,M,32,12th Grade (HSC / +2),0,0,22000,,,,False,,False,
33436,RADHAPURAM,228,TIRUNELVELI,Ananthi.R,IND,IND,NONE,F,30,Bachelor's Degree,0,0,716000,,,,False,,False,
33434,RADHAPURAM,228,TIRUNELVELI,Arunraj,IND,IND,NONE,M,35,Bachelor's Degree,0,0,,,,,False,,False,
33442,RADHAPURAM,228,TIRUNELVELI,Daniel.A,IND,IND,NONE,M,61,9th Grade,0,0,1302000,,,,False,,False,
33448,RADHAPURAM,228,TIRUNELVELI,Jeyaraj.P V S,IND,IND,NONE,M,78,Bachelor's Degree,0,0,11500,,,,False,,False,
33438,RADHAPURAM,228,TIRUNELVELI,Karthick.V,IND,IND,NONE,M,29,Not Specified,0,0,935000,,,,False,,False,
33439,RADHAPURAM,228,TIRUNELVELI,Kingsly Isacc Jebaraj.S,IND,IND,NONE,M,45,10th Grade (SSLC),0,0,2129000,,,,False,,False,
33444,RADHAPURAM,228,TIRUNELVELI,Manikandan.A.I,IND,IND,NONE,M,44,9th Grade,0,0,2953,,,,False,,False,
33446,RADHAPURAM,228,TIRUNELVELI,Manikandan.L,IND,IND,NONE,M,37,Diploma / ITI,0,0,559,,,,False,,False,
33445,RADHAPURAM,228,TIRUNELVELI,Manikandan.S,IND,IND,NONE,M,33,Diploma / ITI,0,0,90000,,,,False,,False,
33435,RADHAPURAM,228,TIRUNELVELI,Oliver Anton Navamoni. S,IND,IND,NONE,M,47,Master's Degree,0,0,,,,,False,,False,
33443,RADHAPURAM,228,TIRUNELVELI,Pon Santhana Kumaran.R,IND,IND,NONE,M,37,Diploma / ITI,0,0,1574000,,,,False,,False,
33447,RADHAPURAM,228,TIRUNELVELI,Rajan.P,IND,IND,NONE,M,43,Bachelor's Degree,0,0,45000,,,,False,,False,
33441,RADHAPURAM,228,TIRUNELVELI,Selvan.T,IND,IND,NONE,M,44,10th Grade (SSLC),0,0,,,,,False,,False,
33440,RADHAPURAM,228,TIRUNELVELI,Sundarajan.S,IND,IND,NONE,M,51,8th Grade,0,0,1452000,,,,False,,False,
33431,RADHAPURAM,228,TIRUNELVELI,Jesurajendran.J,NIP,NIP,,M,52,6th Grade,0,0,1032000,,,,False,,False,
33428,RADHAPURAM,228,TIRUNELVELI,Girija Thamaraipandian.D,NTK,NTK,NTK,F,42,Doctorate (Ph.D / MD),0,0,3877000,,,,False,,False,
33432,RADHAPURAM,228,TIRUNELVELI,Mahalakshmi,PMTDK,PMTDK,,F,36,10th Grade (SSLC),0,0,1444000,,,,False,,False,
33433,RADHAPURAM,228,TIRUNELVELI,Murugan.P,TPMK,TPMK,,M,44,9th Grade,0,0,1264000,,,,False,,False,
33430,RADHAPURAM,228,TIRUNELVELI,Dr.Sathish Christopher,Tamilaga Vettri Kazhagam,TVK,TVK,M,41,Not Specified,0,0,,,,,False,,False,
33449,KANNIYAKUMARI,229,KANNIYAKUMARI,Thalavai Sundaram. N,AIADMK,AIADMK,,M,67,Bachelor's Degree,0,0,20800000,,,,False,,False,
33452,KANNIYAKUMARI,229,KANNIYAKUMARI,Manavai Kannan. M,CPIML Red Star,CPIML RED STAR,,M,39,10th Grade (SSLC),0,0,2086000,,,,False,,False,
33450,KANNIYAKUMARI,229,KANNIYAKUMARI,Mahesh.R,DMK,DMK,INDIA,M,60,Bachelor's Degree,0,0,14800000,,,,False,,False,
33459,KANNIYAKUMARI,229,KANNIYAKUMARI,David Sahaya Bascar,IND,IND,NONE,M,56,10th Grade (SSLC),0,0,691000,,,,False,,False,
33457,KANNIYAKUMARI,229,KANNIYAKUMARI,Kanagaraj.T,IND,IND,NONE,M,67,Bachelor's Degree,0,0,40000,,,,False,,False,
33462,KANNIYAKUMARI,229,KANNIYAKUMARI,Rajan. S,IND,IND,NONE,M,39,Bachelor's Degree,0,0,300000,,,,False,,False,
33461,KANNIYAKUMARI,229,KANNIYAKUMARI,Ramakrishnan.C,IND,IND,NONE,M,53,12th Grade (HSC / +2),0,0,856000,,,,False,,False,
33458,KANNIYAKUMARI,229,KANNIYAKUMARI,Sudhagar.R,IND,IND,NONE,M,43,8th Grade,0,0,12000000,,,,False,,False,
33460,KANNIYAKUMARI,229,KANNIYAKUMARI,Thanuneelan . S,IND,IND,NONE,M,31,12th Grade (HSC / +2),0,0,124000,,,,False,,False,
33453,KANNIYAKUMARI,229,KANNIYAKUMARI,Sivalingam.C,NIP,NIP,,M,32,12th Grade (HSC / +2),0,0,4271000,,,,False,,False,
33451,KANNIYAKUMARI,229,KANNIYAKUMARI,Maria Jennifer,NTK,NTK,NTK,F,44,Master's Degree,0,0,64100000,,,,False,,False,
33455,KANNIYAKUMARI,229,KANNIYAKUMARI,Reagon Anto.J,TAVK,TAVK,OTHERS,M,35,Bachelor's Degree,0,0,6583000,,,,False,,False,
33456,KANNIYAKUMARI,229,KANNIYAKUMARI,Srikrishnakumar.K,TPMK,TPMK,,M,31,Bachelor's Degree,0,0,142000,,,,False,,False,
33454,KANNIYAKUMARI,229,KANNIYAKUMARI,Madhavan.S.R,Tamilaga Vettri Kazhagam,TVK,TVK,M,47,Diploma / ITI,0,0,14700000,,,,False,,False,
33464,NAGERCOIL,230,KANNIYAKUMARI,Gandhi M R,BJP,BJP,NDA,M,81,Not Specified,0,0,526000,,,,False,,False,
33471,NAGERCOIL,230,KANNIYAKUMARI,Vallimayil P,CPIML Red Star,CPIML RED STAR,,F,29,12th Grade (HSC / +2),0,0,2274000,,,,False,,False,
33463,NAGERCOIL,230,KANNIYAKUMARI,Austin,DMK,DMK,INDIA,M,67,Master's Degree,0,0,23800000,,,,False,,False,
33472,NAGERCOIL,230,KANNIYAKUMARI,Ajith Kumar A,IND,IND,NONE,M,33,10th Grade (SSLC),0,0,1500000,,,,False,,False,
33477,NAGERCOIL,230,KANNIYAKUMARI,Dinesh,IND,IND,NONE,M,32,Bachelor's Degree,0,0,1605000,,,,False,,False,
33473,NAGERCOIL,230,KANNIYAKUMARI,Gunasekaran S,IND,IND,NONE,M,50,12th Grade (HSC / +2),0,0,8081000,,,,False,,False,
33479,NAGERCOIL,230,KANNIYAKUMARI,Mohideen Faigee Alias Soorankudy Faigee,IND,IND,NONE,M,60,Master's Degree,0,0,1935000,,,,False,,False,
33478,NAGERCOIL,230,KANNIYAKUMARI,Nagoor Meeran Peer Mohamed U,IND,IND,NONE,M,66,6th Grade,0,0,49500,,,,False,,False,
33480,NAGERCOIL,230,KANNIYAKUMARI,Retna Mony S,IND,IND,NONE,M,72,Diploma / ITI,0,0,600000,,,,False,,False,
33474,NAGERCOIL,230,KANNIYAKUMARI,Sivakumar A,IND,IND,NONE,M,53,12th Grade (HSC / +2),0,0,60000,,,,False,,False,
33475,NAGERCOIL,230,KANNIYAKUMARI,Suyambulingam A,IND,IND,NONE,M,36,8th Grade,0,0,2475,,,,False,,False,
33476,NAGERCOIL,230,KANNIYAKUMARI,Suyambulingam P,IND,IND,NONE,M,34,Master's Degree,0,0,3790,,,,False,,False,
33481,NAGERCOIL,230,KANNIYAKUMARI,Vairam Pillai S,IND,IND,NONE,M,66,5th Grade,0,0,125000,,,,False,,False,
33467,NAGERCOIL,230,KANNIYAKUMARI,Salate Kanagaraj A,NIP,NIP,,M,51,7th Grade,0,0,500000,,,,False,,False,
33468,NAGERCOIL,230,KANNIYAKUMARI,Dino T,NMK,NMK,OTHERS,M,41,Master's Degree,0,0,100000,,,,False,,False,
33465,NAGERCOIL,230,KANNIYAKUMARI,Muthukumar M,NTK,NTK,NTK,M,38,Diploma / ITI,0,0,3402000,,,,False,,False,
33482,NAGERCOIL,230,KANNIYAKUMARI,Jebarson S,TAVK,TAVK,OTHERS,M,30,12th Grade (HSC / +2),0,0,1001000,,,,False,,False,
33469,NAGERCOIL,230,KANNIYAKUMARI,Nagarajan L,TPMK,TPMK,,M,42,4th Grade,0,0,6000,,,,False,,False,
33470,NAGERCOIL,230,KANNIYAKUMARI,Bervin Kings G,Tamilaga Vettri Kazhagam,TVK,TVK,M,39,Master's Degree,0,0,19400000,,,,False,,False,
33466,NAGERCOIL,230,KANNIYAKUMARI,Antony Michael J,VKVIP,VKVIP,,M,64,Bachelor's Degree,0,0,15900000,,,,False,,False,
33489,COLACHEL,231,KANNIYAKUMARI,Christ Miller. S,AIPTMMK,AIPTMMK,,M,61,Master's Degree,0,0,2498000,,,,False,,False,
33484,COLACHEL,231,KANNIYAKUMARI,Sivakumar. T,BJP,BJP,NDA,M,51,Bachelor's Degree,0,0,5285000,,,,False,,False,
33486,COLACHEL,231,KANNIYAKUMARI,Rajasingh. C,BSP,BSP,OTHERS,M,56,Bachelor's Degree,0,0,126000,,,,False,,False,
33487,COLACHEL,231,KANNIYAKUMARI,Anthony Muthu. S.M,CPI(ML),CPI(ML),,M,61,Master's Degree,0,0,101000,,,,False,,False,
33485,COLACHEL,231,KANNIYAKUMARI,Tharahai Cuthbert,INC,INC,INDIA,F,51,Doctorate (Ph.D / MD),0,0,,,,,False,,False,
33493,COLACHEL,231,KANNIYAKUMARI,Antony Alankaram. K,IND,IND,NONE,M,65,5th Grade,0,0,70831,,,,False,,False,
33494,COLACHEL,231,KANNIYAKUMARI,Saravanan. M,IND,IND,NONE,M,47,10th Grade (SSLC),0,0,2020000,,,,False,,False,
33495,COLACHEL,231,KANNIYAKUMARI,Selvaraj. M,IND,IND,NONE,M,55,8th Grade,0,0,99000,,,,False,,False,
33490,COLACHEL,231,KANNIYAKUMARI,Koil Raj. R,NIP,NIP,,M,34,10th Grade (SSLC),0,0,2000000,,,,False,,False,
33483,COLACHEL,231,KANNIYAKUMARI,Ancy Shoba Rani. L,NTK,NTK,NTK,F,38,Master's Degree,0,0,18200000,,,,False,,False,
33492,COLACHEL,231,KANNIYAKUMARI,Murali. M,TAVK,TAVK,OTHERS,M,55,Bachelor's Degree,0,0,5013000,,,,False,,False,
33488,COLACHEL,231,KANNIYAKUMARI,Ganesh. N,TPMK,TPMK,,M,41,Master's Degree,0,0,736000,,,,False,,False,
33491,COLACHEL,231,KANNIYAKUMARI,Prem Alex Lawrence,Tamilaga Vettri Kazhagam,TVK,TVK,M,42,Doctorate (Ph.D / MD),0,0,135100000,,,,False,,False,
33498,PADMANABHAPURAM,232,KANNIYAKUMARI,Ramesh. P,BJP,BJP,NDA,M,60,Master's Degree,0,0,13000000,,,,False,,False,
33497,PADMANABHAPURAM,232,KANNIYAKUMARI,Chellaswamy. R,CPI(M),CPI(M),,M,65,Bachelor's Degree,0,0,1129000,,,,False,,False,
33503,PADMANABHAPURAM,232,KANNIYAKUMARI,Arul Mani. H,IND,IND,NONE,M,46,8th Grade,0,0,671000,,,,False,,False,
33504,PADMANABHAPURAM,232,KANNIYAKUMARI,Dr. Krishna Prasad. B,IND,IND,NONE,M,55,Not Specified,0,0,13200000,,,,False,,False,
33505,PADMANABHAPURAM,232,KANNIYAKUMARI,Durai Raj. S,IND,IND,NONE,M,50,Bachelor's Degree,0,0,1285000,,,,False,,False,
33506,PADMANABHAPURAM,232,KANNIYAKUMARI,Vasanthi. R,IND,IND,NONE,F,42,Bachelor's Degree,0,0,7206000,,,,False,,False,
33496,PADMANABHAPURAM,232,KANNIYAKUMARI,Seelan,NTK,NTK,NTK,M,40,Bachelor's Degree,0,0,,,,,False,,False,
33500,PADMANABHAPURAM,232,KANNIYAKUMARI,Syedali. A,OMNP,OMNP,,M,51,12th Grade (HSC / +2),0,0,8164000,,,,False,,False,
33502,PADMANABHAPURAM,232,KANNIYAKUMARI,Vaikundamani. N,TAVK,TAVK,OTHERS,M,40,6th Grade,0,0,218000,,,,False,,False,
33501,PADMANABHAPURAM,232,KANNIYAKUMARI,Rakesh Kumar. M,TPMK,TPMK,,M,30,Diploma / ITI,0,0,115000,,,,False,,False,
33499,PADMANABHAPURAM,232,KANNIYAKUMARI,Krishna Kumar. S,Tamilaga Vettri Kazhagam,TVK,TVK,M,33,Diploma / ITI,0,0,2554000,,,,False,,False,
33512,VILAVANCODE,233,KANNIYAKUMARI,Mohan Kumar M,AIJMK,AIJMK,OTHERS,M,62,5th Grade,0,0,,,,,False,,False,
33509,VILAVANCODE,233,KANNIYAKUMARI,Vijayadharani S,BJP,BJP,NDA,F,56,Bachelor's Degree,0,0,224200000,,,,False,,False,
33507,VILAVANCODE,233,KANNIYAKUMARI,Praveen T.T,INC,INC,INDIA,M,47,Master's Degree,0,0,464400000,,,,False,,False,
33516,VILAVANCODE,233,KANNIYAKUMARI,David T,IND,IND,NONE,M,72,Master's Degree,0,0,889000,,,,False,,False,
33519,VILAVANCODE,233,KANNIYAKUMARI,Joselal L.V,IND,IND,NONE,M,45,Master's Degree,0,0,5790000,,,,False,,False,
33515,VILAVANCODE,233,KANNIYAKUMARI,Krishnan M,IND,IND,NONE,M,40,10th Grade (SSLC),0,0,861000,,,,False,,False,
33518,VILAVANCODE,233,KANNIYAKUMARI,Muruganandha Prasad T,IND,IND,NONE,M,52,6th Grade,0,0,1210000,,,,False,,False,
33517,VILAVANCODE,233,KANNIYAKUMARI,Praveen Kumar,IND,IND,NONE,M,44,Not Specified,0,0,,,,,False,,False,
33520,VILAVANCODE,233,KANNIYAKUMARI,Shibu Amose,IND,IND,NONE,M,41,12th Grade (HSC / +2),0,0,1335000,,,,False,,False,
33508,VILAVANCODE,233,KANNIYAKUMARI,Maria Stella,NTK,NTK,NTK,F,44,Master's Degree,0,0,13521,,,,False,,False,
33514,VILAVANCODE,233,KANNIYAKUMARI,John Christopher T,RJD,RJD,OTHERS,M,56,Master's Degree,0,0,360000,,,,False,,False,
33513,VILAVANCODE,233,KANNIYAKUMARI,Venkadeasan. K,TPMK,TPMK,,M,61,9th Grade,0,0,50000,,,,False,,False,
33511,VILAVANCODE,233,KANNIYAKUMARI,Michael Kumar K,Tamilaga Vettri Kazhagam,TVK,TVK,M,57,Master's Degree,0,0,17700000,,,,False,,False,
33510,VILAVANCODE,233,KANNIYAKUMARI,Baiju T,VKVIP,VKVIP,,M,40,Diploma / ITI,0,0,2200000,,,,False,,False,
33521,KILLIYOOR,234,KANNIYAKUMARI,Nivin Simon. J,BJP,BJP,NDA,M,38,Doctorate (Ph.D / MD),0,0,25900000,,,,False,,False,
33527,KILLIYOOR,234,KANNIYAKUMARI,Justin. T,ICF,ICF,OTHERS,M,70,8th Grade,0,0,390000,,,,False,,False,
33522,KILLIYOOR,234,KANNIYAKUMARI,Rajesh Kumar. S,INC,INC,INDIA,M,51,Not Specified,0,0,,,,,False,,False,
33530,KILLIYOOR,234,KANNIYAKUMARI,Ajai (Alias) Nagarajan,IND,IND,NONE,M,37,Diploma / ITI,0,0,3720000,,,,False,,False,
33532,KILLIYOOR,234,KANNIYAKUMARI,Baby Raj. P,IND,IND,NONE,M,54,10th Grade (SSLC),0,0,40445,,,,False,,False,
33531,KILLIYOOR,234,KANNIYAKUMARI,Berrila. L,IND,IND,NONE,M,38,Bachelor's Degree,0,0,2000000,,,,False,,False,
33528,KILLIYOOR,234,KANNIYAKUMARI,Dr. Ramachandran. M,IND,IND,NONE,M,60,Bachelor's Degree,0,0,,,,,False,,False,
33533,KILLIYOOR,234,KANNIYAKUMARI,Justin. M,IND,IND,NONE,M,42,Bachelor's Degree,0,0,60000,,,,False,,False,
33529,KILLIYOOR,234,KANNIYAKUMARI,Satheesh. S,IND,IND,NONE,M,51,5th Grade,0,0,58000,,,,False,,False,
33523,KILLIYOOR,234,KANNIYAKUMARI,Himlar,NTK,NTK,NTK,M,32,Bachelor's Degree,0,0,451000,,,,False,,False,
33526,KILLIYOOR,234,KANNIYAKUMARI,Rubin Antony,TAVK,TAVK,OTHERS,M,30,Diploma / ITI,0,0,,,,,False,,False,
33525,KILLIYOOR,234,KANNIYAKUMARI,Prabhu. S,TPMK,TPMK,,M,44,12th Grade (HSC / +2),0,0,70000,,,,False,,False,
33524,KILLIYOOR,234,KANNIYAKUMARI,Sabin. S,Tamilaga Vettri Kazhagam,TVK,TVK,M,32,10th Grade (SSLC),0,0,,,,,False,,False,
